id,partName,numofPart,currentnumofPart,timestampHour,timestampDate,deltaTime,kensainName,detected_pitch,delta_pitch,total_length,status,NGreason,ClipInsertionMachine,PPMS,resultpitch
1870973,658207UA0A,"[1205, 1]","[125, 1]",14:09:23,20260417,0.0,10821,"[15.4, 75.0, 88.0, 116.5, 15.5, 310.4]","[1, 1, 1, 1]",0.0,OK,,,None,"[1, 1, 1, 1, 1, 1]"
1870972,658207UA0A,"[1204, 1]","[124, 1]",14:09:18,20260417,0.0,10821,"[15.9, 74.8, 88.1, 117.1, 15.4, 311.4]","[1, 1, 1, 1]",0.0,OK,,,None,"[1, 1, 1, 1, 1, 1]"
1870971,658207UA0A,"[1203, 1]","[123, 1]",14:09:13,20260417,0.0,10821,"[15.2, 74.5, 88.3, 117.0, 15.3, 310.2]","[1, 1, 1, 1]",0.0,OK,,,None,"[1, 1, 1, 1, 1, 1]"
1870969,658207UA0A,"[1202, 1]","[122, 1]",14:09:08,20260417,0.0,10821,"[15.7, 75.3, 87.5, 117.8, 15.3, 311.5]","[1, 1, 1, 1]",0.0,OK,,,None,"[1, 1, 1, 1, 1, 1]"
1870970,82832W080PKENGEN,"[679, 0]","[54, 0]",14:09:07,20260417,0.0,None,"[27.6, 36.8, 37.9, 51.9, 61.2, 78.3, 98.1, 97.8, 86.8, 83.7, 13.8]",None,0.0,OK,None,,Null,"[1, 1, 1, 1, 1, 1, 1, 1, 1, 1, 1]"
1870968,658207UA0A,"[1201, 1]","[121, 1]",14:09:02,20260417,0.0,10821,"[15.8, 75.3, 87.7, 117.3, 15.2, 311.2]","[1, 1, 1, 1]",0.0,OK,,,None,"[1, 1, 1, 1, 1, 1]"
1870967,808387UA0A,"[295, 8]","[209, 1]",14:08:56,20260417,0.0,10819,None,None,0.0,NOPART,None,,None,None
1870966,808387UA0A,"[295, 8]","[209, 1]",14:08:55,20260417,0.0,10819,"[14.6, 122.2, 121.8, 81.0, 81.6, 122.4, 123.4, 15.8, 35.5, 40.1]",None,0.0,OK,,,None,"[1, 1, 1, 1, 1, 1, 1, 1, 1, 1]"
1870965,808387UA0A,"[295, 8]","[209, 1]",14:08:55,20260417,0.0,10819,None,None,0.0,NOPART,None,,None,None
1870964,808387UA0A,"[295, 8]","[209, 1]",14:08:55,20260417,0.0,10819,None,None,0.0,NOPART,None,,None,None
1870963,808387UA0A,"[295, 8]","[209, 1]",14:08:55,20260417,0.0,10819,None,None,0.0,NOPART,None,,None,None
1870962,808387UA0A,"[294, 8]","[208, 1]",14:08:53,20260417,0.0,10819,MANUAL,MANUAL,0.0,MANUAL,MANUAL,,MANUAL,MANUAL
1870961,82832W080PKENGEN,"[678, 0]","[53, 0]",14:08:49,20260417,0.0,None,"[27.6, 37.1, 38.4, 52.3, 61.4, 78.1, 98.3, 98.1, 86.9, 84.2, 12.5]",None,0.0,OK,None,,Null,"[1, 1, 1, 1, 1, 1, 1, 1, 1, 1, 1]"
1870960,82832W080PKENGEN,"[677, 0]","[52, 0]",14:08:18,20260417,0.0,None,"[27.5, 36.9, 37.7, 52.1, 61.4, 78.5, 98.4, 98.0, 86.8, 84.2, 13.8]",None,0.0,OK,None,,Null,"[1, 1, 1, 1, 1, 1, 1, 1, 1, 1, 1]"
1870959,82832W080PKENGEN,"[676, 0]","[51, 0]",14:08:01,20260417,0.0,None,"[27.6, 36.9, 38.2, 52.1, 61.0, 78.1, 98.1, 98.6, 86.8, 84.5, 13.9]",None,0.0,OK,None,,Null,"[1, 1, 1, 1, 1, 1, 1, 1, 1, 1, 1]"
1870958,82832W080PKENGEN,"[675, 0]","[50, 0]",14:07:39,20260417,0.0,None,"[27.8, 36.8, 38.2, 51.8, 61.7, 78.1, 98.1, 98.1, 86.6, 83.8, 13.4]",None,0.0,OK,None,,Null,"[1, 1, 1, 1, 1, 1, 1, 1, 1, 1, 1]"
1870957,82832W080PKENGEN,"[674, 0]","[49, 0]",14:07:22,20260417,0.0,None,"[28.0, 36.9, 38.2, 51.8, 61.7, 78.6, 98.3, 98.3, 86.8, 84.5, 13.4]",None,0.0,OK,None,,Null,"[1, 1, 1, 1, 1, 1, 1, 1, 1, 1, 1]"
1870956,8462284S00,"[1373, 13]","[21, 1]",14:07:19,20260417,0.0,10823,"[12.4, 127.4, 128.1, 127.5, 128.4, 128.6, 127.6, 12.8, 792.7]",None,0.0,OK,None,7,00024533,"[1, 1, 1, 1, 1, 1, 1, 1, 1]"
1870955,808387UA0A,"[294, 9]","[208, 2]",14:07:19,20260417,0.0,10819,"[14.6, 122.2, 122.0, 80.8, 79.8, 123.6, 123.2, 16.8, 36.7, 44.5]",None,0.0,NG,CLIP PITCH NG,,None,"[1, 1, 1, 1, 1, 1, 1, 1, 1, 0]"
1870954,808387UA0A,"[294, 9]","[208, 2]",14:07:19,20260417,0.0,10819,"[15.4, 122.0, 121.6, 80.2, 80.6, 122.4, 123.4, 15.8, 36.6, 40.9]",None,0.0,OK,,,None,"[1, 1, 1, 1, 1, 1, 1, 1, 1, 1]"
1870953,808387UA0A,"[294, 9]","[208, 2]",14:07:19,20260417,0.0,10819,"[15.2, 122.4, 121.6, 80.4, 79.8, 123.6, 123.2, 16.0, 36.8, 40.7]",None,0.0,OK,,,None,"[1, 1, 1, 1, 1, 1, 1, 1, 1, 1]"
1870952,808387UA0A,"[294, 9]","[208, 2]",14:07:19,20260417,0.0,10819,"[15.0, 122.6, 122.0, 80.4, 80.6, 123.0, 123.4, 15.6, 36.7, 40.7]",None,0.0,OK,,,None,"[1, 1, 1, 1, 1, 1, 1, 1, 1, 1]"
1870951,808387UA0A,"[294, 9]","[208, 2]",14:07:19,20260417,0.0,10819,"[15.4, 122.2, 121.4, 80.6, 79.8, 123.0, 123.4, 16.0, 37.2, 40.9]",None,0.0,OK,,,None,"[1, 1, 1, 1, 1, 1, 1, 1, 1, 1]"
1870950,82832W080PKENGEN,"[673, 0]","[48, 0]",14:07:01,20260417,0.0,None,"[27.8, 36.6, 38.2, 51.9, 61.0, 78.6, 98.6, 98.1, 86.8, 84.5, 13.8]",None,0.0,OK,None,,Null,"[1, 1, 1, 1, 1, 1, 1, 1, 1, 1, 1]"
1870949,82832W080PKENGEN,"[672, 0]","[47, 0]",14:06:18,20260417,0.0,None,"[28.0, 36.8, 37.9, 51.9, 61.4, 78.1, 98.3, 98.6, 87.1, 84.9, 13.8]",None,0.0,OK,None,,Null,"[1, 1, 1, 1, 1, 1, 1, 1, 1, 1, 1]"
1870948,82832W080PKENGEN,"[671, 0]","[46, 0]",14:06:00,20260417,0.0,None,"[28.0, 36.6, 38.0, 51.9, 60.9, 78.5, 98.1, 98.0, 86.8, 84.9, 13.6]",None,0.0,OK,None,,Null,"[1, 1, 1, 1, 1, 1, 1, 1, 1, 1, 1]"
1870947,658207UA0A,"[1200, 1]","[120, 1]",14:05:43,20260417,0.0,10821,"[15.7, 74.5, 88.3, 117.1, 15.3, 310.9]","[1, 1, 1, 1]",0.0,OK,,,None,"[1, 1, 1, 1, 1, 1]"
1870946,82832W080PKENGEN,"[670, 0]","[45, 0]",14:05:40,20260417,0.0,None,"[27.5, 36.9, 38.2, 51.8, 61.0, 78.1, 98.3, 97.8, 87.1, 84.5, 13.8]",None,0.0,OK,None,,Null,"[1, 1, 1, 1, 1, 1, 1, 1, 1, 1, 1]"
1870945,658207UA0A,"[1199, 1]","[119, 1]",14:05:37,20260417,0.0,10821,"[15.8, 74.5, 88.1, 117.3, 15.3, 311.0]","[1, 1, 1, 1]",0.0,OK,,,None,"[1, 1, 1, 1, 1, 1]"
1870944,8462284S00,"[1372, 13]","[20, 1]",14:05:35,20260417,0.0,10823,"[12.2, 127.4, 127.6, 128.6, 128.1, 128.2, 127.1, 12.3, 791.6]",None,0.0,OK,None,7,00024533,"[1, 1, 1, 1, 1, 1, 1, 1, 1]"
1870943,658207UA0A,"[1198, 1]","[118, 1]",14:05:31,20260417,0.0,10821,"[15.1, 74.7, 87.8, 116.7, 16.2, 310.4]","[1, 1, 1, 1]",0.0,OK,,,None,"[1, 1, 1, 1, 1, 1]"
1870942,658207UA0A,"[1197, 1]","[117, 1]",14:05:27,20260417,0.0,10821,"[15.3, 75.3, 87.8, 117.3, 15.0, 310.8]","[1, 1, 1, 1]",0.0,OK,,,None,"[1, 1, 1, 1, 1, 1]"
1870940,658207UA0A,"[1196, 1]","[116, 1]",14:05:22,20260417,0.0,10821,"[15.8, 74.5, 87.8, 117.5, 15.6, 311.1]","[1, 1, 1, 1]",0.0,OK,,,None,"[1, 1, 1, 1, 1, 1]"
1870941,82832W080PKENGEN,"[669, 0]","[44, 0]",14:05:21,20260417,0.0,None,"[28.0, 36.9, 38.4, 52.1, 61.4, 78.3, 98.6, 98.6, 87.1, 84.1, 13.8]",None,0.0,OK,None,,Null,"[1, 1, 1, 1, 1, 1, 1, 1, 1, 1, 1]"
1870939,658207UA0A,"[1195, 1]","[115, 1]",14:05:17,20260417,0.0,10821,"[16.1, 74.3, 88.1, 117.3, 15.2, 311.0]","[1, 1, 1, 1]",0.0,OK,,,None,"[1, 1, 1, 1, 1, 1]"
1870938,8462284S00,"[1371, 13]","[19, 1]",14:05:15,20260417,0.0,10823,"[12.4, 127.6, 127.8, 128.4, 128.6, 128.6, 127.1, 12.8, 793.2]",None,0.0,OK,None,7,00024533,"[1, 1, 1, 1, 1, 1, 1, 1, 1]"
1870937,658207UA0A,"[1194, 1]","[114, 1]",14:05:11,20260417,0.0,10821,"[16.1, 74.5, 88.1, 117.1, 15.2, 311.0]","[1, 1, 1, 1]",0.0,OK,,,None,"[1, 1, 1, 1, 1, 1]"
1870936,8462284S00,"[1370, 13]","[18, 1]",14:05:09,20260417,0.0,10823,"[0, 0, 0, 0, 0, 0, 0, 0, 0]",None,0.0,NG,NUMBER OF CLIP MISMATCH,7,00024533,"[0, 0, 0, 0, 0, 0, 0, 0, 0]"
1870935,658207UA0A,"[1193, 1]","[113, 1]",14:05:06,20260417,0.0,10821,"[15.3, 74.3, 88.6, 117.5, 14.8, 310.5]","[1, 1, 1, 1]",0.0,OK,,,None,"[1, 1, 1, 1, 1, 1]"
1870934,658207UA0A,"[1192, 1]","[112, 1]",14:05:01,20260417,0.0,10821,"[14.4, 74.3, 87.7, 116.7, 16.1, 309.2]","[1, 1, 1, 1]",0.0,OK,,,None,"[1, 1, 1, 1, 1, 1]"
1870933,82832W080PKENGEN,"[668, 0]","[43, 0]",14:04:58,20260417,0.0,None,"[27.5, 36.4, 38.2, 51.9, 61.4, 78.6, 98.1, 98.0, 87.4, 84.7, 13.6]",None,0.0,OK,None,,Null,"[1, 1, 1, 1, 1, 1, 1, 1, 1, 1, 1]"
1870932,8462284S00,"[1370, 12]","[18, 0]",14:04:57,20260417,0.0,10823,"[12.6, 127.6, 128.1, 128.1, 128.5, 128.2, 127.6, 12.8, 793.5]",None,0.0,OK,None,7,00024533,"[1, 1, 1, 1, 1, 1, 1, 1, 1]"
1870931,658207UA0A,"[1191, 1]","[111, 1]",14:04:56,20260417,0.0,10821,"[15.8, 74.7, 88.4, 117.1, 14.5, 310.6]","[1, 1, 1, 1]",0.0,OK,,,None,"[1, 1, 1, 1, 1, 1]"
1870930,658207UA0A,"[1190, 1]","[110, 1]",14:04:51,20260417,0.0,10821,"[15.4, 74.3, 88.3, 117.4, 15.0, 310.5]","[1, 1, 1, 1]",0.0,OK,,,None,"[1, 1, 1, 1, 1, 1]"
1870929,658207UA0A,"[1189, 1]","[109, 1]",14:04:47,20260417,0.0,10821,"[16.0, 74.0, 87.8, 117.1, 15.8, 310.8]","[1, 1, 1, 1]",0.0,OK,,,None,"[1, 1, 1, 1, 1, 1]"
1870928,658207UA0A,"[1188, 1]","[108, 1]",14:04:42,20260417,0.0,10821,"[15.8, 74.7, 88.1, 117.3, 15.4, 311.3]","[1, 1, 1, 1]",0.0,OK,,,None,"[1, 1, 1, 1, 1, 1]"
1870927,82832W080PKENGEN,"[667, 0]","[42, 0]",14:04:39,20260417,0.0,None,"[27.8, 37.1, 38.2, 51.5, 61.4, 78.6, 98.0, 98.1, 86.6, 84.5, 13.6]",None,0.0,OK,None,,Null,"[1, 1, 1, 1, 1, 1, 1, 1, 1, 1, 1]"
1870926,658207UA0A,"[1187, 1]","[107, 1]",14:04:37,20260417,0.0,10821,"[15.2, 74.3, 88.0, 117.5, 15.3, 310.3]","[1, 1, 1, 1]",0.0,OK,,,None,"[1, 1, 1, 1, 1, 1]"
1870925,8462284S00,"[1369, 12]","[17, 0]",14:04:34,20260417,0.0,10823,"[12.3, 127.8, 127.8, 128.7, 128.4, 128.4, 127.4, 12.9, 793.7]",None,0.0,OK,None,7,00024533,"[1, 1, 1, 1, 1, 1, 1, 1, 1]"
1870924,658207UA0A,"[1186, 1]","[106, 1]",14:04:33,20260417,0.0,10821,"[15.7, 74.7, 87.7, 117.6, 15.8, 311.4]","[1, 1, 1, 1]",0.0,OK,,,None,"[1, 1, 1, 1, 1, 1]"
1870923,658207UA0A,"[1185, 1]","[105, 1]",14:04:29,20260417,0.0,10821,MANUAL,MANUAL,0.0,MANUAL,MANUAL,,Null,MANUAL
1870922,658207UA0A,"[1185, 2]","[105, 2]",14:04:27,20260417,0.0,10821,"[15.7, 74.7, 88.1, 117.9, 15.5, 311.9]","[1, 1, 1, 1]",0.0,OK,,,None,"[1, 1, 1, 1, 1, 1]"
1870921,658207UA0A,"[1184, 2]","[104, 2]",14:04:23,20260417,0.0,10821,"[0, 0, 0, 0, 0, 0]",[],0.0,NG,PART IS NOT FOUND,,None,"[0, 0, 0, 0, 0, 0]"
1870920,658207UA0A,"[1184, 1]","[104, 1]",14:04:19,20260417,0.0,10821,"[15.8, 74.5, 88.0, 117.0, 15.4, 310.6]","[1, 1, 1, 1]",0.0,OK,,,None,"[1, 1, 1, 1, 1, 1]"
1870919,658207UA0A,"[1183, 1]","[103, 1]",14:04:13,20260417,0.0,10821,"[15.3, 75.1, 87.7, 117.6, 15.3, 310.9]","[1, 1, 1, 1]",0.0,OK,,,None,"[1, 1, 1, 1, 1, 1]"
1870918,808397UA0A,"[293, 8]","[221, 4]",14:04:09,20260417,0.0,10819,"[15.2, 123.6, 122.0, 80.6, 81.4, 122.0, 123.8, 13.8, 37.5, 40.1]",None,0.0,OK,,,None,"[1, 1, 1, 1, 1, 1, 1, 1, 1, 1]"
1870917,808397UA0A,"[293, 8]","[221, 4]",14:04:09,20260417,0.0,10819,"[15.2, 123.6, 122.4, 80.4, 80.8, 122.0, 123.2, 14.0, 36.9, 40.7]",None,0.0,OK,,,None,"[1, 1, 1, 1, 1, 1, 1, 1, 1, 1]"
1870916,808397UA0A,"[293, 8]","[221, 4]",14:04:09,20260417,0.0,10819,"[15.2, 123.4, 122.0, 81.2, 80.8, 122.4, 123.6, 14.4, 36.1, 40.9]",None,0.0,OK,,,None,"[1, 1, 1, 1, 1, 1, 1, 1, 1, 1]"
1870914,808397UA0A,"[293, 8]","[221, 4]",14:04:09,20260417,0.0,10819,"[15.0, 123.4, 123.8, 80.4, 80.8, 122.6, 123.6, 14.4, 37.0, 41.3]",None,0.0,OK,,,None,"[1, 1, 1, 1, 1, 1, 1, 1, 1, 1]"
1870913,808397UA0A,"[293, 8]","[221, 4]",14:04:09,20260417,0.0,10819,"[14.4, 124.0, 123.4, 81.0, 81.0, 122.2, 124.2, 14.2, 36.9, 41.1]",None,0.0,OK,,,None,"[1, 1, 1, 1, 1, 1, 1, 1, 1, 1]"
1870915,658207UA0A,"[1182, 1]","[102, 1]",14:04:08,20260417,0.0,10821,"[15.1, 74.5, 88.0, 117.0, 15.8, 310.4]","[1, 1, 1, 1]",0.0,OK,,,None,"[1, 1, 1, 1, 1, 1]"
1870912,658207UA0A,"[1181, 1]","[101, 1]",14:04:04,20260417,0.0,10821,"[16.0, 74.3, 88.0, 117.8, 15.1, 311.2]","[1, 1, 1, 1]",0.0,OK,,,None,"[1, 1, 1, 1, 1, 1]"
1870911,82832W080PKENGEN,"[666, 0]","[41, 0]",14:04:00,20260417,0.0,None,"[28.1, 37.1, 38.2, 52.3, 61.5, 78.3, 98.8, 98.1, 86.8, 84.2, 13.8]",None,0.0,OK,None,,Null,"[1, 1, 1, 1, 1, 1, 1, 1, 1, 1, 1]"
1870910,8462284S00,"[1368, 12]","[16, 0]",14:03:56,20260417,0.0,10823,"[12.2, 127.5, 127.9, 128.7, 126.6, 128.4, 127.3, 12.7, 791.3]",None,0.0,OK,None,7,00024533,"[1, 1, 1, 1, 1, 1, 1, 1, 1]"
1870909,8462284S00,"[1367, 12]","[15, 0]",14:03:34,20260417,0.0,10823,"[12.0, 127.8, 128.4, 128.7, 128.1, 128.4, 127.4, 12.8, 793.5]",None,0.0,OK,None,7,00024533,"[1, 1, 1, 1, 1, 1, 1, 1, 1]"
1870908,8462284S00,"[1366, 12]","[14, 0]",14:03:21,20260417,0.0,10823,"[12.7, 127.6, 128.4, 128.4, 128.6, 128.2, 127.6, 12.1, 793.6]",None,0.0,OK,None,7,00024533,"[1, 1, 1, 1, 1, 1, 1, 1, 1]"
1870907,82832W080PKENGEN,"[665, 0]","[40, 0]",14:02:53,20260417,0.0,None,"[27.3, 36.8, 37.9, 51.8, 61.2, 78.6, 98.1, 98.1, 87.1, 84.4, 13.6]",None,0.0,OK,None,,Null,"[1, 1, 1, 1, 1, 1, 1, 1, 1, 1, 1]"
1870906,8462284S00,"[1365, 12]","[13, 0]",14:02:51,20260417,0.0,10823,"[12.1, 127.6, 127.9, 128.4, 128.2, 128.4, 127.1, 12.6, 792.3]",None,0.0,OK,None,7,00024533,"[1, 1, 1, 1, 1, 1, 1, 1, 1]"
1870905,658207UA0A,"[1180, 1]","[100, 1]",14:02:45,20260417,0.0,10821,"[15.5, 74.8, 88.1, 117.6, 14.7, 310.8]","[1, 1, 1, 1]",0.0,OK,,,None,"[1, 1, 1, 1, 1, 1]"
1870904,658207UA0A,"[1179, 1]","[99, 1]",14:02:40,20260417,0.0,10821,"[15.4, 74.5, 88.0, 117.0, 14.4, 309.3]","[1, 1, 1, 1]",0.0,OK,,,None,"[1, 1, 1, 1, 1, 1]"
1870903,658207UA0A,"[1178, 1]","[98, 1]",14:02:35,20260417,0.0,10821,"[15.6, 74.8, 88.0, 116.7, 14.9, 309.9]","[1, 1, 1, 1]",0.0,OK,,,None,"[1, 1, 1, 1, 1, 1]"
1870902,8462284S00,"[1364, 12]","[12, 0]",14:02:33,20260417,0.0,10823,"[12.0, 127.9, 128.1, 127.9, 128.5, 128.7, 127.5, 13.0, 793.6]",None,0.0,OK,None,7,00024533,"[1, 1, 1, 1, 1, 1, 1, 1, 1]"
1870901,658207UA0A,"[1177, 1]","[97, 1]",14:02:29,20260417,0.0,10821,"[16.0, 74.3, 88.1, 117.5, 15.2, 311.1]","[1, 1, 1, 1]",0.0,OK,,,None,"[1, 1, 1, 1, 1, 1]"
1870900,658207UA0A,"[1176, 1]","[96, 1]",14:02:26,20260417,0.0,10821,"[0, 0, 0, 0, 0, 0]","[0, 0, 0, 0]",0.0,NG,HOLE NOT FACING RIGHT DIRECTION,,None,"[0, 0, 0, 0, 0, 0]"
1870899,658207UA0A,"[1176, 0]","[96, 0]",14:02:22,20260417,0.0,10821,"[15.6, 74.7, 88.0, 117.3, 15.3, 310.8]","[1, 1, 1, 1]",0.0,OK,,,None,"[1, 1, 1, 1, 1, 1]"
1870898,658207UA0A,"[1175, 0]","[95, 0]",14:02:17,20260417,0.0,10821,"[15.6, 74.3, 88.1, 117.1, 15.1, 310.4]","[1, 1, 1, 1]",0.0,OK,,,None,"[1, 1, 1, 1, 1, 1]"
1870897,658207UA0A,"[1174, 0]","[94, 0]",14:02:13,20260417,0.0,10821,MANUAL,MANUAL,0.0,MANUAL,MANUAL,,Null,MANUAL
1870896,658207UA0A,"[1174, 1]","[94, 1]",14:02:11,20260417,0.0,10821,"[15.7, 74.5, 87.7, 117.6, 15.5, 310.9]","[1, 1, 1, 1]",0.0,OK,,,None,"[1, 1, 1, 1, 1, 1]"
1870895,658207UA0A,"[1173, 1]","[93, 1]",14:02:07,20260417,0.0,10821,"[0, 0, 0, 0, 0, 0]",[],0.0,NG,PART IS NOT FOUND,,None,"[0, 0, 0, 0, 0, 0]"
1870894,82832W080PKENGEN,"[664, 0]","[39, 0]",14:02:06,20260417,0.0,None,"[28.0, 37.1, 38.0, 51.8, 61.5, 78.5, 98.1, 98.1, 87.4, 84.4, 13.6]",None,0.0,OK,None,,Null,"[1, 1, 1, 1, 1, 1, 1, 1, 1, 1, 1]"
1870893,8462284S00,"[1363, 12]","[11, 0]",14:02:05,20260417,0.0,10823,"[12.5, 127.4, 127.6, 128.4, 128.1, 128.3, 127.3, 12.2, 791.7]",None,0.0,OK,None,7,00024533,"[1, 1, 1, 1, 1, 1, 1, 1, 1]"
1870892,658207UA0A,"[1173, 0]","[93, 0]",14:02:02,20260417,0.0,10821,"[15.8, 74.7, 87.7, 116.8, 15.9, 310.9]","[1, 1, 1, 1]",0.0,OK,,,None,"[1, 1, 1, 1, 1, 1]"
1870891,658207UA0A,"[1172, 0]","[92, 0]",14:01:57,20260417,0.0,10821,"[15.7, 74.3, 88.3, 117.3, 15.1, 310.7]","[1, 1, 1, 1]",0.0,OK,,,None,"[1, 1, 1, 1, 1, 1]"
1870890,658207UA0A,"[1171, 0]","[91, 0]",14:01:52,20260417,0.0,10821,"[15.3, 74.3, 88.3, 116.8, 15.4, 310.2]","[1, 1, 1, 1]",0.0,OK,,,None,"[1, 1, 1, 1, 1, 1]"
1870889,658207UA0A,"[1170, 0]","[90, 0]",14:01:48,20260417,0.0,10821,"[15.1, 74.5, 87.7, 117.0, 15.4, 309.7]","[1, 1, 1, 1]",0.0,OK,,,None,"[1, 1, 1, 1, 1, 1]"
1870888,658207UA0A,"[1169, 0]","[89, 0]",14:01:43,20260417,0.0,10821,"[15.2, 74.7, 87.8, 116.8, 15.8, 310.3]","[1, 1, 1, 1]",0.0,OK,,,None,"[1, 1, 1, 1, 1, 1]"
1870887,658207UA0A,"[1168, 0]","[88, 0]",14:01:38,20260417,0.0,10821,"[15.5, 74.7, 88.1, 117.0, 15.5, 310.7]","[1, 1, 1, 1]",0.0,OK,,,None,"[1, 1, 1, 1, 1, 1]"
1870886,82832W080PKENGEN,"[663, 0]","[38, 0]",14:01:35,20260417,0.0,None,"[27.6, 36.8, 38.4, 51.8, 61.2, 78.5, 98.1, 98.1, 87.1, 84.4, 13.9]",None,0.0,OK,None,,Null,"[1, 1, 1, 1, 1, 1, 1, 1, 1, 1, 1]"
1870885,658207UA0A,"[1167, 0]","[87, 0]",14:01:32,20260417,0.0,10821,"[15.7, 74.5, 88.1, 117.5, 15.0, 310.8]","[1, 1, 1, 1]",0.0,OK,,,None,"[1, 1, 1, 1, 1, 1]"
1870884,658207UA0A,"[1166, 0]","[86, 0]",14:01:26,20260417,0.0,10821,"[14.9, 74.5, 87.7, 116.7, 16.4, 310.1]","[1, 1, 1, 1]",0.0,OK,,,None,"[1, 1, 1, 1, 1, 1]"
1870883,658207UA0A,"[1165, 0]","[85, 0]",14:01:22,20260417,0.0,10821,"[15.5, 74.7, 88.1, 117.1, 15.2, 310.6]","[1, 1, 1, 1]",0.0,OK,,,None,"[1, 1, 1, 1, 1, 1]"
1870882,82832W080PKENGEN,"[662, 0]","[37, 0]",14:01:17,20260417,0.0,None,"[28.0, 36.8, 37.9, 51.9, 61.2, 78.5, 98.0, 98.1, 86.8, 84.5, 13.6]",None,0.0,OK,None,,Null,"[1, 1, 1, 1, 1, 1, 1, 1, 1, 1, 1]"
1870881,658207UA0A,"[1164, 0]","[84, 0]",14:01:16,20260417,0.0,10821,"[15.6, 74.5, 88.0, 116.8, 15.4, 310.4]","[1, 1, 1, 1]",0.0,OK,,,None,"[1, 1, 1, 1, 1, 1]"
1870880,658207UA0A,"[1163, 0]","[83, 0]",14:01:11,20260417,0.0,10821,"[15.6, 74.5, 87.8, 117.5, 15.5, 310.8]","[1, 1, 1, 1]",0.0,OK,,,None,"[1, 1, 1, 1, 1, 1]"
1870879,8462284S00,"[1362, 12]","[10, 0]",14:01:08,20260417,0.0,10823,"[11.7, 127.9, 127.9, 128.9, 128.6, 128.1, 127.8, 12.7, 793.5]",None,0.0,OK,None,7,00024533,"[1, 1, 1, 1, 1, 1, 1, 1, 1]"
1870878,658207UA0A,"[1162, 0]","[82, 0]",14:01:06,20260417,0.0,10821,"[15.4, 74.5, 88.0, 116.5, 16.1, 310.5]","[1, 1, 1, 1]",0.0,OK,,,None,"[1, 1, 1, 1, 1, 1]"
1870877,658207UA0A,"[1161, 0]","[81, 0]",14:01:01,20260417,0.0,10821,"[15.8, 75.0, 88.4, 117.3, 15.1, 311.7]","[1, 1, 1, 1]",0.0,OK,,,None,"[1, 1, 1, 1, 1, 1]"
1870876,808387UA0A,"[290, 8]","[204, 1]",14:00:55,20260417,0.0,10819,MANUAL,MANUAL,0.0,MANUAL,MANUAL,,MANUAL,MANUAL
1870875,808387UA0A,"[291, 8]","[205, 1]",14:00:54,20260417,0.0,10819,MANUAL,MANUAL,0.0,MANUAL,MANUAL,,MANUAL,MANUAL
1870874,8462284S00,"[1361, 12]","[9, 0]",14:00:52,20260417,0.0,10823,"[12.5, 127.3, 128.1, 127.9, 129.0, 128.9, 127.3, 12.7, 793.6]",None,0.0,OK,None,7,00024533,"[1, 1, 1, 1, 1, 1, 1, 1, 1]"
1870873,8462284S00,"[1360, 12]","[8, 0]",14:00:37,20260417,0.0,10823,"[12.3, 127.9, 128.2, 128.2, 128.7, 128.4, 127.8, 12.4, 794.0]",None,0.0,OK,None,7,00024533,"[1, 1, 1, 1, 1, 1, 1, 1, 1]"
1870872,808387UA0A,"[291, 7]","[205, 0]",14:00:31,20260417,0.0,10819,"[15.2, 122.0, 121.4, 80.4, 80.2, 122.4, 123.2, 15.4, 36.4, 40.5]",None,0.0,OK,,,None,"[1, 1, 1, 1, 1, 1, 1, 1, 1, 1]"
1870871,808387UA0A,"[291, 7]","[205, 0]",14:00:31,20260417,0.0,10819,"[15.6, 122.0, 121.0, 80.0, 80.0, 122.6, 123.0, 15.0, 36.8, 40.9]",None,0.0,OK,,,None,"[1, 1, 1, 1, 1, 1, 1, 1, 1, 1]"
1870870,808387UA0A,"[291, 7]","[205, 0]",14:00:31,20260417,0.0,10819,"[15.0, 122.4, 120.8, 80.4, 80.6, 122.0, 123.2, 15.4, 36.9, 41.1]",None,0.0,OK,,,None,"[1, 1, 1, 1, 1, 1, 1, 1, 1, 1]"
1870869,808387UA0A,"[291, 7]","[205, 0]",14:00:31,20260417,0.0,10819,"[15.0, 122.6, 121.2, 80.4, 79.8, 123.2, 123.4, 15.6, 36.7, 40.7]",None,0.0,OK,,,None,"[1, 1, 1, 1, 1, 1, 1, 1, 1, 1]"
1870868,808387UA0A,"[291, 7]","[205, 0]",14:00:30,20260417,0.0,10819,"[14.8, 122.4, 121.4, 80.6, 79.4, 123.6, 123.0, 16.0, 37.8, 40.9]",None,0.0,OK,,,None,"[1, 1, 1, 1, 1, 1, 1, 1, 1, 1]"
1870866,82832W080PKENGEN,"[661, 0]","[36, 0]",14:00:25,20260417,0.0,None,"[28.1, 36.9, 38.2, 52.1, 61.5, 78.5, 98.6, 98.4, 86.8, 84.4, 13.8]",None,0.0,OK,None,,Null,"[1, 1, 1, 1, 1, 1, 1, 1, 1, 1, 1]"
1870867,8462284S00,"[1359, 12]","[7, 0]",14:00:25,20260417,0.0,10823,"[12.7, 127.8, 127.6, 128.6, 128.4, 128.7, 127.8, 12.4, 793.9]",None,0.0,OK,None,7,00024533,"[1, 1, 1, 1, 1, 1, 1, 1, 1]"
1870865,8462284S00,"[1358, 12]","[6, 0]",14:00:14,20260417,0.0,10823,"[12.3, 127.8, 127.8, 128.6, 128.7, 128.6, 127.6, 12.9, 794.2]",None,0.0,OK,None,7,00024533,"[1, 1, 1, 1, 1, 1, 1, 1, 1]"
1870864,8462284S00,"[1357, 12]","[5, 0]",14:00:03,20260417,0.0,10823,"[12.5, 127.6, 128.6, 128.2, 128.6, 128.4, 127.4, 12.3, 793.5]",None,0.0,OK,None,7,00024533,"[1, 1, 1, 1, 1, 1, 1, 1, 1]"
1870863,8462284S00,"[1356, 12]","[4, 0]",13:59:52,20260417,0.0,10823,"[12.3, 127.9, 128.1, 128.2, 128.1, 128.5, 127.6, 12.4, 793.0]",None,0.0,OK,None,7,00024533,"[1, 1, 1, 1, 1, 1, 1, 1, 1]"
1870862,8462284S00,"[1355, 12]","[3, 0]",13:59:40,20260417,0.0,10823,"[12.3, 127.8, 128.1, 128.6, 128.6, 128.2, 127.3, 12.6, 793.3]",None,0.0,OK,None,7,00024533,"[1, 1, 1, 1, 1, 1, 1, 1, 1]"
1870861,82832W080PKENGEN,"[660, 0]","[35, 0]",13:59:35,20260417,0.0,None,"[28.0, 36.9, 37.9, 51.9, 61.0, 78.0, 98.1, 98.1, 87.3, 84.7, 13.6]",None,0.0,OK,None,,Null,"[1, 1, 1, 1, 1, 1, 1, 1, 1, 1, 1]"
1870860,658207UA0A,"[1160, 0]","[80, 0]",13:59:33,20260417,0.0,10821,"[14.7, 74.7, 87.8, 116.7, 16.3, 310.1]","[1, 1, 1, 1]",0.0,OK,,,None,"[1, 1, 1, 1, 1, 1]"
1870859,8462284S00,"[1354, 12]","[2, 0]",13:59:30,20260417,0.0,10823,"[12.1, 127.6, 127.8, 128.6, 128.6, 128.2, 127.4, 12.7, 792.9]",None,0.0,OK,None,7,00024533,"[1, 1, 1, 1, 1, 1, 1, 1, 1]"
1870858,658207UA0A,"[1159, 0]","[79, 0]",13:59:28,20260417,0.0,10821,"[14.6, 74.5, 87.8, 115.9, 17.1, 309.8]","[1, 1, 1, 1]",0.0,OK,,,None,"[1, 1, 1, 1, 1, 1]"
1870857,658207UA0A,"[1158, 0]","[78, 0]",13:59:23,20260417,0.0,10821,"[14.0, 75.3, 87.5, 116.5, 16.6, 309.9]","[1, 1, 1, 1]",0.0,OK,,,None,"[1, 1, 1, 1, 1, 1]"
1870856,8462284S00,"[1353, 12]","[1, 0]",13:59:21,20260417,0.0,10823,"[12.1, 127.6, 128.2, 128.6, 128.7, 128.2, 127.4, 12.9, 793.8]",None,0.0,OK,None,7,00024533,"[1, 1, 1, 1, 1, 1, 1, 1, 1]"
1870855,658207UA0A,"[1157, 0]","[77, 0]",13:59:18,20260417,0.0,10821,"[15.8, 74.3, 88.3, 116.8, 15.2, 310.5]","[1, 1, 1, 1]",0.0,OK,,,None,"[1, 1, 1, 1, 1, 1]"
1870854,658207UA0A,"[1156, 0]","[76, 0]",13:59:13,20260417,0.0,10821,"[16.1, 74.5, 88.0, 117.3, 15.2, 311.0]","[1, 1, 1, 1]",0.0,OK,,,None,"[1, 1, 1, 1, 1, 1]"
1870853,82832W080PKENGEN,"[659, 0]","[34, 0]",13:59:11,20260417,0.0,None,"[27.6, 36.8, 37.7, 52.3, 61.2, 78.0, 98.1, 98.0, 86.9, 84.4, 13.7]",None,0.0,OK,None,,Null,"[1, 1, 1, 1, 1, 1, 1, 1, 1, 1, 1]"
1870852,658207UA0A,"[1155, 0]","[75, 0]",13:59:08,20260417,0.0,10821,"[15.5, 74.5, 88.3, 117.0, 14.4, 309.6]","[1, 1, 1, 1]",0.0,OK,,,None,"[1, 1, 1, 1, 1, 1]"
1870851,658207UA0A,"[1154, 0]","[74, 0]",13:59:03,20260417,0.0,10821,"[14.1, 74.2, 87.3, 116.5, 16.8, 308.9]","[1, 1, 1, 1]",0.0,OK,,,None,"[1, 1, 1, 1, 1, 1]"
1870850,658207UA0A,"[1153, 0]","[73, 0]",13:58:59,20260417,0.0,10821,"[14.0, 74.0, 87.5, 115.9, 16.7, 308.1]","[1, 1, 1, 1]",0.0,OK,,,None,"[1, 1, 1, 1, 1, 1]"
1870849,658207UA0A,"[1152, 0]","[72, 0]",13:58:54,20260417,0.0,10821,"[15.4, 74.7, 87.7, 117.3, 15.7, 310.7]","[1, 1, 1, 1]",0.0,OK,,,None,"[1, 1, 1, 1, 1, 1]"
1870848,82832W080PKENGEN,"[658, 0]","[33, 0]",13:58:53,20260417,0.0,None,"[27.5, 36.4, 38.2, 52.1, 61.0, 78.3, 97.6, 98.0, 86.8, 84.1, 13.8]",None,0.0,OK,None,,Null,"[1, 1, 1, 1, 1, 1, 1, 1, 1, 1, 1]"
1870847,658207UA0A,"[1151, 0]","[71, 0]",13:58:48,20260417,0.0,10821,"[15.6, 74.7, 88.0, 117.0, 15.6, 310.7]","[1, 1, 1, 1]",0.0,OK,,,None,"[1, 1, 1, 1, 1, 1]"
1870846,658207UA0A,"[1150, 0]","[70, 0]",13:58:43,20260417,0.0,10821,"[15.1, 73.9, 87.8, 116.0, 16.6, 309.4]","[1, 1, 1, 1]",0.0,OK,,,None,"[1, 1, 1, 1, 1, 1]"
1870845,658207UA0A,"[1149, 0]","[69, 0]",13:58:38,20260417,0.0,10821,"[15.3, 75.1, 87.7, 116.5, 16.3, 310.9]","[1, 1, 1, 1]",0.0,OK,,,None,"[1, 1, 1, 1, 1, 1]"
1870844,82832W080PKENGEN,"[657, 0]","[32, 0]",13:58:34,20260417,0.0,None,"[27.6, 36.9, 38.4, 52.1, 61.4, 78.3, 98.1, 97.8, 87.1, 84.5, 13.6]",None,0.0,OK,None,,Null,"[1, 1, 1, 1, 1, 1, 1, 1, 1, 1, 1]"
1870843,658207UA0A,"[1148, 0]","[68, 0]",13:58:33,20260417,0.0,10821,"[15.0, 74.7, 88.0, 117.5, 15.4, 310.5]","[1, 1, 1, 1]",0.0,OK,,,None,"[1, 1, 1, 1, 1, 1]"
1870842,658207UA0A,"[1147, 0]","[67, 0]",13:58:27,20260417,0.0,10821,"[15.5, 74.7, 87.5, 117.4, 15.1, 310.2]","[1, 1, 1, 1]",0.0,OK,,,None,"[1, 1, 1, 1, 1, 1]"
1870841,658207UA0A,"[1146, 0]","[66, 0]",13:58:22,20260417,0.0,10821,"[16.4, 74.5, 88.1, 117.6, 14.8, 311.3]","[1, 1, 1, 1]",0.0,OK,,,None,"[1, 1, 1, 1, 1, 1]"
1870840,658207UA0A,"[1145, 0]","[65, 0]",13:58:16,20260417,0.0,10821,"[15.8, 74.7, 88.0, 117.8, 15.5, 311.7]","[1, 1, 1, 1]",0.0,OK,,,None,"[1, 1, 1, 1, 1, 1]"
1870839,658207UA0A,"[1144, 0]","[64, 0]",13:58:11,20260417,0.0,10821,"[15.6, 74.7, 88.1, 117.3, 15.4, 311.1]","[1, 1, 1, 1]",0.0,OK,,,None,"[1, 1, 1, 1, 1, 1]"
1870838,808397UA0A,"[288, 8]","[216, 4]",13:58:08,20260417,0.0,10819,"[15.4, 123.4, 122.4, 80.4, 81.0, 122.6, 123.4, 14.4, 38.2, 40.7]",None,0.0,OK,,,None,"[1, 1, 1, 1, 1, 1, 1, 1, 1, 1]"
1870837,808397UA0A,"[288, 8]","[216, 4]",13:58:08,20260417,0.0,10819,"[15.4, 123.2, 122.2, 80.4, 80.4, 122.6, 123.4, 13.8, 38.1, 40.5]",None,0.0,OK,,,None,"[1, 1, 1, 1, 1, 1, 1, 1, 1, 1]"
1870833,808397UA0A,"[288, 8]","[216, 4]",13:58:07,20260417,0.0,10819,"[14.4, 123.8, 122.6, 81.2, 81.0, 122.6, 123.6, 14.8, 36.7, 41.1]",None,0.0,OK,,,None,"[1, 1, 1, 1, 1, 1, 1, 1, 1, 1]"
1870832,808397UA0A,"[288, 8]","[216, 4]",13:58:07,20260417,0.0,10819,"[14.6, 123.8, 122.6, 80.8, 80.8, 122.6, 124.2, 13.6, 37.0, 41.1]",None,0.0,OK,,,None,"[1, 1, 1, 1, 1, 1, 1, 1, 1, 1]"
1870836,808397UA0A,"[288, 8]","[216, 4]",13:58:07,20260417,0.0,10819,"[15.0, 124.0, 122.8, 80.6, 81.2, 122.4, 123.4, 13.6, 36.3, 40.7]",None,0.0,OK,,,None,"[1, 1, 1, 1, 1, 1, 1, 1, 1, 1]"
1870834,658207UA0A,"[1143, 0]","[63, 0]",13:58:06,20260417,0.0,10821,"[15.8, 74.3, 88.1, 117.3, 14.8, 310.4]","[1, 1, 1, 1]",0.0,OK,,,None,"[1, 1, 1, 1, 1, 1]"
1870835,82832W080PKENGEN,"[656, 0]","[31, 0]",13:58:05,20260417,0.0,None,"[27.6, 36.9, 38.0, 51.6, 61.0, 78.6, 98.0, 98.1, 86.3, 84.5, 13.6]",None,0.0,OK,None,,Null,"[1, 1, 1, 1, 1, 1, 1, 1, 1, 1, 1]"
1870831,658207UA0A,"[1142, 0]","[62, 0]",13:58:00,20260417,0.0,10821,"[14.6, 74.3, 88.0, 117.4, 15.1, 309.5]","[1, 1, 1, 1]",0.0,OK,,,None,"[1, 1, 1, 1, 1, 1]"
1870830,658207UA0A,"[1141, 0]","[61, 0]",13:57:56,20260417,0.0,10821,"[15.7, 74.7, 88.1, 116.8, 15.9, 311.2]","[1, 1, 1, 1]",0.0,OK,,,None,"[1, 1, 1, 1, 1, 1]"
1870829,82832W080PKENGEN,"[655, 0]","[30, 0]",13:57:45,20260417,0.0,None,"[27.5, 37.1, 38.7, 52.3, 61.2, 78.3, 98.1, 98.1, 87.4, 83.9, 13.8]",None,0.0,OK,None,,Null,"[1, 1, 1, 1, 1, 1, 1, 1, 1, 1, 1]"
1870828,82832W080PKENGEN,"[654, 0]","[29, 0]",13:57:28,20260417,0.0,None,"[27.8, 37.1, 38.2, 51.9, 61.2, 78.1, 98.9, 98.1, 87.1, 84.4, 13.8]",None,0.0,OK,None,,Null,"[1, 1, 1, 1, 1, 1, 1, 1, 1, 1, 1]"
1870827,82832W080PKENGEN,"[653, 0]","[28, 0]",13:57:10,20260417,0.0,None,"[27.5, 36.6, 37.9, 51.9, 61.0, 78.6, 98.1, 98.0, 86.9, 84.5, 13.6]",None,0.0,OK,None,,Null,"[1, 1, 1, 1, 1, 1, 1, 1, 1, 1, 1]"
1870826,82832W080PKENGEN,"[652, 0]","[27, 0]",13:56:46,20260417,0.0,None,"[27.8, 36.9, 38.0, 51.6, 61.2, 78.3, 98.3, 98.0, 86.9, 84.5, 13.6]",None,0.0,OK,None,,Null,"[1, 1, 1, 1, 1, 1, 1, 1, 1, 1, 1]"
1870825,82832W080PKENGEN,"[651, 0]","[26, 0]",13:56:24,20260417,0.0,None,"[27.5, 36.4, 38.0, 51.6, 61.0, 78.6, 98.1, 98.0, 87.1, 84.4, 13.8]",None,0.0,OK,None,,Null,"[1, 1, 1, 1, 1, 1, 1, 1, 1, 1, 1]"
1870824,82832W080PKENGEN,"[650, 0]","[25, 0]",13:56:05,20260417,0.0,None,"[27.5, 36.6, 38.4, 52.1, 61.0, 78.3, 98.1, 98.3, 87.1, 84.1, 13.8]",None,0.0,OK,None,,Null,"[1, 1, 1, 1, 1, 1, 1, 1, 1, 1, 1]"
1870823,82832W080PKENGEN,"[649, 0]","[24, 0]",13:55:47,20260417,0.0,None,"[28.0, 36.8, 38.0, 51.8, 61.4, 78.5, 98.3, 98.0, 87.1, 84.5, 13.6]",None,0.0,OK,None,,Null,"[1, 1, 1, 1, 1, 1, 1, 1, 1, 1, 1]"
1870822,82832W080PKENGEN,"[648, 0]","[23, 0]",13:55:29,20260417,0.0,None,"[27.8, 36.8, 38.0, 51.9, 61.4, 77.7, 98.1, 97.8, 86.9, 84.5, 13.4]",None,0.0,OK,None,,Null,"[1, 1, 1, 1, 1, 1, 1, 1, 1, 1, 1]"
1870821,82832W080PKENGEN,"[647, 0]","[22, 0]",13:55:06,20260417,0.0,None,"[27.8, 36.9, 37.9, 51.9, 61.2, 78.1, 98.4, 98.1, 86.5, 84.5, 13.6]",None,0.0,OK,None,,Null,"[1, 1, 1, 1, 1, 1, 1, 1, 1, 1, 1]"
1870816,808387UA0A,"[286, 7]","[200, 0]",13:54:46,20260417,0.0,10819,"[14.0, 122.6, 121.6, 80.8, 81.2, 122.2, 123.8, 15.2, 36.9, 40.7]",None,0.0,OK,,,None,"[1, 1, 1, 1, 1, 1, 1, 1, 1, 1]"
1870817,808387UA0A,"[286, 7]","[200, 0]",13:54:46,20260417,0.0,10819,"[14.6, 122.6, 121.6, 80.2, 80.4, 122.4, 123.4, 15.6, 36.8, 40.5]",None,0.0,OK,,,None,"[1, 1, 1, 1, 1, 1, 1, 1, 1, 1]"
1870818,808387UA0A,"[286, 7]","[200, 0]",13:54:46,20260417,0.0,10819,"[14.8, 122.6, 121.4, 80.8, 80.8, 122.0, 123.8, 15.4, 37.2, 40.5]",None,0.0,OK,,,None,"[1, 1, 1, 1, 1, 1, 1, 1, 1, 1]"
1870819,808387UA0A,"[286, 7]","[200, 0]",13:54:46,20260417,0.0,10819,"[15.0, 122.2, 121.2, 79.8, 80.4, 122.6, 123.6, 16.2, 37.2, 41.3]",None,0.0,OK,,,None,"[1, 1, 1, 1, 1, 1, 1, 1, 1, 1]"
1870820,808387UA0A,"[286, 7]","[200, 0]",13:54:46,20260417,0.0,10819,"[14.8, 122.8, 121.6, 80.4, 79.8, 122.8, 123.2, 17.0, 37.3, 40.7]",None,0.0,OK,,,None,"[1, 1, 1, 1, 1, 1, 1, 1, 1, 1]"
1870815,82832W080PKENGEN,"[646, 0]","[21, 0]",13:53:51,20260417,0.0,None,MANUAL,MANUAL,0.0,MANUAL,MANUAL,,MANUAL,MANUAL
1870814,8462284S00,"[1352, 12]","[0, 0]",13:53:51,20260417,0.0,10823,COUNTERRESET,COUNTERRESET,0.0,COUNTERRESET,COUNTERRESET,COUNTERRESET,COUNTERRESET,COUNTERRESET
1870813,8462284S00,"[1352, 12]","[250, 3]",13:53:48,20260417,0.0,10823,"[12.4, 127.6, 127.8, 128.6, 128.7, 128.4, 127.4, 12.5, 793.4]",None,0.0,OK,None,7,00024533,"[1, 1, 1, 1, 1, 1, 1, 1, 1]"
1870812,82832W080PKENGEN,"[646, 1]","[21, 1]",13:53:41,20260417,0.0,None,"[27.6, 36.8, 38.0, 52.1, 61.4, 78.3, 98.3, 97.8, 87.3, 84.5, 13.6]",None,0.0,OK,None,,Null,"[1, 1, 1, 1, 1, 1, 1, 1, 1, 1, 1]"
1870811,8462284S00,"[1351, 12]","[249, 3]",13:53:38,20260417,0.0,10823,"[12.7, 127.3, 127.8, 128.7, 127.9, 128.4, 127.6, 12.3, 792.7]",None,0.0,OK,None,7,00024533,"[1, 1, 1, 1, 1, 1, 1, 1, 1]"
1870810,8462284S00,"[1350, 12]","[248, 3]",13:53:21,20260417,0.0,10823,"[12.2, 127.6, 128.1, 128.4, 128.4, 128.6, 127.6, 12.6, 793.4]",None,0.0,OK,None,7,00024533,"[1, 1, 1, 1, 1, 1, 1, 1, 1]"
1870809,8462284S00,"[1349, 12]","[247, 3]",13:53:10,20260417,0.0,10823,"[12.5, 127.6, 128.1, 128.6, 127.9, 128.6, 127.4, 12.6, 793.2]",None,0.0,OK,None,7,00024533,"[1, 1, 1, 1, 1, 1, 1, 1, 1]"
1870808,82832W080PKENGEN,"[645, 1]","[20, 1]",13:53:07,20260417,0.0,None,"[28.0, 36.9, 38.2, 52.1, 61.4, 78.1, 98.4, 98.1, 87.1, 84.4, 13.6]",None,0.0,OK,None,,Null,"[1, 1, 1, 1, 1, 1, 1, 1, 1, 1, 1]"
1870807,8462284S00,"[1348, 12]","[246, 3]",13:53:00,20260417,0.0,10823,"[11.3, 127.6, 128.1, 128.2, 128.2, 128.6, 127.3, 12.6, 791.9]",None,0.0,OK,None,7,00024533,"[1, 1, 1, 1, 1, 1, 1, 1, 1]"
1870806,658207UA0A,"[1140, 0]","[60, 0]",13:52:46,20260417,0.0,10821,"[15.6, 74.3, 88.0, 117.3, 15.4, 310.5]","[1, 1, 1, 1]",0.0,OK,,,None,"[1, 1, 1, 1, 1, 1]"
1870805,82832W080PKENGEN,"[644, 1]","[19, 1]",13:52:42,20260417,0.0,None,"[27.6, 36.4, 38.4, 52.3, 61.2, 78.5, 97.8, 98.0, 86.8, 84.4, 13.9]",None,0.0,OK,None,,Null,"[1, 1, 1, 1, 1, 1, 1, 1, 1, 1, 1]"
1870804,658207UA0A,"[1139, 0]","[59, 0]",13:52:41,20260417,0.0,10821,"[15.7, 74.7, 88.3, 117.3, 15.6, 311.5]","[1, 1, 1, 1]",0.0,OK,,,None,"[1, 1, 1, 1, 1, 1]"
1870803,8462284S00,"[1347, 12]","[245, 3]",13:52:36,20260417,0.0,10823,"[12.0, 127.6, 128.2, 128.2, 128.6, 128.7, 127.0, 12.5, 792.8]",None,0.0,OK,None,7,00024533,"[1, 1, 1, 1, 1, 1, 1, 1, 1]"
1870802,658207UA0A,"[1138, 0]","[58, 0]",13:52:36,20260417,0.0,10821,"[15.7, 74.2, 88.3, 117.1, 14.8, 310.1]","[1, 1, 1, 1]",0.0,OK,,,None,"[1, 1, 1, 1, 1, 1]"
1870801,658207UA0A,"[1137, 0]","[57, 0]",13:52:31,20260417,0.0,10821,"[15.7, 74.8, 88.0, 117.3, 15.1, 310.9]","[1, 1, 1, 1]",0.0,OK,,,None,"[1, 1, 1, 1, 1, 1]"
1870800,808397UA0A,"[283, 8]","[211, 4]",13:52:31,20260417,0.0,10819,"[15.4, 123.6, 121.6, 81.4, 81.0, 122.2, 123.4, 14.0, 37.1, 40.9]",None,0.0,OK,,,None,"[1, 1, 1, 1, 1, 1, 1, 1, 1, 1]"
1870799,808397UA0A,"[283, 8]","[211, 4]",13:52:30,20260417,0.0,10819,"[15.2, 123.6, 122.2, 80.4, 81.2, 122.6, 123.4, 14.0, 37.2, 40.7]",None,0.0,OK,,,None,"[1, 1, 1, 1, 1, 1, 1, 1, 1, 1]"
1870796,808397UA0A,"[283, 8]","[211, 4]",13:52:30,20260417,0.0,10819,"[14.6, 123.4, 123.6, 80.2, 80.6, 122.6, 123.8, 13.8, 37.8, 40.9]",None,0.0,OK,,,None,"[1, 1, 1, 1, 1, 1, 1, 1, 1, 1]"
1870797,808397UA0A,"[283, 8]","[211, 4]",13:52:30,20260417,0.0,10819,"[14.8, 123.6, 123.0, 79.8, 81.0, 122.4, 123.2, 14.2, 36.9, 41.3]",None,0.0,OK,,,None,"[1, 1, 1, 1, 1, 1, 1, 1, 1, 1]"
1870798,808397UA0A,"[283, 8]","[211, 4]",13:52:30,20260417,0.0,10819,"[15.2, 123.2, 122.8, 80.4, 80.6, 122.4, 123.8, 13.8, 36.3, 40.9]",None,0.0,OK,,,None,"[1, 1, 1, 1, 1, 1, 1, 1, 1, 1]"
1870795,658207UA0A,"[1136, 0]","[56, 0]",13:52:27,20260417,0.0,10821,"[15.8, 74.5, 88.1, 117.3, 15.7, 311.4]","[1, 1, 1, 1]",0.0,OK,,,None,"[1, 1, 1, 1, 1, 1]"
1870794,82832W080PKENGEN,"[643, 1]","[18, 1]",13:52:23,20260417,0.0,None,"[28.1, 37.1, 38.2, 52.1, 61.8, 78.1, 98.4, 98.3, 87.3, 84.2, 13.6]",None,0.0,OK,None,,Null,"[1, 1, 1, 1, 1, 1, 1, 1, 1, 1, 1]"
1870793,8462284S00,"[1346, 12]","[244, 3]",13:52:22,20260417,0.0,10823,"[12.4, 127.6, 128.1, 128.3, 128.6, 128.7, 127.3, 12.7, 793.7]",None,0.0,OK,None,7,00024533,"[1, 1, 1, 1, 1, 1, 1, 1, 1]"
1870792,658207UA0A,"[1135, 0]","[55, 0]",13:52:20,20260417,0.0,10821,"[15.9, 74.2, 88.3, 117.0, 15.9, 311.2]","[1, 1, 1, 1]",0.0,OK,,,None,"[1, 1, 1, 1, 1, 1]"
1870791,658207UA0A,"[1134, 0]","[54, 0]",13:52:15,20260417,0.0,10821,"[14.6, 74.2, 88.0, 116.8, 15.5, 309.1]","[1, 1, 1, 1]",0.0,OK,,,None,"[1, 1, 1, 1, 1, 1]"
1870790,8462284S00,"[1345, 12]","[243, 3]",13:52:14,20260417,0.0,10823,"[12.0, 127.8, 127.8, 128.6, 128.4, 128.4, 127.6, 12.4, 792.9]",None,0.0,OK,None,7,00024533,"[1, 1, 1, 1, 1, 1, 1, 1, 1]"
1870789,658207UA0A,"[1133, 0]","[53, 0]",13:52:10,20260417,0.0,10821,"[15.6, 75.0, 87.8, 117.0, 15.5, 310.9]","[1, 1, 1, 1]",0.0,OK,,,None,"[1, 1, 1, 1, 1, 1]"
1870788,658207UA0A,"[1132, 0]","[52, 0]",13:52:05,20260417,0.0,10821,"[15.3, 74.7, 87.7, 116.8, 16.1, 310.5]","[1, 1, 1, 1]",0.0,OK,,,None,"[1, 1, 1, 1, 1, 1]"
1870787,8462284S00,"[1344, 12]","[242, 3]",13:52:04,20260417,0.0,10823,"[12.3, 128.1, 128.1, 128.6, 128.4, 128.6, 127.4, 12.7, 794.1]",None,0.0,OK,None,7,00024533,"[1, 1, 1, 1, 1, 1, 1, 1, 1]"
1870786,82832W080PKENGEN,"[642, 1]","[17, 1]",13:52:01,20260417,0.0,None,"[28.0, 36.6, 37.9, 51.9, 61.2, 78.0, 97.8, 98.0, 86.6, 84.2, 13.9]",None,0.0,OK,None,,Null,"[1, 1, 1, 1, 1, 1, 1, 1, 1, 1, 1]"
1870785,658207UA0A,"[1131, 0]","[51, 0]",13:52:00,20260417,0.0,10821,"[15.7, 74.7, 87.7, 117.9, 15.4, 311.4]","[1, 1, 1, 1]",0.0,OK,,,None,"[1, 1, 1, 1, 1, 1]"
1870784,658207UA0A,"[1130, 0]","[50, 0]",13:51:55,20260417,0.0,10821,"[15.7, 74.3, 88.1, 116.7, 16.1, 310.9]","[1, 1, 1, 1]",0.0,OK,,,None,"[1, 1, 1, 1, 1, 1]"
1870783,658207UA0A,"[1129, 0]","[49, 0]",13:51:51,20260417,0.0,10821,"[15.8, 74.5, 88.1, 117.6, 15.0, 311.0]","[1, 1, 1, 1]",0.0,OK,,,None,"[1, 1, 1, 1, 1, 1]"
1870782,658207UA0A,"[1128, 0]","[48, 0]",13:51:46,20260417,0.0,10821,"[16.3, 74.7, 88.0, 117.3, 14.8, 311.0]","[1, 1, 1, 1]",0.0,OK,,,None,"[1, 1, 1, 1, 1, 1]"
1870781,82832W080PKENGEN,"[641, 1]","[16, 1]",13:51:41,20260417,0.0,None,"[27.6, 36.8, 38.2, 51.9, 61.0, 78.0, 98.1, 98.3, 86.8, 84.9, 13.6]",None,0.0,OK,None,,Null,"[1, 1, 1, 1, 1, 1, 1, 1, 1, 1, 1]"
1870780,658207UA0A,"[1127, 0]","[47, 0]",13:51:41,20260417,0.0,10821,"[15.1, 74.3, 88.3, 117.3, 15.1, 310.1]","[1, 1, 1, 1]",0.0,OK,,,None,"[1, 1, 1, 1, 1, 1]"
1870779,658207UA0A,"[1126, 0]","[46, 0]",13:51:36,20260417,0.0,10821,"[15.3, 74.3, 88.0, 116.5, 16.4, 310.5]","[1, 1, 1, 1]",0.0,OK,,,None,"[1, 1, 1, 1, 1, 1]"
1870778,658207UA0A,"[1125, 0]","[45, 0]",13:51:31,20260417,0.0,10821,"[15.8, 74.5, 87.8, 117.5, 15.1, 310.6]","[1, 1, 1, 1]",0.0,OK,,,None,"[1, 1, 1, 1, 1, 1]"
1870777,8462284S00,"[1343, 12]","[241, 3]",13:51:29,20260417,0.0,10823,"[13.0, 127.6, 127.9, 128.1, 128.2, 128.4, 127.6, 12.6, 793.5]",None,0.0,OK,None,7,00024533,"[1, 1, 1, 1, 1, 1, 1, 1, 1]"
1870776,658207UA0A,"[1124, 0]","[44, 0]",13:51:27,20260417,0.0,10821,"[15.3, 74.0, 88.3, 116.0, 15.7, 309.4]","[1, 1, 1, 1]",0.0,OK,,,None,"[1, 1, 1, 1, 1, 1]"
1870775,658207UA0A,"[1123, 0]","[43, 0]",13:51:22,20260417,0.0,10821,"[15.1, 74.5, 88.0, 117.1, 16.0, 310.8]","[1, 1, 1, 1]",0.0,OK,,,None,"[1, 1, 1, 1, 1, 1]"
1870774,8462284S00,"[1342, 12]","[240, 3]",13:51:18,20260417,0.0,10823,"[12.0, 127.8, 127.9, 128.2, 128.2, 128.1, 127.3, 12.7, 792.2]",None,0.0,OK,None,7,00024533,"[1, 1, 1, 1, 1, 1, 1, 1, 1]"
1870773,658207UA0A,"[1122, 0]","[42, 0]",13:51:17,20260417,0.0,10821,"[15.4, 74.5, 88.0, 116.2, 15.7, 309.8]","[1, 1, 1, 1]",0.0,OK,,,None,"[1, 1, 1, 1, 1, 1]"
1870772,658207UA0A,"[1121, 0]","[41, 0]",13:51:12,20260417,0.0,10821,"[15.7, 74.5, 88.3, 117.1, 14.5, 310.1]","[1, 1, 1, 1]",0.0,OK,,,None,"[1, 1, 1, 1, 1, 1]"
1870771,8462284S00,"[1341, 12]","[239, 3]",13:51:08,20260417,0.0,10823,"[12.4, 127.8, 127.9, 128.3, 128.2, 128.6, 127.1, 12.5, 792.7]",None,0.0,OK,None,7,00024533,"[1, 1, 1, 1, 1, 1, 1, 1, 1]"
1870770,8462284S00,"[1340, 12]","[238, 3]",13:50:58,20260417,0.0,10823,"[12.6, 127.6, 128.1, 128.6, 128.4, 128.6, 127.3, 12.3, 793.4]",None,0.0,OK,None,7,00024533,"[1, 1, 1, 1, 1, 1, 1, 1, 1]"
1870769,8462284S00,"[1339, 12]","[237, 3]",13:50:38,20260417,0.0,10823,"[12.4, 127.4, 128.1, 128.6, 128.4, 128.4, 127.6, 12.7, 793.5]",None,0.0,OK,None,7,00024533,"[1, 1, 1, 1, 1, 1, 1, 1, 1]"
1870768,8462284S00,"[1338, 12]","[236, 3]",13:50:27,20260417,0.0,10823,"[12.3, 127.4, 128.4, 128.1, 128.6, 128.6, 127.8, 12.7, 793.8]",None,0.0,OK,None,7,00024533,"[1, 1, 1, 1, 1, 1, 1, 1, 1]"
1870767,8462284S00,"[1337, 12]","[235, 3]",13:50:10,20260417,0.0,10823,"[12.6, 127.6, 128.3, 128.4, 128.6, 128.6, 127.6, 12.6, 794.2]",None,0.0,OK,None,7,00024533,"[1, 1, 1, 1, 1, 1, 1, 1, 1]"
1870766,808387UA0A,"[281, 7]","[195, 0]",13:50:08,20260417,0.0,10819,"[14.8, 122.2, 121.8, 80.4, 79.8, 123.2, 123.4, 16.6, 36.7, 41.1]",None,0.0,OK,,,None,"[1, 1, 1, 1, 1, 1, 1, 1, 1, 1]"
1870763,808387UA0A,"[281, 7]","[195, 0]",13:50:08,20260417,0.0,10819,"[14.2, 122.8, 121.4, 80.6, 80.4, 123.0, 123.2, 17.2, 37.0, 40.9]",None,0.0,OK,,,None,"[1, 1, 1, 1, 1, 1, 1, 1, 1, 1]"
1870764,808387UA0A,"[281, 7]","[195, 0]",13:50:08,20260417,0.0,10819,"[14.8, 122.4, 121.2, 80.6, 81.0, 121.4, 123.4, 15.6, 37.6, 40.7]",None,0.0,OK,,,None,"[1, 1, 1, 1, 1, 1, 1, 1, 1, 1]"
1870765,808387UA0A,"[281, 7]","[195, 0]",13:50:08,20260417,0.0,10819,"[14.8, 122.2, 121.8, 80.4, 80.6, 122.4, 123.6, 15.6, 36.6, 41.1]",None,0.0,OK,,,None,"[1, 1, 1, 1, 1, 1, 1, 1, 1, 1]"
1870762,808387UA0A,"[281, 7]","[195, 0]",13:50:07,20260417,0.0,10819,"[14.8, 122.6, 121.2, 80.4, 80.8, 122.2, 123.2, 15.6, 37.8, 41.1]",None,0.0,OK,,,None,"[1, 1, 1, 1, 1, 1, 1, 1, 1, 1]"
1870761,8462284S00,"[1336, 12]","[234, 3]",13:50:02,20260417,0.0,10823,"[12.0, 127.6, 128.2, 128.7, 128.6, 128.6, 127.4, 12.2, 793.3]",None,0.0,OK,None,7,00024533,"[1, 1, 1, 1, 1, 1, 1, 1, 1]"
1870760,8462284S00,"[1335, 12]","[233, 3]",13:49:50,20260417,0.0,10823,"[12.5, 127.9, 128.4, 128.2, 128.2, 128.6, 127.8, 12.8, 794.4]",None,0.0,OK,None,7,00024533,"[1, 1, 1, 1, 1, 1, 1, 1, 1]"
1870759,8462284S00,"[1334, 12]","[232, 3]",13:49:40,20260417,0.0,10823,"[12.6, 127.8, 128.1, 128.2, 128.4, 128.4, 127.8, 12.6, 793.8]",None,0.0,OK,None,7,00024533,"[1, 1, 1, 1, 1, 1, 1, 1, 1]"
1870758,8462284S00,"[1333, 12]","[231, 3]",13:49:30,20260417,0.0,10823,"[12.8, 127.6, 127.9, 128.6, 128.2, 128.7, 127.4, 12.8, 794.1]",None,0.0,OK,None,7,00024533,"[1, 1, 1, 1, 1, 1, 1, 1, 1]"
1870757,658207UA0A,"[1120, 0]","[40, 0]",13:49:01,20260417,0.0,10821,"[14.9, 74.3, 87.7, 117.6, 15.2, 309.7]","[1, 1, 1, 1]",0.0,OK,,,None,"[1, 1, 1, 1, 1, 1]"
1870756,658207UA0A,"[1119, 0]","[39, 0]",13:48:56,20260417,0.0,10821,"[16.0, 74.5, 88.4, 117.1, 15.0, 311.0]","[1, 1, 1, 1]",0.0,OK,,,None,"[1, 1, 1, 1, 1, 1]"
1870755,8462284S00,"[1332, 12]","[230, 3]",13:48:54,20260417,0.0,10823,"[12.2, 127.8, 128.2, 128.2, 128.6, 128.6, 127.3, 13.1, 793.9]",None,0.0,OK,None,7,00024533,"[1, 1, 1, 1, 1, 1, 1, 1, 1]"
1870754,658207UA0A,"[1118, 0]","[38, 0]",13:48:51,20260417,0.0,10821,"[14.9, 74.5, 87.5, 117.6, 15.4, 310.0]","[1, 1, 1, 1]",0.0,OK,,,None,"[1, 1, 1, 1, 1, 1]"
1870753,8462284S00,"[1331, 12]","[229, 3]",13:48:48,20260417,0.0,10823,"[0, 0, 0, 0, 0, 0, 0, 0, 0]",None,0.0,NG,NUMBER OF CLIP MISMATCH,7,00024533,"[0, 0, 0, 0, 0, 0, 0, 0, 0]"
1870752,658207UA0A,"[1117, 0]","[37, 0]",13:48:46,20260417,0.0,10821,"[15.6, 74.7, 87.8, 117.6, 15.3, 311.0]","[1, 1, 1, 1]",0.0,OK,,,None,"[1, 1, 1, 1, 1, 1]"
1870751,658207UA0A,"[1116, 0]","[36, 0]",13:48:41,20260417,0.0,10821,"[15.7, 74.7, 88.4, 117.0, 14.7, 310.5]","[1, 1, 1, 1]",0.0,OK,,,None,"[1, 1, 1, 1, 1, 1]"
1870750,8462284S00,"[1331, 11]","[229, 2]",13:48:40,20260417,0.0,10823,"[0, 0, 0, 0, 0, 0, 0, 0, 0]",None,0.0,NG,NUMBER OF CLIP MISMATCH,7,00024533,"[0, 0, 0, 0, 0, 0, 0, 0, 0]"
1870749,658207UA0A,"[1115, 0]","[35, 0]",13:48:35,20260417,0.0,10821,"[15.6, 74.2, 87.8, 117.3, 15.2, 310.1]","[1, 1, 1, 1]",0.0,OK,,,None,"[1, 1, 1, 1, 1, 1]"
1870748,658207UA0A,"[1114, 0]","[34, 0]",13:48:30,20260417,0.0,10821,"[14.4, 74.2, 87.3, 116.8, 16.4, 309.2]","[1, 1, 1, 1]",0.0,OK,,,None,"[1, 1, 1, 1, 1, 1]"
1870747,658207UA0A,"[1113, 0]","[33, 0]",13:48:25,20260417,0.0,10821,"[15.8, 74.8, 87.7, 117.3, 15.3, 310.8]","[1, 1, 1, 1]",0.0,OK,,,None,"[1, 1, 1, 1, 1, 1]"
1870746,658207UA0A,"[1112, 0]","[32, 0]",13:48:20,20260417,0.0,10821,"[16.2, 74.5, 88.1, 117.0, 14.9, 310.7]","[1, 1, 1, 1]",0.0,OK,,,None,"[1, 1, 1, 1, 1, 1]"
1870745,658207UA0A,"[1111, 0]","[31, 0]",13:48:15,20260417,0.0,10821,"[15.6, 74.0, 87.2, 116.8, 16.2, 309.8]","[1, 1, 1, 1]",0.0,OK,,,None,"[1, 1, 1, 1, 1, 1]"
1870744,8462284S00,"[1331, 10]","[229, 1]",13:48:11,20260417,0.0,10823,"[12.5, 127.6, 127.8, 127.9, 128.2, 128.4, 127.6, 12.6, 792.6]",None,0.0,OK,None,7,00024533,"[1, 1, 1, 1, 1, 1, 1, 1, 1]"
1870743,658207UA0A,"[1110, 0]","[30, 0]",13:48:09,20260417,0.0,10821,"[16.0, 74.8, 88.1, 117.3, 14.9, 311.1]","[1, 1, 1, 1]",0.0,OK,,,None,"[1, 1, 1, 1, 1, 1]"
1870742,658207UA0A,"[1109, 0]","[29, 0]",13:48:04,20260417,0.0,10821,"[15.5, 74.7, 88.1, 117.5, 15.5, 311.2]","[1, 1, 1, 1]",0.0,OK,,,None,"[1, 1, 1, 1, 1, 1]"
1870741,658207UA0A,"[1108, 0]","[28, 0]",13:48:00,20260417,0.0,10821,"[15.8, 74.3, 88.4, 117.5, 15.3, 311.4]","[1, 1, 1, 1]",0.0,OK,,,None,"[1, 1, 1, 1, 1, 1]"
1870740,8462284S00,"[1330, 10]","[228, 1]",13:47:58,20260417,0.0,10823,"[12.5, 127.6, 127.6, 128.2, 128.7, 128.6, 127.4, 12.6, 793.2]",None,0.0,OK,None,7,00024533,"[1, 1, 1, 1, 1, 1, 1, 1, 1]"
1870739,658207UA0A,"[1107, 0]","[27, 0]",13:47:53,20260417,0.0,10821,"[15.6, 74.5, 88.1, 116.7, 15.1, 310.1]","[1, 1, 1, 1]",0.0,OK,,,None,"[1, 1, 1, 1, 1, 1]"
1870738,808397UA0A,"[278, 8]","[206, 4]",13:47:51,20260417,0.0,10819,"[14.6, 123.8, 122.4, 80.8, 81.6, 123.0, 124.2, 14.8, 37.6, 40.3]",None,0.0,OK,,,None,"[1, 1, 1, 1, 1, 1, 1, 1, 1, 1]"
1870737,808397UA0A,"[278, 8]","[206, 4]",13:47:51,20260417,0.0,10819,"[15.0, 123.4, 123.8, 80.4, 80.8, 123.0, 123.4, 14.0, 36.9, 40.9]",None,0.0,OK,,,None,"[1, 1, 1, 1, 1, 1, 1, 1, 1, 1]"
1870736,808397UA0A,"[278, 8]","[206, 4]",13:47:51,20260417,0.0,10819,"[15.0, 123.6, 123.2, 80.4, 81.4, 122.4, 123.8, 13.4, 35.3, 41.7]",None,0.0,OK,,,None,"[1, 1, 1, 1, 1, 1, 1, 1, 1, 1]"
1870735,808397UA0A,"[278, 8]","[206, 4]",13:47:50,20260417,0.0,10819,"[14.8, 123.6, 122.8, 80.8, 80.4, 123.0, 122.4, 14.0, 37.8, 40.9]",None,0.0,OK,,,None,"[1, 1, 1, 1, 1, 1, 1, 1, 1, 1]"
1870734,808397UA0A,"[278, 8]","[206, 4]",13:47:50,20260417,0.0,10819,"[15.2, 123.6, 122.0, 81.0, 80.6, 121.8, 123.2, 13.8, 36.7, 40.7]",None,0.0,OK,,,None,"[1, 1, 1, 1, 1, 1, 1, 1, 1, 1]"
1870733,658207UA0A,"[1106, 0]","[26, 0]",13:47:49,20260417,0.0,10821,"[16.0, 74.5, 88.0, 117.1, 15.5, 311.1]","[1, 1, 1, 1]",0.0,OK,,,None,"[1, 1, 1, 1, 1, 1]"
1870732,8462284S00,"[1329, 10]","[227, 1]",13:47:47,20260417,0.0,10823,"[12.5, 127.8, 128.1, 128.4, 128.6, 128.6, 127.8, 12.4, 794.1]",None,0.0,OK,None,7,00024533,"[1, 1, 1, 1, 1, 1, 1, 1, 1]"
1870731,658207UA0A,"[1105, 0]","[25, 0]",13:47:44,20260417,0.0,10821,"[15.1, 74.2, 87.8, 117.5, 15.2, 309.7]","[1, 1, 1, 1]",0.0,OK,,,None,"[1, 1, 1, 1, 1, 1]"
1870730,658207UA0A,"[1104, 0]","[24, 0]",13:47:39,20260417,0.0,10821,"[14.6, 74.5, 88.0, 117.0, 15.5, 309.5]","[1, 1, 1, 1]",0.0,OK,,,None,"[1, 1, 1, 1, 1, 1]"
1870729,8462284S00,"[1328, 10]","[226, 1]",13:47:36,20260417,0.0,10823,"[12.0, 127.8, 128.1, 128.7, 128.4, 128.4, 127.8, 12.9, 794.0]",None,0.0,OK,None,7,00024533,"[1, 1, 1, 1, 1, 1, 1, 1, 1]"
1870728,658207UA0A,"[1103, 0]","[23, 0]",13:47:34,20260417,0.0,10821,"[15.6, 74.3, 88.0, 116.8, 15.3, 310.1]","[1, 1, 1, 1]",0.0,OK,,,None,"[1, 1, 1, 1, 1, 1]"
1870727,658207UA0A,"[1102, 0]","[22, 0]",13:47:29,20260417,0.0,10821,"[15.7, 74.8, 88.0, 117.8, 15.5, 311.7]","[1, 1, 1, 1]",0.0,OK,,,None,"[1, 1, 1, 1, 1, 1]"
1870725,658207UA0A,"[1101, 0]","[21, 0]",13:47:25,20260417,0.0,10821,"[15.4, 74.7, 88.1, 117.1, 15.1, 310.5]","[1, 1, 1, 1]",0.0,OK,,,None,"[1, 1, 1, 1, 1, 1]"
1870726,8462284S00,"[1327, 10]","[225, 1]",13:47:24,20260417,0.0,10823,"[12.3, 127.4, 127.8, 128.7, 128.4, 128.2, 127.8, 12.5, 793.2]",None,0.0,OK,None,7,00024533,"[1, 1, 1, 1, 1, 1, 1, 1, 1]"
1870724,8462284S00,"[1326, 10]","[224, 1]",13:47:14,20260417,0.0,10823,"[12.5, 127.5, 127.9, 127.9, 128.4, 128.6, 127.8, 12.5, 793.0]",None,0.0,OK,None,7,00024533,"[1, 1, 1, 1, 1, 1, 1, 1, 1]"
1870723,8462284S00,"[1325, 10]","[223, 1]",13:47:04,20260417,0.0,10823,"[12.7, 127.6, 127.9, 128.1, 128.7, 128.6, 127.1, 12.0, 792.7]",None,0.0,OK,None,7,00024533,"[1, 1, 1, 1, 1, 1, 1, 1, 1]"
1870722,8462284S00,"[1324, 10]","[222, 1]",13:46:54,20260417,0.0,10823,"[12.1, 127.6, 128.2, 128.6, 128.1, 128.2, 127.0, 12.4, 792.2]",None,0.0,OK,None,7,00024533,"[1, 1, 1, 1, 1, 1, 1, 1, 1]"
1870721,8462284S00,"[1323, 10]","[221, 1]",13:46:40,20260417,0.0,10823,"[11.9, 127.9, 127.8, 128.4, 128.6, 128.6, 127.3, 12.9, 793.2]",None,0.0,OK,None,7,00024533,"[1, 1, 1, 1, 1, 1, 1, 1, 1]"
1870720,82832W080PKENGEN,"[640, 1]","[15, 1]",13:46:38,20260417,0.0,None,"[27.6, 37.1, 38.0, 51.9, 61.4, 78.3, 98.6, 98.1, 86.8, 84.1, 13.8]",None,0.0,OK,None,,Null,"[1, 1, 1, 1, 1, 1, 1, 1, 1, 1, 1]"
1870719,82832W080PKENGEN,"[639, 1]","[14, 1]",13:46:14,20260417,0.0,None,"[27.5, 36.8, 38.4, 51.9, 61.0, 78.6, 98.3, 98.3, 86.9, 84.1, 13.4]",None,0.0,OK,None,,Null,"[1, 1, 1, 1, 1, 1, 1, 1, 1, 1, 1]"
1870718,8462284S00,"[1322, 10]","[220, 1]",13:45:59,20260417,0.0,10823,"[12.4, 127.6, 127.8, 128.2, 128.6, 128.1, 127.3, 12.7, 792.6]",None,0.0,OK,None,7,00024533,"[1, 1, 1, 1, 1, 1, 1, 1, 1]"
1870717,82832W080PKENGEN,"[638, 1]","[13, 1]",13:45:56,20260417,0.0,None,"[27.6, 36.6, 37.7, 51.8, 61.4, 78.3, 98.3, 97.8, 86.8, 84.4, 13.6]",None,0.0,OK,None,,Null,"[1, 1, 1, 1, 1, 1, 1, 1, 1, 1, 1]"
1870716,8462284S00,"[1321, 10]","[219, 1]",13:45:47,20260417,0.0,10823,"[11.9, 127.8, 128.2, 127.9, 128.4, 128.2, 127.0, 12.5, 792.0]",None,0.0,OK,None,7,00024533,"[1, 1, 1, 1, 1, 1, 1, 1, 1]"
1870715,8462284S00,"[1320, 10]","[218, 1]",13:45:37,20260417,0.0,10823,"[12.4, 127.4, 128.1, 128.1, 128.6, 128.4, 127.8, 12.3, 793.0]",None,0.0,OK,None,7,00024533,"[1, 1, 1, 1, 1, 1, 1, 1, 1]"
1870714,808387UA0A,"[276, 7]","[190, 0]",13:45:33,20260417,0.0,10819,"[14.8, 122.4, 121.0, 80.2, 80.0, 123.0, 122.6, 16.0, 36.6, 40.7]",None,0.0,OK,,,None,"[1, 1, 1, 1, 1, 1, 1, 1, 1, 1]"
1870713,808387UA0A,"[276, 7]","[190, 0]",13:45:33,20260417,0.0,10819,"[15.0, 122.2, 121.2, 80.6, 81.0, 122.0, 123.6, 15.2, 36.5, 40.5]",None,0.0,OK,,,None,"[1, 1, 1, 1, 1, 1, 1, 1, 1, 1]"
1870712,808387UA0A,"[276, 7]","[190, 0]",13:45:33,20260417,0.0,10819,"[14.6, 122.4, 121.0, 80.4, 80.8, 122.2, 123.2, 16.0, 37.9, 40.5]",None,0.0,OK,,,None,"[1, 1, 1, 1, 1, 1, 1, 1, 1, 1]"
1870711,808387UA0A,"[276, 7]","[190, 0]",13:45:33,20260417,0.0,10819,"[14.8, 122.2, 121.8, 80.6, 79.8, 123.6, 123.2, 16.6, 37.6, 41.3]",None,0.0,OK,,,None,"[1, 1, 1, 1, 1, 1, 1, 1, 1, 1]"
1870710,808387UA0A,"[276, 7]","[190, 0]",13:45:33,20260417,0.0,10819,"[15.0, 122.6, 121.4, 80.8, 80.4, 123.2, 123.4, 16.6, 37.5, 40.9]",None,0.0,OK,,,None,"[1, 1, 1, 1, 1, 1, 1, 1, 1, 1]"
1870709,8462284S00,"[1319, 10]","[217, 1]",13:45:28,20260417,0.0,10823,"[11.9, 127.8, 128.1, 128.1, 128.2, 128.2, 127.3, 9.8, 789.4]",None,0.0,OK,None,7,00024533,"[1, 1, 1, 1, 1, 1, 1, 1, 1]"
1870708,658207UA0A,"[1100, 0]","[20, 0]",13:45:23,20260417,0.0,10821,"[15.7, 74.8, 88.1, 117.3, 15.0, 310.9]","[1, 1, 1, 1]",0.0,OK,,,None,"[1, 1, 1, 1, 1, 1]"
1870707,658207UA0A,"[1099, 0]","[19, 0]",13:45:19,20260417,0.0,10821,"[15.6, 74.2, 88.4, 117.3, 14.9, 310.5]","[1, 1, 1, 1]",0.0,OK,,,None,"[1, 1, 1, 1, 1, 1]"
1870706,658207UA0A,"[1098, 0]","[18, 0]",13:45:14,20260417,0.0,10821,"[16.1, 75.3, 87.3, 118.1, 15.0, 311.8]","[1, 1, 1, 1]",0.0,OK,,,None,"[1, 1, 1, 1, 1, 1]"
1870705,82832W080PKENGEN,"[637, 1]","[12, 1]",13:45:13,20260417,0.0,None,"[27.5, 36.6, 38.0, 52.1, 61.5, 78.1, 98.6, 98.1, 86.8, 84.5, 13.5]",None,0.0,OK,None,,Null,"[1, 1, 1, 1, 1, 1, 1, 1, 1, 1, 1]"
1870704,658207UA0A,"[1097, 0]","[17, 0]",13:45:08,20260417,0.0,10821,"[16.0, 74.5, 88.3, 117.5, 15.5, 311.7]","[1, 1, 1, 1]",0.0,OK,,,None,"[1, 1, 1, 1, 1, 1]"
1870703,82832W080PKENGEN,"[636, 1]","[11, 1]",13:45:05,20260417,0.0,None,"[0, 0, 0, 0, 0, 0, 0, 0, 0, 0, 0]",None,0.0,NG,KATABU MARKING NOT FOUND,,Null,"[0, 0, 0, 0, 0, 0, 0, 0, 0, 0, 0]"
1870702,658207UA0A,"[1096, 0]","[16, 0]",13:45:02,20260417,0.0,10821,"[15.7, 74.2, 88.0, 117.3, 15.5, 310.6]","[1, 1, 1, 1]",0.0,OK,,,None,"[1, 1, 1, 1, 1, 1]"
1870701,8462284S00,"[1318, 10]","[216, 1]",13:45:01,20260417,0.0,10823,"[12.4, 127.4, 127.9, 128.7, 128.4, 128.6, 127.8, 12.4, 793.6]",None,0.0,OK,None,7,00024533,"[1, 1, 1, 1, 1, 1, 1, 1, 1]"
1870700,658207UA0A,"[1095, 0]","[15, 0]",13:44:57,20260417,0.0,10821,MANUAL,MANUAL,0.0,MANUAL,MANUAL,,Null,MANUAL
1870699,658207UA0A,"[1095, 1]","[15, 1]",13:44:56,20260417,0.0,10821,MANUAL,MANUAL,0.0,MANUAL,MANUAL,,Null,MANUAL
1870698,658207UA0A,"[1095, 2]","[15, 2]",13:44:56,20260417,0.0,10821,MANUAL,MANUAL,0.0,MANUAL,MANUAL,,Null,MANUAL
1870697,658207UA0A,"[1095, 3]","[15, 3]",13:44:53,20260417,0.0,10821,"[14.8, 73.9, 88.0, 117.8, 15.6, 310.0]","[1, 1, 1, 1]",0.0,OK,,,None,"[1, 1, 1, 1, 1, 1]"
1870696,8462284S00,"[1317, 10]","[215, 1]",13:44:50,20260417,0.0,10823,"[12.8, 128.0, 128.1, 127.9, 128.6, 128.4, 127.5, 12.8, 794.0]",None,0.0,OK,None,7,00024533,"[1, 1, 1, 1, 1, 1, 1, 1, 1]"
1870695,82832W080PKENGEN,"[636, 0]","[11, 0]",13:44:46,20260417,0.0,None,"[27.8, 37.1, 37.9, 51.9, 61.2, 78.0, 98.4, 97.6, 86.6, 84.2, 13.8]",None,0.0,OK,None,,Null,"[1, 1, 1, 1, 1, 1, 1, 1, 1, 1, 1]"
1870694,658207UA0A,"[1094, 3]","[14, 3]",13:44:44,20260417,0.0,10821,"[0, 0, 0, 0, 0, 0]",[],0.0,NG,PART IS NOT FOUND,,None,"[0, 0, 0, 0, 0, 0]"
1870693,8462284S00,"[1316, 10]","[214, 1]",13:44:39,20260417,0.0,10823,"[12.1, 127.8, 128.1, 128.2, 128.4, 128.7, 127.4, 12.8, 793.5]",None,0.0,OK,None,7,00024533,"[1, 1, 1, 1, 1, 1, 1, 1, 1]"
1870692,82832W080PKENGEN,"[635, 0]","[10, 0]",13:44:38,20260417,0.0,None,"[27.6, 36.9, 38.0, 51.6, 61.7, 78.3, 98.6, 98.1, 86.9, 84.7, 13.6]",None,0.0,OK,None,,Null,"[1, 1, 1, 1, 1, 1, 1, 1, 1, 1, 1]"
1870691,658207UA0A,"[1094, 2]","[14, 2]",13:44:33,20260417,0.0,10821,"[14.8, 73.7, 88.0, 117.6, 15.4, 309.5]","[1, 1, 1, 1]",0.0,NG,CLIP PITCH NG,,None,"[1, 0, 1, 1, 1, 1]"
1870690,658207UA0A,"[1094, 1]","[14, 1]",13:44:29,20260417,0.0,10821,"[15.1, 73.7, 87.8, 117.8, 15.2, 309.6]","[1, 1, 1, 1]",0.0,NG,CLIP PITCH NG,,None,"[1, 0, 1, 1, 1, 1]"
1870689,8462284S00,"[1315, 10]","[213, 1]",13:44:27,20260417,0.0,10823,"[12.5, 127.4, 128.1, 128.7, 128.4, 128.7, 127.4, 12.3, 793.6]",None,0.0,OK,None,7,00024533,"[1, 1, 1, 1, 1, 1, 1, 1, 1]"
1870688,658207UA0A,"[1094, 0]","[14, 0]",13:44:23,20260417,0.0,10821,"[16.2, 74.5, 88.3, 117.1, 14.9, 311.0]","[1, 1, 1, 1]",0.0,OK,,,None,"[1, 1, 1, 1, 1, 1]"
1870687,658207UA0A,"[1093, 0]","[13, 0]",13:44:16,20260417,0.0,10821,"[15.7, 74.8, 87.7, 117.3, 15.5, 311.0]","[1, 1, 1, 1]",0.0,OK,,,None,"[1, 1, 1, 1, 1, 1]"
1870686,8462284S00,"[1314, 10]","[212, 1]",13:44:15,20260417,0.0,10823,"[12.1, 127.4, 128.2, 128.4, 128.6, 128.6, 127.6, 12.7, 793.7]",None,0.0,OK,None,7,00024533,"[1, 1, 1, 1, 1, 1, 1, 1, 1]"
1870685,658207UA0A,"[1092, 0]","[12, 0]",13:44:11,20260417,0.0,10821,"[15.7, 74.7, 88.3, 117.0, 15.2, 310.8]","[1, 1, 1, 1]",0.0,OK,,,None,"[1, 1, 1, 1, 1, 1]"
1870684,658207UA0A,"[1091, 0]","[11, 0]",13:44:07,20260417,0.0,10821,"[16.2, 74.8, 88.1, 117.3, 15.1, 311.5]","[1, 1, 1, 1]",0.0,OK,,,None,"[1, 1, 1, 1, 1, 1]"
1870683,8462284S00,"[1313, 10]","[211, 1]",13:44:03,20260417,0.0,10823,"[12.4, 127.5, 128.1, 128.3, 128.6, 128.6, 127.4, 12.2, 793.0]",None,0.0,OK,None,7,00024533,"[1, 1, 1, 1, 1, 1, 1, 1, 1]"
1870682,82832W080PKENGEN,"[634, 0]","[9, 0]",13:43:55,20260417,0.0,None,"[27.6, 36.6, 37.9, 51.9, 61.2, 78.0, 98.4, 98.4, 86.9, 84.4, 13.6]",None,0.0,OK,None,,Null,"[1, 1, 1, 1, 1, 1, 1, 1, 1, 1, 1]"
1870681,82832W080PKENGEN,"[633, 0]","[8, 0]",13:43:37,20260417,0.0,None,"[27.6, 36.8, 38.2, 51.9, 61.7, 77.8, 98.4, 98.4, 86.9, 84.2, 13.8]",None,0.0,OK,None,,Null,"[1, 1, 1, 1, 1, 1, 1, 1, 1, 1, 1]"
1870680,8462284S00,"[1312, 10]","[210, 1]",13:43:31,20260417,0.0,10823,"[12.6, 127.3, 128.1, 127.8, 129.2, 128.2, 127.4, 12.4, 792.9]",None,0.0,OK,None,7,00024533,"[1, 1, 1, 1, 1, 1, 1, 1, 1]"
1870679,658207UA0A,"[1090, 0]","[10, 0]",13:43:20,20260417,0.0,10821,"[15.8, 74.3, 88.1, 117.6, 14.8, 310.7]","[1, 1, 1, 1]",0.0,OK,,,None,"[1, 1, 1, 1, 1, 1]"
1870678,82832W080PKENGEN,"[632, 0]","[7, 0]",13:43:17,20260417,0.0,None,"[28.0, 36.9, 37.7, 51.8, 61.2, 78.1, 98.1, 98.3, 87.1, 85.0, 13.8]",None,0.0,OK,None,,Null,"[1, 1, 1, 1, 1, 1, 1, 1, 1, 1, 1]"
1870677,658207UA0A,"[1089, 0]","[9, 0]",13:43:14,20260417,0.0,10821,"[15.5, 74.5, 88.3, 117.6, 14.9, 310.9]","[1, 1, 1, 1]",0.0,OK,,,None,"[1, 1, 1, 1, 1, 1]"
1870676,658207UA0A,"[1088, 0]","[8, 0]",13:43:07,20260417,0.0,10821,"[16.4, 74.7, 88.1, 117.6, 15.1, 311.9]","[1, 1, 1, 1]",0.0,OK,,,None,"[1, 1, 1, 1, 1, 1]"
1870675,658207UA0A,"[1087, 0]","[7, 0]",13:43:02,20260417,0.0,10821,"[15.7, 74.5, 88.1, 117.5, 15.3, 311.1]","[1, 1, 1, 1]",0.0,OK,,,None,"[1, 1, 1, 1, 1, 1]"
1870673,658207UA0A,"[1086, 0]","[6, 0]",13:42:57,20260417,0.0,10821,"[15.9, 74.8, 88.3, 117.5, 14.7, 311.2]","[1, 1, 1, 1]",0.0,OK,,,None,"[1, 1, 1, 1, 1, 1]"
1870674,82832W080PKENGEN,"[631, 0]","[6, 0]",13:42:56,20260417,0.0,None,"[27.6, 37.1, 37.9, 52.1, 61.2, 78.3, 98.1, 98.1, 86.9, 84.7, 13.6]",None,0.0,OK,None,,Null,"[1, 1, 1, 1, 1, 1, 1, 1, 1, 1, 1]"
1870672,658207UA0A,"[1085, 0]","[5, 0]",13:42:52,20260417,0.0,10821,"[15.8, 74.5, 88.0, 117.1, 15.8, 311.2]","[1, 1, 1, 1]",0.0,OK,,,None,"[1, 1, 1, 1, 1, 1]"
1870671,658207UA0A,"[1084, 0]","[4, 0]",13:42:45,20260417,0.0,10821,"[15.6, 74.7, 87.7, 117.1, 15.6, 310.6]","[1, 1, 1, 1]",0.0,OK,,,None,"[1, 1, 1, 1, 1, 1]"
1870669,808397UA0A,"[273, 8]","[201, 4]",13:42:43,20260417,0.0,10819,"[15.6, 123.2, 121.8, 80.8, 81.0, 122.2, 123.6, 14.0, 37.3, 40.5]",None,0.0,OK,,,None,"[1, 1, 1, 1, 1, 1, 1, 1, 1, 1]"
1870668,808397UA0A,"[273, 8]","[201, 4]",13:42:43,20260417,0.0,10819,"[15.0, 123.2, 122.8, 80.6, 81.2, 122.2, 123.0, 14.0, 37.3, 40.7]",None,0.0,OK,,,None,"[1, 1, 1, 1, 1, 1, 1, 1, 1, 1]"
1870666,808397UA0A,"[273, 8]","[201, 4]",13:42:42,20260417,0.0,10819,"[15.4, 123.0, 122.8, 79.6, 81.2, 122.4, 123.2, 13.8, 37.6, 40.9]",None,0.0,OK,,,None,"[1, 1, 1, 1, 1, 1, 1, 1, 1, 1]"
1870665,808397UA0A,"[273, 8]","[201, 4]",13:42:42,20260417,0.0,10819,"[15.2, 122.8, 122.2, 80.6, 80.8, 122.0, 122.8, 13.4, 36.3, 41.1]",None,0.0,OK,,,None,"[1, 1, 1, 1, 1, 1, 1, 1, 1, 1]"
1870667,808397UA0A,"[273, 8]","[201, 4]",13:42:42,20260417,0.0,10819,"[15.0, 123.8, 122.4, 80.4, 80.8, 122.2, 123.2, 13.6, 35.9, 41.1]",None,0.0,OK,,,None,"[1, 1, 1, 1, 1, 1, 1, 1, 1, 1]"
1870670,8462284S00,"[1311, 10]","[209, 1]",13:42:42,20260417,0.0,10823,"[12.0, 127.8, 128.4, 128.6, 128.2, 128.7, 128.1, 12.3, 794.0]",None,0.0,OK,None,7,00024533,"[1, 1, 1, 1, 1, 1, 1, 1, 1]"
1870664,658207UA0A,"[1083, 0]","[3, 0]",13:42:41,20260417,0.0,10821,"[15.6, 74.7, 88.1, 117.1, 14.8, 310.2]","[1, 1, 1, 1]",0.0,OK,,,None,"[1, 1, 1, 1, 1, 1]"
1870663,82832W080PKENGEN,"[630, 0]","[5, 0]",13:42:38,20260417,0.0,None,"[28.0, 36.8, 38.2, 51.9, 61.4, 78.3, 98.0, 97.8, 86.6, 84.7, 13.8]",None,0.0,OK,None,,Null,"[1, 1, 1, 1, 1, 1, 1, 1, 1, 1, 1]"
1870662,658207UA0A,"[1082, 0]","[2, 0]",13:42:36,20260417,0.0,10821,"[15.6, 74.5, 88.1, 116.7, 14.8, 309.7]","[1, 1, 1, 1]",0.0,OK,,,None,"[1, 1, 1, 1, 1, 1]"
1870661,658207UA0A,"[1081, 0]","[1, 0]",13:42:31,20260417,0.0,10821,"[15.5, 74.3, 88.3, 117.3, 15.4, 310.9]","[1, 1, 1, 1]",0.0,OK,,,None,"[1, 1, 1, 1, 1, 1]"
1870660,8462284S00,"[1310, 10]","[208, 1]",13:42:30,20260417,0.0,10823,"[12.1, 127.6, 127.9, 128.2, 128.6, 128.9, 127.4, 12.7, 793.4]",None,0.0,OK,None,7,00024533,"[1, 1, 1, 1, 1, 1, 1, 1, 1]"
1870659,8462284S00,"[1309, 10]","[207, 1]",13:42:18,20260417,0.0,10823,"[11.9, 128.1, 128.1, 128.2, 128.4, 128.9, 127.8, 12.8, 794.1]",None,0.0,OK,None,7,00024533,"[1, 1, 1, 1, 1, 1, 1, 1, 1]"
1870658,82832W080PKENGEN,"[629, 0]","[4, 0]",13:42:16,20260417,0.0,None,"[27.8, 36.9, 37.9, 52.3, 61.2, 78.1, 98.0, 98.0, 87.1, 84.5, 13.8]",None,0.0,OK,None,,Null,"[1, 1, 1, 1, 1, 1, 1, 1, 1, 1, 1]"
1870657,8462284S00,"[1308, 10]","[206, 1]",13:42:04,20260417,0.0,10823,"[12.7, 127.4, 127.9, 128.4, 128.9, 128.2, 127.4, 12.8, 793.8]",None,0.0,OK,None,7,00024533,"[1, 1, 1, 1, 1, 1, 1, 1, 1]"
1870656,658207UA0A,"[1080, 0]","[0, 0]",13:42:01,20260417,0.0,10821,COUNTERRESET,COUNTERRESET,0.0,COUNTERRESET,COUNTERRESET,,COUNTERRESET,COUNTERRESET
1870655,82832W080PKENGEN,"[628, 0]","[3, 0]",13:41:59,20260417,0.0,None,"[27.8, 36.8, 38.4, 51.6, 61.2, 78.3, 97.8, 98.1, 86.9, 84.4, 13.6]",None,0.0,OK,None,,Null,"[1, 1, 1, 1, 1, 1, 1, 1, 1, 1, 1]"
1870654,8462284S00,"[1307, 10]","[205, 1]",13:41:53,20260417,0.0,10823,"[12.4, 128.0, 128.1, 126.6, 129.2, 129.2, 127.6, 11.3, 792.3]",None,0.0,OK,None,7,00024533,"[1, 1, 1, 1, 1, 1, 1, 1, 1]"
1870653,8462284S00,"[1306, 10]","[204, 1]",13:41:26,20260417,0.0,10823,"[11.9, 127.6, 127.9, 128.2, 128.2, 128.4, 127.6, 13.0, 792.9]",None,0.0,OK,None,7,00024533,"[1, 1, 1, 1, 1, 1, 1, 1, 1]"
1870652,8462284S00,"[1305, 10]","[203, 1]",13:41:15,20260417,0.0,10823,"[12.5, 127.3, 127.9, 128.7, 128.2, 128.2, 127.4, 12.5, 792.8]",None,0.0,OK,None,7,00024533,"[1, 1, 1, 1, 1, 1, 1, 1, 1]"
1870651,82832W080PKENGEN,"[627, 0]","[2, 0]",13:41:04,20260417,0.0,None,"[27.5, 36.8, 38.0, 51.9, 61.2, 78.3, 98.4, 98.0, 87.3, 84.4, 13.6]",None,0.0,OK,None,,Null,"[1, 1, 1, 1, 1, 1, 1, 1, 1, 1, 1]"
1870650,8462284S00,"[1304, 10]","[202, 1]",13:41:03,20260417,0.0,10823,"[12.2, 127.8, 128.2, 128.2, 128.7, 128.7, 127.6, 12.2, 793.7]",None,0.0,OK,None,7,00024533,"[1, 1, 1, 1, 1, 1, 1, 1, 1]"
1870649,82832W080PKENGEN,"[626, 0]","[1, 0]",13:40:29,20260417,0.0,None,"[27.5, 36.8, 37.9, 51.6, 61.4, 77.7, 98.1, 97.8, 86.6, 84.4, 13.8]",None,0.0,OK,None,,Null,"[1, 1, 1, 1, 1, 1, 1, 1, 1, 1, 1]"
1870648,8462284S00,"[1303, 10]","[201, 1]",13:40:14,20260417,0.0,10823,"[12.1, 127.4, 127.8, 128.4, 128.6, 128.2, 127.8, 12.5, 792.7]",None,0.0,OK,None,7,00024533,"[1, 1, 1, 1, 1, 1, 1, 1, 1]"
1870647,808387UA0A,"[271, 7]","[185, 0]",13:39:58,20260417,0.0,10819,"[15.6, 121.8, 121.0, 80.4, 79.2, 123.2, 123.0, 16.0, 36.7, 40.9]",None,0.0,OK,,,None,"[1, 1, 1, 1, 1, 1, 1, 1, 1, 1]"
1870646,808387UA0A,"[271, 7]","[185, 0]",13:39:58,20260417,0.0,10819,"[15.4, 122.2, 121.4, 80.4, 80.2, 122.8, 123.6, 16.4, 37.0, 40.7]",None,0.0,OK,,,None,"[1, 1, 1, 1, 1, 1, 1, 1, 1, 1]"
1870645,808387UA0A,"[271, 7]","[185, 0]",13:39:58,20260417,0.0,10819,"[15.2, 122.2, 121.2, 80.0, 80.4, 122.8, 123.4, 15.8, 36.4, 41.3]",None,0.0,OK,,,None,"[1, 1, 1, 1, 1, 1, 1, 1, 1, 1]"
1870644,808387UA0A,"[271, 7]","[185, 0]",13:39:58,20260417,0.0,10819,"[15.2, 122.6, 120.8, 80.6, 79.8, 123.2, 123.2, 16.6, 37.5, 40.5]",None,0.0,OK,,,None,"[1, 1, 1, 1, 1, 1, 1, 1, 1, 1]"
1870643,808387UA0A,"[271, 7]","[185, 0]",13:39:58,20260417,0.0,10819,"[15.2, 122.0, 121.2, 80.2, 80.2, 122.4, 123.0, 15.4, 37.3, 40.9]",None,0.0,OK,,,None,"[1, 1, 1, 1, 1, 1, 1, 1, 1, 1]"
1870640,808397UA0A,"[268, 8]","[196, 4]",13:36:51,20260417,0.0,10819,"[15.0, 123.4, 122.4, 80.2, 80.6, 122.2, 123.6, 13.6, 36.0, 41.3]",None,0.0,OK,,,None,"[1, 1, 1, 1, 1, 1, 1, 1, 1, 1]"
1870638,808397UA0A,"[268, 8]","[196, 4]",13:36:51,20260417,0.0,10819,"[14.8, 123.0, 123.8, 79.8, 80.4, 122.4, 123.6, 13.8, 36.9, 40.9]",None,0.0,OK,,,None,"[1, 1, 1, 1, 1, 1, 1, 1, 1, 1]"
1870639,808397UA0A,"[268, 8]","[196, 4]",13:36:51,20260417,0.0,10819,"[14.8, 123.2, 122.2, 81.2, 81.0, 122.4, 123.8, 14.0, 37.4, 41.1]",None,0.0,OK,,,None,"[1, 1, 1, 1, 1, 1, 1, 1, 1, 1]"
1870641,808397UA0A,"[268, 8]","[196, 4]",13:36:51,20260417,0.0,10819,"[15.0, 123.2, 123.0, 80.4, 80.8, 122.8, 123.4, 14.0, 37.1, 40.7]",None,0.0,OK,,,None,"[1, 1, 1, 1, 1, 1, 1, 1, 1, 1]"
1870642,808397UA0A,"[268, 8]","[196, 4]",13:36:51,20260417,0.0,10819,"[16.0, 123.2, 121.2, 81.2, 81.0, 122.2, 123.2, 14.0, 37.1, 40.7]",None,0.0,OK,,,None,"[1, 1, 1, 1, 1, 1, 1, 1, 1, 1]"
1870637,808387UA0A,"[266, 7]","[180, 0]",13:34:01,20260417,0.0,10819,"[15.2, 122.2, 121.2, 80.2, 79.6, 123.0, 123.4, 15.8, 37.8, 43.7]",None,0.0,OK,,,None,"[1, 1, 1, 1, 1, 1, 1, 1, 1, 1]"
1870636,808387UA0A,"[266, 7]","[180, 0]",13:34:01,20260417,0.0,10819,"[15.4, 122.2, 120.6, 80.6, 80.0, 122.8, 123.0, 15.0, 37.0, 41.5]",None,0.0,OK,,,None,"[1, 1, 1, 1, 1, 1, 1, 1, 1, 1]"
1870635,808387UA0A,"[266, 7]","[180, 0]",13:34:00,20260417,0.0,10819,"[15.0, 122.2, 121.4, 80.2, 80.8, 122.0, 123.2, 15.2, 37.4, 41.3]",None,0.0,OK,,,None,"[1, 1, 1, 1, 1, 1, 1, 1, 1, 1]"
1870634,808387UA0A,"[266, 7]","[180, 0]",13:34:00,20260417,0.0,10819,"[14.8, 122.2, 121.6, 80.4, 80.0, 122.8, 123.4, 15.6, 36.7, 40.9]",None,0.0,OK,,,None,"[1, 1, 1, 1, 1, 1, 1, 1, 1, 1]"
1870633,808387UA0A,"[266, 7]","[180, 0]",13:34:00,20260417,0.0,10819,"[15.2, 122.0, 121.6, 80.0, 80.0, 122.8, 123.2, 15.2, 36.5, 40.3]",None,0.0,OK,,,None,"[1, 1, 1, 1, 1, 1, 1, 1, 1, 1]"
1870632,82832W080PKENGEN,"[625, 0]","[0, 0]",13:33:19,20260417,0.0,None,COUNTERRESET,COUNTERRESET,0.0,COUNTERRESET,COUNTERRESET,,Null,COUNTERRESET
1870631,82832W080PKENGEN,"[625, 0]","[200, 0]",13:33:16,20260417,0.0,None,"[27.5, 36.6, 38.0, 51.9, 61.4, 78.6, 98.1, 98.1, 86.8, 84.2, 13.6]",None,0.0,OK,None,,Null,"[1, 1, 1, 1, 1, 1, 1, 1, 1, 1, 1]"
1870630,82832W080PKENGEN,"[624, 0]","[199, 0]",13:32:52,20260417,0.0,None,"[28.1, 37.2, 38.4, 52.3, 61.4, 78.1, 98.4, 98.8, 87.3, 84.2, 13.6]",None,0.0,OK,None,,Null,"[1, 1, 1, 1, 1, 1, 1, 1, 1, 1, 1]"
1870629,82832W080PKENGEN,"[623, 0]","[198, 0]",13:32:34,20260417,0.0,None,"[27.6, 36.6, 38.0, 51.8, 61.2, 78.1, 98.1, 97.6, 87.4, 84.2, 13.6]",None,0.0,OK,None,,Null,"[1, 1, 1, 1, 1, 1, 1, 1, 1, 1, 1]"
1870628,82832W080PKENGEN,"[622, 0]","[197, 0]",13:32:11,20260417,0.0,None,"[28.1, 37.2, 38.4, 52.4, 61.4, 78.3, 98.4, 98.3, 87.1, 84.4, 13.6]",None,0.0,OK,None,,Null,"[1, 1, 1, 1, 1, 1, 1, 1, 1, 1, 1]"
1870627,82832W080PKENGEN,"[621, 0]","[196, 0]",13:31:49,20260417,0.0,None,"[27.6, 36.9, 38.4, 51.8, 61.4, 78.3, 98.4, 98.4, 86.9, 84.4, 13.8]",None,0.0,OK,None,,Null,"[1, 1, 1, 1, 1, 1, 1, 1, 1, 1, 1]"
1870623,808397UA0A,"[263, 8]","[191, 4]",13:31:48,20260417,0.0,10819,"[15.2, 123.2, 122.6, 80.6, 80.8, 122.0, 123.2, 14.2, 36.9, 41.1]",None,0.0,OK,,,None,"[1, 1, 1, 1, 1, 1, 1, 1, 1, 1]"
1870622,808397UA0A,"[263, 8]","[191, 4]",13:31:48,20260417,0.0,10819,"[15.0, 123.4, 121.8, 80.8, 80.8, 121.8, 122.8, 14.0, 37.1, 41.3]",None,0.0,OK,,,None,"[1, 1, 1, 1, 1, 1, 1, 1, 1, 1]"
1870624,808397UA0A,"[263, 8]","[191, 4]",13:31:48,20260417,0.0,10819,"[15.0, 123.2, 122.8, 80.0, 81.4, 122.2, 123.2, 14.4, 36.2, 40.9]",None,0.0,OK,,,None,"[1, 1, 1, 1, 1, 1, 1, 1, 1, 1]"
1870625,808397UA0A,"[263, 8]","[191, 4]",13:31:48,20260417,0.0,10819,"[15.4, 123.4, 122.4, 80.2, 81.4, 122.6, 123.2, 13.8, 37.8, 40.5]",None,0.0,OK,,,None,"[1, 1, 1, 1, 1, 1, 1, 1, 1, 1]"
1870626,808397UA0A,"[263, 8]","[191, 4]",13:31:48,20260417,0.0,10819,"[15.2, 123.4, 121.2, 81.6, 81.2, 122.2, 122.8, 14.2, 37.0, 40.9]",None,0.0,OK,,,None,"[1, 1, 1, 1, 1, 1, 1, 1, 1, 1]"
1870621,82832W080PKENGEN,"[620, 0]","[195, 0]",13:31:30,20260417,0.0,None,"[27.5, 36.6, 37.9, 51.9, 61.0, 78.5, 98.0, 98.4, 86.6, 84.7, 13.8]",None,0.0,OK,None,,Null,"[1, 1, 1, 1, 1, 1, 1, 1, 1, 1, 1]"
1870620,82832W080PKENGEN,"[619, 0]","[194, 0]",13:31:11,20260417,0.0,None,"[27.5, 36.6, 37.9, 52.1, 61.0, 78.0, 98.4, 98.4, 86.9, 84.5, 13.6]",None,0.0,OK,None,,Null,"[1, 1, 1, 1, 1, 1, 1, 1, 1, 1, 1]"
1870619,82832W080PKENGEN,"[618, 0]","[193, 0]",13:30:52,20260417,0.0,None,"[27.6, 36.9, 37.9, 51.8, 61.4, 78.1, 98.3, 97.8, 86.5, 84.7, 13.6]",None,0.0,OK,None,,Null,"[1, 1, 1, 1, 1, 1, 1, 1, 1, 1, 1]"
1870618,8462284S00,"[1302, 10]","[200, 1]",13:30:47,20260417,0.0,10823,"[12.4, 127.4, 128.1, 128.2, 128.9, 128.6, 127.8, 12.8, 794.0]",None,0.0,OK,None,7,00024533,"[1, 1, 1, 1, 1, 1, 1, 1, 1]"
1870617,8462284S00,"[1301, 10]","[199, 1]",13:30:36,20260417,0.0,10823,"[12.4, 127.4, 128.1, 128.4, 128.4, 128.1, 127.0, 12.0, 791.7]",None,0.0,OK,None,7,00024533,"[1, 1, 1, 1, 1, 1, 1, 1, 1]"
1870616,82832W080PKENGEN,"[617, 0]","[192, 0]",13:30:31,20260417,0.0,None,"[27.6, 37.1, 38.5, 52.1, 61.5, 78.0, 98.6, 98.4, 87.1, 84.4, 13.6]",None,0.0,OK,None,,Null,"[1, 1, 1, 1, 1, 1, 1, 1, 1, 1, 1]"
1870615,8462284S00,"[1300, 10]","[198, 1]",13:30:27,20260417,0.0,10823,"[12.2, 127.9, 127.9, 128.3, 128.7, 128.6, 127.9, 12.4, 793.8]",None,0.0,OK,None,7,00024533,"[1, 1, 1, 1, 1, 1, 1, 1, 1]"
1870614,8462284S00,"[1299, 10]","[197, 1]",13:30:17,20260417,0.0,10823,"[12.6, 127.6, 128.1, 128.4, 128.9, 129.0, 127.8, 12.7, 795.0]",None,0.0,OK,None,7,00024533,"[1, 1, 1, 1, 1, 1, 1, 1, 1]"
1870613,82832W080PKENGEN,"[616, 0]","[191, 0]",13:30:11,20260417,0.0,None,"[27.8, 36.9, 38.4, 51.8, 61.0, 78.3, 97.8, 98.0, 86.5, 84.7, 13.6]",None,0.0,OK,None,,Null,"[1, 1, 1, 1, 1, 1, 1, 1, 1, 1, 1]"
1870612,8462284S00,"[1298, 10]","[196, 1]",13:30:08,20260417,0.0,10823,"[12.5, 127.3, 128.2, 129.2, 128.7, 128.6, 127.6, 12.6, 794.7]",None,0.0,OK,None,7,00024533,"[1, 1, 1, 1, 1, 1, 1, 1, 1]"
1870611,8462284S00,"[1297, 10]","[195, 1]",13:29:58,20260417,0.0,10823,"[12.2, 127.8, 128.6, 128.7, 128.7, 128.9, 127.4, 12.2, 794.5]",None,0.0,OK,None,7,00024533,"[1, 1, 1, 1, 1, 1, 1, 1, 1]"
1870610,82832W080PKENGEN,"[615, 0]","[190, 0]",13:29:52,20260417,0.0,None,"[28.0, 36.8, 38.5, 52.1, 61.4, 78.1, 98.4, 98.4, 86.6, 84.5, 13.6]",None,0.0,OK,None,,Null,"[1, 1, 1, 1, 1, 1, 1, 1, 1, 1, 1]"
1870608,808387UA0A,"[261, 7]","[175, 0]",13:29:31,20260417,0.0,10819,"[14.8, 122.6, 121.2, 80.3, 80.6, 122.0, 123.6, 15.6, 36.7, 40.7]",None,0.0,OK,,,None,"[1, 1, 1, 1, 1, 1, 1, 1, 1, 1]"
1870605,808387UA0A,"[261, 7]","[175, 0]",13:29:31,20260417,0.0,10819,"[14.6, 122.6, 121.2, 80.6, 80.0, 123.6, 123.2, 16.0, 37.2, 41.3]",None,0.0,OK,,,None,"[1, 1, 1, 1, 1, 1, 1, 1, 1, 1]"
1870606,808387UA0A,"[261, 7]","[175, 0]",13:29:31,20260417,0.0,10819,"[14.8, 122.8, 121.2, 80.6, 80.0, 123.4, 123.6, 16.2, 37.3, 40.7]",None,0.0,OK,,,None,"[1, 1, 1, 1, 1, 1, 1, 1, 1, 1]"
1870607,808387UA0A,"[261, 7]","[175, 0]",13:29:31,20260417,0.0,10819,"[15.0, 122.2, 121.4, 80.4, 80.4, 122.0, 123.6, 15.0, 36.9, 40.5]",None,0.0,OK,,,None,"[1, 1, 1, 1, 1, 1, 1, 1, 1, 1]"
1870609,808387UA0A,"[261, 7]","[175, 0]",13:29:31,20260417,0.0,10819,"[15.0, 122.2, 121.6, 80.8, 79.8, 123.4, 123.8, 16.4, 36.7, 41.1]",None,0.0,OK,,,None,"[1, 1, 1, 1, 1, 1, 1, 1, 1, 1]"
1870604,82832W080PKENGEN,"[614, 0]","[189, 0]",13:29:28,20260417,0.0,None,"[27.5, 36.8, 38.2, 51.6, 61.0, 78.3, 98.0, 98.1, 87.1, 84.4, 13.6]",None,0.0,OK,None,,Null,"[1, 1, 1, 1, 1, 1, 1, 1, 1, 1, 1]"
1870603,82832W080PKENGEN,"[613, 0]","[188, 0]",13:29:08,20260417,0.0,None,"[27.8, 36.8, 37.9, 51.9, 61.7, 78.3, 98.6, 97.6, 86.6, 84.5, 13.7]",None,0.0,OK,None,,Null,"[1, 1, 1, 1, 1, 1, 1, 1, 1, 1, 1]"
1870602,8462284S00,"[1296, 10]","[194, 1]",13:28:53,20260417,0.0,10823,"[12.1, 127.9, 128.7, 127.8, 129.2, 128.6, 127.4, 12.6, 794.3]",None,0.0,OK,None,7,00024533,"[1, 1, 1, 1, 1, 1, 1, 1, 1]"
1870601,82832W080PKENGEN,"[612, 0]","[187, 0]",13:28:51,20260417,0.0,None,"[28.1, 36.9, 38.0, 51.8, 61.0, 78.5, 98.1, 98.1, 86.6, 84.5, 13.6]",None,0.0,OK,None,,Null,"[1, 1, 1, 1, 1, 1, 1, 1, 1, 1, 1]"
1870600,8462284S00,"[1295, 10]","[193, 1]",13:28:41,20260417,0.0,10823,"[12.3, 127.6, 128.4, 126.8, 129.7, 128.7, 127.3, 12.7, 793.5]",None,0.0,OK,None,7,00024533,"[1, 1, 1, 1, 1, 1, 1, 1, 1]"
1870599,8462284S00,"[1294, 10]","[192, 1]",13:28:32,20260417,0.0,10823,"[12.0, 127.6, 127.9, 128.6, 128.9, 128.6, 127.6, 12.3, 793.4]",None,0.0,OK,None,7,00024533,"[1, 1, 1, 1, 1, 1, 1, 1, 1]"
1870598,82832W080PKENGEN,"[611, 0]","[186, 0]",13:28:22,20260417,0.0,None,"[27.6, 36.6, 38.0, 51.9, 61.4, 78.1, 98.9, 98.1, 86.8, 84.7, 13.6]",None,0.0,OK,None,,Null,"[1, 1, 1, 1, 1, 1, 1, 1, 1, 1, 1]"
1870597,8462284S00,"[1293, 10]","[191, 1]",13:28:22,20260417,0.0,10823,"[12.2, 127.8, 127.9, 128.4, 128.4, 128.9, 127.8, 12.4, 793.7]",None,0.0,OK,None,7,00024533,"[1, 1, 1, 1, 1, 1, 1, 1, 1]"
1870596,8462284S00,"[1292, 10]","[190, 1]",13:28:12,20260417,0.0,10823,"[12.7, 127.6, 128.1, 128.6, 128.2, 128.4, 127.6, 12.5, 793.7]",None,0.0,OK,None,7,00024533,"[1, 1, 1, 1, 1, 1, 1, 1, 1]"
1870595,82832W080PKENGEN,"[610, 0]","[185, 0]",13:28:02,20260417,0.0,None,"[28.0, 37.1, 38.2, 51.8, 61.4, 78.1, 98.4, 98.0, 87.3, 84.2, 13.8]",None,0.0,OK,None,,Null,"[1, 1, 1, 1, 1, 1, 1, 1, 1, 1, 1]"
1870594,8462284S00,"[1291, 10]","[189, 1]",13:28:01,20260417,0.0,10823,"[13.1, 127.8, 128.4, 128.4, 128.7, 128.4, 127.3, 12.7, 794.7]",None,0.0,OK,None,7,00024533,"[1, 1, 1, 1, 1, 1, 1, 1, 1]"
1870593,8462284S00,"[1290, 10]","[188, 1]",13:27:53,20260417,0.0,10823,"[12.2, 127.8, 128.1, 128.1, 128.7, 128.6, 127.3, 12.0, 792.6]",None,0.0,OK,None,7,00024533,"[1, 1, 1, 1, 1, 1, 1, 1, 1]"
1870592,8462284S00,"[1289, 10]","[187, 1]",13:27:44,20260417,0.0,10823,"[11.8, 128.1, 128.1, 128.6, 127.9, 128.4, 127.6, 12.5, 793.0]",None,0.0,OK,None,7,00024533,"[1, 1, 1, 1, 1, 1, 1, 1, 1]"
1870591,82832W080PKENGEN,"[609, 0]","[184, 0]",13:27:40,20260417,0.0,None,"[27.6, 36.8, 38.2, 52.1, 62.0, 78.8, 97.3, 98.1, 86.6, 84.9, 13.8]",None,0.0,OK,None,,Null,"[1, 1, 1, 1, 1, 1, 1, 1, 1, 1, 1]"
1870590,8462284S00,"[1288, 10]","[186, 1]",13:27:35,20260417,0.0,10823,"[12.8, 127.3, 127.9, 128.3, 128.4, 127.9, 127.6, 12.3, 792.5]",None,0.0,OK,None,7,00024533,"[1, 1, 1, 1, 1, 1, 1, 1, 1]"
1870589,8462284S00,"[1287, 10]","[185, 1]",13:27:26,20260417,0.0,10823,"[12.6, 127.4, 128.1, 128.4, 128.4, 128.4, 128.1, 12.5, 793.8]",None,0.0,OK,None,7,00024533,"[1, 1, 1, 1, 1, 1, 1, 1, 1]"
1870588,82832W080PKENGEN,"[608, 0]","[183, 0]",13:27:22,20260417,0.0,None,"[27.8, 36.6, 37.9, 51.8, 61.2, 78.0, 98.1, 98.3, 87.3, 84.1, 13.8]",None,0.0,OK,None,,Null,"[1, 1, 1, 1, 1, 1, 1, 1, 1, 1, 1]"
1870587,8462284S00,"[1286, 10]","[184, 1]",13:27:16,20260417,0.0,10823,"[12.0, 127.4, 128.3, 128.7, 128.7, 128.6, 127.4, 12.8, 793.9]",None,0.0,OK,None,7,00024533,"[1, 1, 1, 1, 1, 1, 1, 1, 1]"
1870586,808397UA0A,"[258, 8]","[186, 4]",13:27:15,20260417,0.0,10819,"[15.2, 123.4, 122.0, 80.8, 81.0, 122.4, 123.2, 14.2, 37.6, 40.5]",None,0.0,OK,,,None,"[1, 1, 1, 1, 1, 1, 1, 1, 1, 1]"
1870585,808397UA0A,"[258, 8]","[186, 4]",13:27:15,20260417,0.0,10819,"[15.2, 123.2, 123.0, 80.6, 81.2, 122.6, 123.4, 14.2, 37.4, 40.5]",None,0.0,OK,,,None,"[1, 1, 1, 1, 1, 1, 1, 1, 1, 1]"
1870584,808397UA0A,"[258, 8]","[186, 4]",13:27:15,20260417,0.0,10819,"[15.4, 123.2, 121.6, 81.2, 80.8, 122.2, 123.4, 14.2, 36.4, 41.3]",None,0.0,OK,,,None,"[1, 1, 1, 1, 1, 1, 1, 1, 1, 1]"
1870583,808397UA0A,"[258, 8]","[186, 4]",13:27:14,20260417,0.0,10819,"[15.6, 122.6, 122.0, 80.4, 81.0, 121.8, 123.0, 14.0, 36.1, 41.5]",None,0.0,OK,,,None,"[1, 1, 1, 1, 1, 1, 1, 1, 1, 1]"
1870582,808397UA0A,"[258, 8]","[186, 4]",13:27:14,20260417,0.0,10819,"[15.0, 122.8, 122.8, 80.0, 80.6, 122.2, 123.0, 14.0, 36.5, 41.5]",None,0.0,OK,,,None,"[1, 1, 1, 1, 1, 1, 1, 1, 1, 1]"
1870581,8462284S00,"[1285, 10]","[183, 1]",13:27:07,20260417,0.0,10823,"[12.2, 127.9, 128.4, 128.7, 129.0, 128.7, 127.6, 12.8, 795.4]",None,0.0,OK,None,7,00024533,"[1, 1, 1, 1, 1, 1, 1, 1, 1]"
1870579,82832W080PKENGEN,"[607, 0]","[182, 0]",13:27:01,20260417,0.0,None,"[27.8, 36.9, 38.4, 51.6, 61.7, 78.3, 98.1, 97.8, 86.9, 84.2, 13.8]",None,0.0,OK,None,,Null,"[1, 1, 1, 1, 1, 1, 1, 1, 1, 1, 1]"
1870580,8462284S00,"[1284, 10]","[182, 1]",13:27:00,20260417,0.0,10823,"[12.2, 127.9, 128.1, 128.1, 128.6, 128.6, 127.6, 12.1, 793.1]",None,0.0,OK,None,7,00024533,"[1, 1, 1, 1, 1, 1, 1, 1, 1]"
1870578,8462284S00,"[1283, 10]","[181, 1]",13:26:51,20260417,0.0,10823,"[13.1, 127.8, 128.4, 128.2, 128.9, 128.8, 127.9, 12.6, 795.7]",None,0.0,OK,None,7,00024533,"[1, 1, 1, 1, 1, 1, 1, 1, 1]"
1870577,82832W080PKENGEN,"[606, 0]","[181, 0]",13:26:41,20260417,0.0,None,"[27.8, 36.8, 38.2, 52.1, 61.4, 78.3, 98.4, 97.6, 87.1, 83.9, 13.6]",None,0.0,OK,None,,Null,"[1, 1, 1, 1, 1, 1, 1, 1, 1, 1, 1]"
1870576,82832W080PKENGEN,"[605, 0]","[180, 0]",13:25:49,20260417,0.0,None,"[27.6, 36.9, 38.4, 51.8, 61.4, 78.3, 98.3, 98.1, 86.6, 84.2, 13.6]",None,0.0,OK,None,,Null,"[1, 1, 1, 1, 1, 1, 1, 1, 1, 1, 1]"
1870575,82832W080PKENGEN,"[604, 0]","[179, 0]",13:25:28,20260417,0.0,None,"[27.8, 36.9, 38.2, 51.9, 61.4, 78.0, 98.4, 98.1, 86.9, 84.4, 13.8]",None,0.0,OK,None,,Null,"[1, 1, 1, 1, 1, 1, 1, 1, 1, 1, 1]"
1870574,82832W080PKENGEN,"[603, 0]","[178, 0]",13:25:08,20260417,0.0,None,"[27.5, 36.8, 38.2, 52.1, 61.2, 78.6, 98.1, 97.6, 87.1, 84.4, 13.7]",None,0.0,OK,None,,Null,"[1, 1, 1, 1, 1, 1, 1, 1, 1, 1, 1]"
1870573,808387UA0A,"[256, 7]","[170, 0]",13:25:01,20260417,0.0,10819,"[15.0, 122.4, 121.2, 80.6, 79.8, 123.0, 123.6, 16.2, 36.8, 40.7]",None,0.0,OK,,,None,"[1, 1, 1, 1, 1, 1, 1, 1, 1, 1]"
1870572,808387UA0A,"[256, 7]","[170, 0]",13:25:01,20260417,0.0,10819,"[15.0, 122.6, 121.4, 80.2, 80.2, 123.4, 124.0, 16.0, 37.3, 40.1]",None,0.0,OK,,,None,"[1, 1, 1, 1, 1, 1, 1, 1, 1, 1]"
1870571,808387UA0A,"[256, 7]","[170, 0]",13:25:01,20260417,0.0,10819,"[14.8, 122.6, 121.4, 80.4, 80.4, 123.0, 123.4, 15.8, 36.8, 40.5]",None,0.0,OK,,,None,"[1, 1, 1, 1, 1, 1, 1, 1, 1, 1]"
1870570,808387UA0A,"[256, 7]","[170, 0]",13:25:01,20260417,0.0,10819,"[15.0, 122.4, 121.0, 80.8, 80.2, 122.6, 123.8, 16.0, 37.4, 40.5]",None,0.0,OK,,,None,"[1, 1, 1, 1, 1, 1, 1, 1, 1, 1]"
1870569,808387UA0A,"[256, 7]","[170, 0]",13:25:01,20260417,0.0,10819,"[15.0, 122.4, 121.0, 80.2, 80.6, 122.4, 123.0, 15.4, 36.7, 40.3]",None,0.0,OK,,,None,"[1, 1, 1, 1, 1, 1, 1, 1, 1, 1]"
1870568,82832W080PKENGEN,"[602, 0]","[177, 0]",13:24:45,20260417,0.0,None,"[27.6, 36.9, 38.4, 52.3, 61.4, 77.8, 98.1, 98.9, 87.3, 84.7, 13.8]",None,0.0,OK,None,,Null,"[1, 1, 1, 1, 1, 1, 1, 1, 1, 1, 1]"
1870567,82832W080PKENGEN,"[601, 0]","[176, 0]",13:24:26,20260417,0.0,None,"[28.0, 37.1, 38.0, 51.8, 61.2, 78.5, 98.0, 97.8, 86.9, 84.7, 13.8]",None,0.0,OK,None,,Null,"[1, 1, 1, 1, 1, 1, 1, 1, 1, 1, 1]"
1870566,82832W080PKENGEN,"[600, 0]","[175, 0]",13:24:07,20260417,0.0,None,"[27.6, 36.8, 37.9, 51.9, 61.0, 78.3, 98.0, 98.3, 86.8, 84.5, 13.6]",None,0.0,OK,None,,Null,"[1, 1, 1, 1, 1, 1, 1, 1, 1, 1, 1]"
1870565,82832W080PKENGEN,"[599, 0]","[174, 0]",13:23:48,20260417,0.0,None,"[27.6, 36.9, 37.9, 51.6, 61.5, 78.3, 98.3, 98.1, 86.8, 85.0, 13.7]",None,0.0,OK,None,,Null,"[1, 1, 1, 1, 1, 1, 1, 1, 1, 1, 1]"
1870564,658207UA0A,"[1080, 0]","[290, 0]",13:23:37,20260417,0.0,10821,"[15.2, 74.5, 87.8, 116.7, 15.5, 309.7]","[1, 1, 1, 1]",0.0,OK,,,None,"[1, 1, 1, 1, 1, 1]"
1870563,658207UA0A,"[1079, 0]","[289, 0]",13:23:32,20260417,0.0,10821,"[15.6, 74.5, 88.1, 117.3, 15.3, 310.8]","[1, 1, 1, 1]",0.0,OK,,,None,"[1, 1, 1, 1, 1, 1]"
1870562,82832W080PKENGEN,"[598, 0]","[173, 0]",13:23:29,20260417,0.0,None,"[27.6, 36.9, 38.0, 51.9, 61.2, 78.5, 98.4, 97.8, 86.8, 84.4, 13.8]",None,0.0,OK,None,,Null,"[1, 1, 1, 1, 1, 1, 1, 1, 1, 1, 1]"
1870561,658207UA0A,"[1078, 0]","[288, 0]",13:23:28,20260417,0.0,10821,"[15.2, 75.3, 87.7, 117.1, 15.4, 310.7]","[1, 1, 1, 1]",0.0,OK,,,None,"[1, 1, 1, 1, 1, 1]"
1870560,658207UA0A,"[1077, 0]","[287, 0]",13:23:22,20260417,0.0,10821,"[16.0, 74.5, 88.1, 117.6, 14.7, 311.0]","[1, 1, 1, 1]",0.0,OK,,,None,"[1, 1, 1, 1, 1, 1]"
1870559,658207UA0A,"[1076, 0]","[286, 0]",13:23:16,20260417,0.0,10821,"[15.4, 74.8, 87.7, 117.3, 15.7, 310.9]","[1, 1, 1, 1]",0.0,OK,,,None,"[1, 1, 1, 1, 1, 1]"
1870558,658207UA0A,"[1075, 0]","[285, 0]",13:23:10,20260417,0.0,10821,"[15.8, 74.7, 88.1, 117.4, 14.7, 310.7]","[1, 1, 1, 1]",0.0,OK,,,None,"[1, 1, 1, 1, 1, 1]"
1870557,82832W080PKENGEN,"[597, 0]","[172, 0]",13:23:09,20260417,0.0,None,"[27.5, 36.8, 38.4, 52.1, 61.5, 78.3, 98.3, 97.6, 87.3, 84.4, 13.9]",None,0.0,OK,None,,Null,"[1, 1, 1, 1, 1, 1, 1, 1, 1, 1, 1]"
1870556,658207UA0A,"[1074, 0]","[284, 0]",13:23:05,20260417,0.0,10821,"[15.8, 75.0, 87.7, 117.1, 15.4, 310.9]","[1, 1, 1, 1]",0.0,OK,,,None,"[1, 1, 1, 1, 1, 1]"
1870555,658207UA0A,"[1073, 0]","[283, 0]",13:23:00,20260417,0.0,10821,"[15.3, 74.7, 87.7, 117.8, 15.2, 310.6]","[1, 1, 1, 1]",0.0,OK,,,None,"[1, 1, 1, 1, 1, 1]"
1870554,658207UA0A,"[1072, 0]","[282, 0]",13:22:54,20260417,0.0,10821,"[14.3, 74.5, 87.7, 117.0, 15.5, 308.9]","[1, 1, 1, 1]",0.0,OK,,,None,"[1, 1, 1, 1, 1, 1]"
1870553,658207UA0A,"[1071, 0]","[281, 0]",13:22:49,20260417,0.0,10821,"[15.8, 74.7, 88.0, 116.8, 15.5, 310.7]","[1, 1, 1, 1]",0.0,OK,,,None,"[1, 1, 1, 1, 1, 1]"
1870552,82832W080PKENGEN,"[596, 0]","[171, 0]",13:22:48,20260417,0.0,None,"[27.8, 36.9, 38.0, 52.3, 61.5, 77.8, 98.4, 98.0, 86.8, 83.7, 13.6]",None,0.0,OK,None,,Null,"[1, 1, 1, 1, 1, 1, 1, 1, 1, 1, 1]"
1870551,82832W080PKENGEN,"[595, 0]","[170, 0]",13:22:26,20260417,0.0,None,"[27.6, 36.8, 37.9, 51.8, 61.4, 78.5, 98.1, 97.6, 86.6, 84.7, 13.8]",None,0.0,OK,None,,Null,"[1, 1, 1, 1, 1, 1, 1, 1, 1, 1, 1]"
1870550,808397UA0A,"[253, 8]","[181, 4]",13:22:15,20260417,0.0,10819,"[15.4, 123.0, 122.0, 80.6, 80.8, 122.4, 123.2, 13.6, 37.0, 40.7]",None,0.0,OK,,,None,"[1, 1, 1, 1, 1, 1, 1, 1, 1, 1]"
1870549,808397UA0A,"[253, 8]","[181, 4]",13:22:14,20260417,0.0,10819,"[15.2, 123.4, 122.0, 80.2, 80.8, 122.4, 123.2, 14.0, 37.2, 40.9]",None,0.0,OK,,,None,"[1, 1, 1, 1, 1, 1, 1, 1, 1, 1]"
1870546,808397UA0A,"[253, 8]","[181, 4]",13:22:14,20260417,0.0,10819,"[14.6, 123.2, 123.4, 80.2, 81.0, 122.6, 123.6, 13.6, 36.5, 41.1]",None,0.0,OK,,,None,"[1, 1, 1, 1, 1, 1, 1, 1, 1, 1]"
1870547,808397UA0A,"[253, 8]","[181, 4]",13:22:14,20260417,0.0,10819,"[14.8, 123.4, 123.0, 79.8, 81.0, 122.0, 123.6, 14.2, 37.0, 41.5]",None,0.0,OK,,,None,"[1, 1, 1, 1, 1, 1, 1, 1, 1, 1]"
1870548,808397UA0A,"[253, 8]","[181, 4]",13:22:14,20260417,0.0,10819,"[15.0, 123.6, 122.2, 80.2, 81.2, 122.2, 123.4, 14.0, 36.4, 41.1]",None,0.0,OK,,,None,"[1, 1, 1, 1, 1, 1, 1, 1, 1, 1]"
1870545,82832W080PKENGEN,"[594, 0]","[169, 0]",13:22:06,20260417,0.0,None,"[27.8, 36.8, 38.0, 51.9, 61.4, 78.3, 98.3, 98.1, 86.8, 84.7, 13.9]",None,0.0,OK,None,,Null,"[1, 1, 1, 1, 1, 1, 1, 1, 1, 1, 1]"
1870544,8462284S00,"[1282, 10]","[180, 1]",13:21:58,20260417,0.0,10823,"[12.3, 127.6, 128.2, 128.6, 128.6, 128.1, 127.6, 12.1, 793.0]",None,0.0,OK,None,7,00024533,"[1, 1, 1, 1, 1, 1, 1, 1, 1]"
1870543,8462284S00,"[1281, 10]","[179, 1]",13:21:49,20260417,0.0,10823,"[12.5, 127.9, 128.2, 128.6, 128.3, 128.2, 127.4, 12.7, 793.9]",None,0.0,OK,None,7,00024533,"[1, 1, 1, 1, 1, 1, 1, 1, 1]"
1870542,82832W080PKENGEN,"[593, 0]","[168, 0]",13:21:45,20260417,0.0,None,"[27.8, 36.9, 38.7, 51.9, 60.9, 78.5, 98.4, 98.4, 87.4, 84.1, 13.9]",None,0.0,OK,None,,Null,"[1, 1, 1, 1, 1, 1, 1, 1, 1, 1, 1]"
1870541,8462284S00,"[1280, 10]","[178, 1]",13:21:36,20260417,0.0,10823,"[12.0, 127.8, 127.9, 128.7, 128.1, 128.9, 127.4, 12.7, 793.6]",None,0.0,OK,None,7,00024533,"[1, 1, 1, 1, 1, 1, 1, 1, 1]"
1870540,8462284S00,"[1279, 10]","[177, 1]",13:21:25,20260417,0.0,10823,"[12.0, 127.9, 128.2, 128.4, 128.9, 128.1, 127.9, 12.6, 794.0]",None,0.0,OK,None,7,00024533,"[1, 1, 1, 1, 1, 1, 1, 1, 1]"
1870539,82832W080PKENGEN,"[592, 0]","[167, 0]",13:21:24,20260417,0.0,None,"[28.0, 37.1, 38.4, 51.9, 61.5, 78.6, 98.6, 98.0, 87.1, 84.7, 13.9]",None,0.0,OK,None,,Null,"[1, 1, 1, 1, 1, 1, 1, 1, 1, 1, 1]"
1870538,8462284S00,"[1278, 10]","[176, 1]",13:21:17,20260417,0.0,10823,"[12.0, 127.6, 128.4, 128.9, 128.4, 128.4, 128.1, 12.4, 794.1]",None,0.0,OK,None,7,00024533,"[1, 1, 1, 1, 1, 1, 1, 1, 1]"
1870537,8462284S00,"[1277, 10]","[175, 1]",13:21:06,20260417,0.0,10823,"[11.9, 127.6, 128.1, 128.6, 129.0, 128.4, 127.8, 12.6, 793.8]",None,0.0,OK,None,7,00024533,"[1, 1, 1, 1, 1, 1, 1, 1, 1]"
1870536,82832W080PKENGEN,"[591, 0]","[166, 0]",13:21:03,20260417,0.0,None,"[27.6, 37.2, 38.0, 52.3, 61.4, 78.0, 98.1, 98.0, 86.6, 84.2, 13.8]",None,0.0,OK,None,,Null,"[1, 1, 1, 1, 1, 1, 1, 1, 1, 1, 1]"
1870535,8462284S00,"[1276, 10]","[174, 1]",13:20:48,20260417,0.0,10823,"[12.3, 127.4, 127.9, 127.9, 128.2, 128.2, 127.3, 12.8, 792.0]",None,0.0,OK,None,7,00024533,"[1, 1, 1, 1, 1, 1, 1, 1, 1]"
1870534,82832W080PKENGEN,"[590, 0]","[165, 0]",13:20:43,20260417,0.0,None,"[27.8, 37.1, 37.9, 51.9, 61.4, 78.1, 98.6, 98.1, 86.9, 84.2, 13.6]",None,0.0,OK,None,,Null,"[1, 1, 1, 1, 1, 1, 1, 1, 1, 1, 1]"
1870533,8462284S00,"[1275, 10]","[173, 1]",13:20:35,20260417,0.0,10823,"[12.4, 127.0, 127.8, 128.1, 128.4, 128.3, 127.3, 12.4, 791.6]",None,0.0,OK,None,7,00024533,"[1, 1, 1, 1, 1, 1, 1, 1, 1]"
1870531,658207UA0A,"[1070, 0]","[280, 0]",13:20:26,20260417,0.0,10821,MANUAL,MANUAL,0.0,MANUAL,MANUAL,,Null,MANUAL
1870532,8462284S00,"[1274, 10]","[172, 1]",13:20:25,20260417,0.0,10823,"[12.8, 127.8, 127.9, 128.6, 128.9, 128.4, 127.4, 12.5, 794.2]",None,0.0,OK,None,7,00024533,"[1, 1, 1, 1, 1, 1, 1, 1, 1]"
1870530,82832W080PKENGEN,"[589, 0]","[164, 0]",13:20:23,20260417,0.0,None,"[27.6, 37.1, 38.2, 51.9, 61.4, 78.5, 98.0, 97.8, 86.8, 84.2, 13.6]",None,0.0,OK,None,,Null,"[1, 1, 1, 1, 1, 1, 1, 1, 1, 1, 1]"
1870529,8462284S00,"[1273, 10]","[171, 1]",13:20:15,20260417,0.0,10823,"[12.2, 127.8, 127.9, 128.4, 128.4, 128.6, 127.4, 12.8, 793.4]",None,0.0,OK,None,7,00024533,"[1, 1, 1, 1, 1, 1, 1, 1, 1]"
1870528,658207UA0A,"[1071, 0]","[281, 0]",13:20:14,20260417,0.0,10821,"[15.6, 74.7, 88.4, 117.3, 14.7, 310.6]","[1, 1, 1, 1]",0.0,OK,,,None,"[1, 1, 1, 1, 1, 1]"
1870527,82832W080PKENGEN,"[588, 0]","[163, 0]",13:20:04,20260417,0.0,None,"[27.6, 36.8, 38.2, 51.9, 61.2, 78.3, 98.4, 98.4, 86.8, 84.4, 13.9]",None,0.0,OK,None,,Null,"[1, 1, 1, 1, 1, 1, 1, 1, 1, 1, 1]"
1870526,808387UA0A,"[251, 7]","[165, 0]",13:20:03,20260417,0.0,10819,"[15.2, 122.2, 121.4, 80.0, 79.6, 123.4, 123.2, 16.4, 37.4, 40.3]",None,0.0,OK,,,None,"[1, 1, 1, 1, 1, 1, 1, 1, 1, 1]"
1870525,808387UA0A,"[251, 7]","[165, 0]",13:20:03,20260417,0.0,10819,"[15.2, 122.2, 120.8, 80.4, 80.2, 122.4, 123.4, 15.0, 37.4, 40.3]",None,0.0,OK,,,None,"[1, 1, 1, 1, 1, 1, 1, 1, 1, 1]"
1870523,808387UA0A,"[251, 7]","[165, 0]",13:20:02,20260417,0.0,10819,"[15.0, 122.2, 121.2, 80.6, 80.2, 122.2, 123.2, 15.4, 37.6, 40.5]",None,0.0,OK,,,None,"[1, 1, 1, 1, 1, 1, 1, 1, 1, 1]"
1870522,808387UA0A,"[251, 7]","[165, 0]",13:20:02,20260417,0.0,10819,"[15.0, 122.2, 121.4, 80.4, 80.2, 122.6, 123.2, 15.6, 37.6, 40.3]",None,0.0,OK,,,None,"[1, 1, 1, 1, 1, 1, 1, 1, 1, 1]"
1870524,808387UA0A,"[251, 7]","[165, 0]",13:20:02,20260417,0.0,10819,"[15.4, 122.2, 121.2, 80.2, 80.8, 122.0, 123.2, 15.2, 38.2, 40.1]",None,0.0,OK,,,None,"[1, 1, 1, 1, 1, 1, 1, 1, 1, 1]"
1870521,658207UA0A,"[1070, 0]","[280, 0]",13:19:50,20260417,0.0,10821,"[14.5, 74.8, 87.5, 117.1, 15.7, 309.7]","[1, 1, 1, 1]",0.0,OK,,,None,"[1, 1, 1, 1, 1, 1]"
1870520,658207UA0A,"[1069, 0]","[279, 0]",13:19:45,20260417,0.0,10821,"[15.6, 74.7, 88.1, 117.4, 15.3, 311.1]","[1, 1, 1, 1]",0.0,OK,,,None,"[1, 1, 1, 1, 1, 1]"
1870519,82832W080PKENGEN,"[587, 0]","[162, 0]",13:19:44,20260417,0.0,None,"[27.6, 36.8, 38.0, 51.9, 61.4, 78.1, 98.3, 98.4, 86.9, 84.4, 13.8]",None,0.0,OK,None,,Null,"[1, 1, 1, 1, 1, 1, 1, 1, 1, 1, 1]"
1870518,658207UA0A,"[1068, 0]","[278, 0]",13:19:40,20260417,0.0,10821,"[15.6, 74.2, 88.1, 117.1, 15.7, 310.7]","[1, 1, 1, 1]",0.0,OK,,,None,"[1, 1, 1, 1, 1, 1]"
1870517,658207UA0A,"[1067, 0]","[277, 0]",13:19:35,20260417,0.0,10821,"[16.0, 74.5, 88.1, 117.4, 14.4, 310.5]","[1, 1, 1, 1]",0.0,OK,,,None,"[1, 1, 1, 1, 1, 1]"
1870516,658207UA0A,"[1066, 0]","[276, 0]",13:19:29,20260417,0.0,10821,"[15.7, 74.7, 88.0, 117.3, 15.5, 311.0]","[1, 1, 1, 1]",0.0,OK,,,None,"[1, 1, 1, 1, 1, 1]"
1870515,82832W080PKENGEN,"[586, 0]","[161, 0]",13:19:25,20260417,0.0,None,"[28.0, 36.9, 37.9, 51.8, 61.5, 78.3, 98.8, 98.3, 86.8, 84.7, 13.8]",None,0.0,OK,None,,Null,"[1, 1, 1, 1, 1, 1, 1, 1, 1, 1, 1]"
1870514,658207UA0A,"[1065, 0]","[275, 0]",13:19:23,20260417,0.0,10821,"[15.5, 74.0, 87.8, 115.9, 16.7, 309.9]","[1, 1, 1, 1]",0.0,OK,,,None,"[1, 1, 1, 1, 1, 1]"
1870513,658207UA0A,"[1064, 0]","[274, 0]",13:19:18,20260417,0.0,10821,"[16.0, 74.8, 88.3, 117.3, 14.8, 311.2]","[1, 1, 1, 1]",0.0,OK,,,None,"[1, 1, 1, 1, 1, 1]"
1870512,658207UA0A,"[1063, 0]","[273, 0]",13:19:13,20260417,0.0,10821,"[16.2, 74.5, 88.4, 117.5, 15.0, 311.6]","[1, 1, 1, 1]",0.0,OK,,,None,"[1, 1, 1, 1, 1, 1]"
1870511,658207UA0A,"[1062, 0]","[272, 0]",13:19:06,20260417,0.0,10821,"[15.9, 74.2, 88.0, 117.6, 14.7, 310.3]","[1, 1, 1, 1]",0.0,OK,,,None,"[1, 1, 1, 1, 1, 1]"
1870510,658207UA0A,"[1061, 0]","[271, 0]",13:19:00,20260417,0.0,10821,"[16.1, 74.3, 88.1, 117.3, 14.9, 310.7]","[1, 1, 1, 1]",0.0,OK,,,None,"[1, 1, 1, 1, 1, 1]"
1870509,658207UA0A,"[1060, 0]","[270, 0]",13:18:55,20260417,0.0,10821,"[15.6, 75.0, 88.0, 116.8, 15.4, 310.7]","[1, 1, 1, 1]",0.0,OK,,,None,"[1, 1, 1, 1, 1, 1]"
1870508,658207UA0A,"[1059, 0]","[269, 0]",13:18:50,20260417,0.0,10821,"[16.1, 74.7, 88.1, 117.1, 15.4, 311.4]","[1, 1, 1, 1]",0.0,OK,,,None,"[1, 1, 1, 1, 1, 1]"
1870507,8462284S00,"[1272, 10]","[170, 1]",13:18:45,20260417,0.0,10823,"[12.2, 127.8, 127.8, 128.4, 128.7, 128.4, 127.8, 12.7, 793.7]",None,0.0,OK,None,7,00024533,"[1, 1, 1, 1, 1, 1, 1, 1, 1]"
1870506,658207UA0A,"[1058, 0]","[268, 0]",13:18:45,20260417,0.0,10821,"[15.2, 74.7, 88.1, 117.5, 15.0, 310.4]","[1, 1, 1, 1]",0.0,OK,,,None,"[1, 1, 1, 1, 1, 1]"
1870505,658207UA0A,"[1057, 0]","[267, 0]",13:18:39,20260417,0.0,10821,"[15.8, 74.8, 87.8, 117.5, 15.0, 310.9]","[1, 1, 1, 1]",0.0,OK,,,None,"[1, 1, 1, 1, 1, 1]"
1870504,8462284S00,"[1271, 10]","[169, 1]",13:18:34,20260417,0.0,10823,"[12.6, 127.7, 128.1, 128.1, 128.4, 128.2, 127.4, 12.7, 793.1]",None,0.0,OK,None,7,00024533,"[1, 1, 1, 1, 1, 1, 1, 1, 1]"
1870503,658207UA0A,"[1056, 0]","[266, 0]",13:18:34,20260417,0.0,10821,"[15.6, 75.0, 88.4, 117.6, 14.7, 311.3]","[1, 1, 1, 1]",0.0,OK,,,None,"[1, 1, 1, 1, 1, 1]"
1870502,658207UA0A,"[1055, 0]","[265, 0]",13:18:29,20260417,0.0,10821,"[16.1, 74.7, 88.3, 117.4, 15.4, 311.9]","[1, 1, 1, 1]",0.0,OK,,,None,"[1, 1, 1, 1, 1, 1]"
1870501,658207UA0A,"[1054, 0]","[264, 0]",13:18:24,20260417,0.0,10821,"[15.9, 74.3, 87.7, 116.7, 15.9, 310.4]","[1, 1, 1, 1]",0.0,OK,,,None,"[1, 1, 1, 1, 1, 1]"
1870500,8462284S00,"[1270, 10]","[168, 1]",13:18:22,20260417,0.0,10823,"[13.0, 127.3, 128.2, 128.4, 128.2, 128.2, 127.6, 12.5, 793.5]",None,0.0,OK,None,7,00024533,"[1, 1, 1, 1, 1, 1, 1, 1, 1]"
1870499,658207UA0A,"[1053, 0]","[263, 0]",13:18:18,20260417,0.0,10821,"[16.2, 74.5, 88.3, 116.7, 15.3, 310.9]","[1, 1, 1, 1]",0.0,OK,,,None,"[1, 1, 1, 1, 1, 1]"
1870497,658207UA0A,"[1052, 0]","[262, 0]",13:18:14,20260417,0.0,10821,"[15.3, 75.1, 86.9, 117.6, 15.9, 310.7]","[1, 1, 1, 1]",0.0,OK,,,None,"[1, 1, 1, 1, 1, 1]"
1870498,8462284S00,"[1269, 10]","[167, 1]",13:18:13,20260417,0.0,10823,"[12.0, 127.8, 127.9, 128.4, 128.6, 128.4, 127.4, 12.6, 793.1]",None,0.0,OK,None,7,00024533,"[1, 1, 1, 1, 1, 1, 1, 1, 1]"
1870496,658207UA0A,"[1051, 0]","[261, 0]",13:18:09,20260417,0.0,10821,"[14.9, 74.3, 87.7, 117.1, 15.6, 309.6]","[1, 1, 1, 1]",0.0,OK,,,None,"[1, 1, 1, 1, 1, 1]"
1870495,8462284S00,"[1268, 10]","[166, 1]",13:18:03,20260417,0.0,10823,"[12.3, 127.8, 127.9, 128.4, 128.6, 128.6, 127.8, 12.0, 793.3]",None,0.0,OK,None,7,00024533,"[1, 1, 1, 1, 1, 1, 1, 1, 1]"
1870494,8462284S00,"[1267, 10]","[165, 1]",13:17:54,20260417,0.0,10823,"[12.0, 127.3, 128.3, 128.7, 128.2, 128.4, 127.4, 12.1, 792.4]",None,0.0,OK,None,7,00024533,"[1, 1, 1, 1, 1, 1, 1, 1, 1]"
1870493,8462284S00,"[1266, 10]","[164, 1]",13:17:43,20260417,0.0,10823,"[12.1, 127.8, 128.1, 128.4, 128.7, 128.4, 127.6, 12.3, 793.4]",None,0.0,OK,None,7,00024533,"[1, 1, 1, 1, 1, 1, 1, 1, 1]"
1870492,82832W080PKENGEN,"[585, 0]","[160, 0]",13:17:43,20260417,0.0,None,"[27.6, 36.6, 38.2, 52.3, 61.2, 78.5, 98.3, 98.0, 86.9, 84.2, 13.8]",None,0.0,OK,None,,Null,"[1, 1, 1, 1, 1, 1, 1, 1, 1, 1, 1]"
1870491,8462284S00,"[1265, 10]","[163, 1]",13:17:29,20260417,0.0,10823,"[12.5, 127.9, 127.9, 128.4, 128.2, 128.7, 127.8, 12.6, 794.1]",None,0.0,OK,None,7,00024533,"[1, 1, 1, 1, 1, 1, 1, 1, 1]"
1870490,82832W080PKENGEN,"[584, 0]","[159, 0]",13:17:23,20260417,0.0,None,"[28.0, 36.8, 38.2, 52.1, 61.4, 78.5, 98.6, 98.1, 87.3, 84.4, 13.9]",None,0.0,OK,None,,Null,"[1, 1, 1, 1, 1, 1, 1, 1, 1, 1, 1]"
1870489,8462284S00,"[1264, 10]","[162, 1]",13:17:19,20260417,0.0,10823,"[12.3, 127.6, 128.1, 128.1, 128.7, 128.1, 127.6, 12.3, 792.7]",None,0.0,OK,None,7,00024533,"[1, 1, 1, 1, 1, 1, 1, 1, 1]"
1870488,8462284S00,"[1263, 10]","[161, 1]",13:17:09,20260417,0.0,10823,"[12.4, 127.3, 128.1, 128.2, 128.4, 128.6, 127.4, 12.5, 792.9]",None,0.0,OK,None,7,00024533,"[1, 1, 1, 1, 1, 1, 1, 1, 1]"
1870487,82832W080PKENGEN,"[583, 0]","[158, 0]",13:17:02,20260417,0.0,None,"[28.0, 36.8, 37.9, 51.6, 61.4, 78.3, 98.1, 97.5, 87.1, 84.2, 13.6]",None,0.0,OK,None,,Null,"[1, 1, 1, 1, 1, 1, 1, 1, 1, 1, 1]"
1870482,808397UA0A,"[248, 8]","[176, 4]",13:16:57,20260417,0.0,10819,"[15.4, 123.4, 122.4, 80.2, 81.0, 122.4, 123.2, 16.0, 36.4, 41.3]",None,0.0,OK,,,None,"[1, 1, 1, 1, 1, 1, 1, 1, 1, 1]"
1870483,808397UA0A,"[248, 8]","[176, 4]",13:16:57,20260417,0.0,10819,"[14.6, 123.4, 122.4, 80.4, 80.8, 122.4, 123.0, 14.2, 37.2, 40.9]",None,0.0,OK,,,None,"[1, 1, 1, 1, 1, 1, 1, 1, 1, 1]"
1870484,808397UA0A,"[248, 8]","[176, 4]",13:16:57,20260417,0.0,10819,"[14.8, 123.4, 122.6, 80.6, 81.2, 122.2, 123.6, 13.8, 35.9, 41.1]",None,0.0,OK,,,None,"[1, 1, 1, 1, 1, 1, 1, 1, 1, 1]"
1870485,808397UA0A,"[248, 8]","[176, 4]",13:16:57,20260417,0.0,10819,"[15.0, 123.4, 122.2, 80.6, 81.0, 122.4, 123.4, 13.6, 37.8, 40.1]",None,0.0,OK,,,None,"[1, 1, 1, 1, 1, 1, 1, 1, 1, 1]"
1870486,808397UA0A,"[248, 8]","[176, 4]",13:16:57,20260417,0.0,10819,"[15.2, 123.2, 122.0, 81.0, 81.4, 122.4, 123.6, 14.0, 37.1, 40.5]",None,0.0,OK,,,None,"[1, 1, 1, 1, 1, 1, 1, 1, 1, 1]"
1870481,658207UA0A,"[1050, 0]","[260, 0]",13:16:49,20260417,0.0,10821,"[15.4, 74.8, 88.1, 117.1, 15.2, 310.7]","[1, 1, 1, 1]",0.0,OK,,,None,"[1, 1, 1, 1, 1, 1]"
1870480,658207UA0A,"[1049, 0]","[259, 0]",13:16:45,20260417,0.0,10821,"[15.9, 75.0, 87.7, 117.3, 15.1, 310.9]","[1, 1, 1, 1]",0.0,OK,,,None,"[1, 1, 1, 1, 1, 1]"
1870479,82832W080PKENGEN,"[582, 0]","[157, 0]",13:16:40,20260417,0.0,None,"[27.5, 37.1, 38.5, 52.1, 61.4, 78.6, 98.3, 98.1, 87.6, 84.2, 13.8]",None,0.0,OK,None,,Null,"[1, 1, 1, 1, 1, 1, 1, 1, 1, 1, 1]"
1870478,658207UA0A,"[1048, 0]","[258, 0]",13:16:40,20260417,0.0,10821,"[15.6, 74.3, 88.3, 117.3, 15.3, 310.8]","[1, 1, 1, 1]",0.0,OK,,,None,"[1, 1, 1, 1, 1, 1]"
1870477,8462284S00,"[1262, 10]","[160, 1]",13:16:39,20260417,0.0,10823,"[12.1, 128.1, 127.9, 128.7, 128.1, 128.4, 127.4, 12.8, 793.5]",None,0.0,OK,None,7,00024533,"[1, 1, 1, 1, 1, 1, 1, 1, 1]"
1870476,658207UA0A,"[1047, 0]","[257, 0]",13:16:35,20260417,0.0,10821,"[15.5, 74.7, 88.0, 117.5, 15.1, 310.7]","[1, 1, 1, 1]",0.0,OK,,,None,"[1, 1, 1, 1, 1, 1]"
1870475,658207UA0A,"[1046, 0]","[256, 0]",13:16:30,20260417,0.0,10821,"[16.2, 74.5, 88.1, 117.3, 15.0, 311.1]","[1, 1, 1, 1]",0.0,OK,,,None,"[1, 1, 1, 1, 1, 1]"
1870474,8462284S00,"[1261, 10]","[159, 1]",13:16:28,20260417,0.0,10823,"[12.6, 127.8, 128.1, 128.6, 128.7, 128.2, 127.4, 12.8, 794.2]",None,0.0,OK,None,7,00024533,"[1, 1, 1, 1, 1, 1, 1, 1, 1]"
1870473,658207UA0A,"[1045, 0]","[255, 0]",13:16:25,20260417,0.0,10821,"[16.1, 74.8, 88.1, 117.3, 14.6, 310.9]","[1, 1, 1, 1]",0.0,OK,,,None,"[1, 1, 1, 1, 1, 1]"
1870472,658207UA0A,"[1044, 0]","[254, 0]",13:16:21,20260417,0.0,10821,"[15.7, 74.5, 88.1, 116.5, 15.8, 310.7]","[1, 1, 1, 1]",0.0,OK,,,None,"[1, 1, 1, 1, 1, 1]"
1870471,8462284S00,"[1260, 10]","[158, 1]",13:16:18,20260417,0.0,10823,"[12.1, 127.4, 128.6, 128.7, 128.1, 128.9, 127.4, 12.7, 793.8]",None,0.0,OK,None,7,00024533,"[1, 1, 1, 1, 1, 1, 1, 1, 1]"
1870470,82832W080PKENGEN,"[581, 0]","[156, 0]",13:16:18,20260417,0.0,None,"[27.6, 36.9, 38.0, 52.1, 61.4, 78.0, 98.6, 98.0, 86.8, 84.9, 13.8]",None,0.0,OK,None,,Null,"[1, 1, 1, 1, 1, 1, 1, 1, 1, 1, 1]"
1870469,658207UA0A,"[1043, 0]","[253, 0]",13:16:16,20260417,0.0,10821,"[15.8, 74.5, 88.3, 117.5, 15.3, 311.3]","[1, 1, 1, 1]",0.0,OK,,,None,"[1, 1, 1, 1, 1, 1]"
1870468,658207UA0A,"[1042, 0]","[252, 0]",13:16:13,20260417,0.0,10821,"[15.3, 74.3, 88.1, 117.3, 15.0, 310.0]","[1, 1, 1, 1]",0.0,OK,,,None,"[1, 1, 1, 1, 1, 1]"
1870466,8462284S00,"[1259, 10]","[157, 1]",13:16:09,20260417,0.0,10823,"[12.3, 127.4, 127.9, 128.4, 128.9, 129.0, 127.4, 12.9, 794.3]",None,0.0,OK,None,7,00024533,"[1, 1, 1, 1, 1, 1, 1, 1, 1]"
1870467,658207UA0A,"[1041, 0]","[251, 0]",13:16:07,20260417,0.0,10821,"[15.2, 74.3, 88.1, 117.3, 15.1, 310.1]","[1, 1, 1, 1]",0.0,OK,,,None,"[1, 1, 1, 1, 1, 1]"
1870465,658207UA0A,"[1040, 0]","[250, 0]",13:16:02,20260417,0.0,10821,"[15.4, 74.8, 87.7, 117.1, 15.5, 310.5]","[1, 1, 1, 1]",0.0,OK,,,None,"[1, 1, 1, 1, 1, 1]"
1870464,82832W080PKENGEN,"[580, 0]","[155, 0]",13:15:59,20260417,0.0,None,"[27.6, 36.9, 38.2, 51.9, 61.5, 78.0, 98.8, 98.1, 86.5, 84.4, 13.8]",None,0.0,OK,None,,Null,"[1, 1, 1, 1, 1, 1, 1, 1, 1, 1, 1]"
1870463,658207UA0A,"[1039, 0]","[249, 0]",13:15:57,20260417,0.0,10821,"[15.8, 74.7, 88.1, 116.8, 15.4, 310.9]","[1, 1, 1, 1]",0.0,OK,,,None,"[1, 1, 1, 1, 1, 1]"
1870462,8462284S00,"[1258, 10]","[156, 1]",13:15:55,20260417,0.0,10823,"[12.7, 127.8, 128.1, 128.2, 128.4, 128.6, 127.8, 12.7, 794.2]",None,0.0,OK,None,7,00024533,"[1, 1, 1, 1, 1, 1, 1, 1, 1]"
1870461,658207UA0A,"[1038, 0]","[248, 0]",13:15:50,20260417,0.0,10821,"[16.3, 74.7, 88.0, 117.1, 15.1, 311.1]","[1, 1, 1, 1]",0.0,OK,,,None,"[1, 1, 1, 1, 1, 1]"
1870460,8462284S00,"[1257, 10]","[155, 1]",13:15:45,20260417,0.0,10823,"[12.1, 127.4, 128.1, 128.6, 128.4, 128.7, 127.3, 12.8, 793.3]",None,0.0,OK,None,7,00024533,"[1, 1, 1, 1, 1, 1, 1, 1, 1]"
1870459,658207UA0A,"[1037, 0]","[247, 0]",13:15:45,20260417,0.0,10821,"[15.9, 74.7, 88.0, 117.1, 14.9, 310.6]","[1, 1, 1, 1]",0.0,OK,,,None,"[1, 1, 1, 1, 1, 1]"
1870458,658207UA0A,"[1036, 0]","[246, 0]",13:15:41,20260417,0.0,10821,"[15.6, 74.8, 88.0, 116.5, 15.4, 310.3]","[1, 1, 1, 1]",0.0,OK,,,None,"[1, 1, 1, 1, 1, 1]"
1870457,658207UA0A,"[1035, 0]","[245, 0]",13:15:35,20260417,0.0,10821,"[15.7, 74.8, 88.3, 117.8, 14.7, 311.3]","[1, 1, 1, 1]",0.0,OK,,,None,"[1, 1, 1, 1, 1, 1]"
1870456,8462284S00,"[1256, 10]","[154, 1]",13:15:34,20260417,0.0,10823,"[12.0, 128.1, 128.2, 128.1, 128.4, 128.7, 127.5, 12.2, 793.1]",None,0.0,OK,None,7,00024533,"[1, 1, 1, 1, 1, 1, 1, 1, 1]"
1870455,658207UA0A,"[1034, 0]","[244, 0]",13:15:30,20260417,0.0,10821,"[14.9, 74.7, 87.5, 117.0, 15.4, 309.4]","[1, 1, 1, 1]",0.0,OK,,,None,"[1, 1, 1, 1, 1, 1]"
1870454,658207UA0A,"[1033, 0]","[243, 0]",13:15:25,20260417,0.0,10821,"[15.8, 74.7, 88.0, 117.6, 15.2, 311.2]","[1, 1, 1, 1]",0.0,OK,,,None,"[1, 1, 1, 1, 1, 1]"
1870453,658207UA0A,"[1032, 0]","[242, 0]",13:15:20,20260417,0.0,10821,"[15.5, 74.5, 88.4, 117.1, 14.7, 310.3]","[1, 1, 1, 1]",0.0,OK,,,None,"[1, 1, 1, 1, 1, 1]"
1870452,658207UA0A,"[1031, 0]","[241, 0]",13:15:16,20260417,0.0,10821,"[16.1, 74.5, 88.1, 116.8, 15.5, 310.9]","[1, 1, 1, 1]",0.0,OK,,,None,"[1, 1, 1, 1, 1, 1]"
1870451,82832W080PKENGEN,"[579, 0]","[154, 0]",13:14:58,20260417,0.0,None,"[27.8, 36.8, 37.9, 51.9, 61.2, 78.1, 98.3, 97.8, 86.6, 84.4, 13.9]",None,0.0,OK,None,,Null,"[1, 1, 1, 1, 1, 1, 1, 1, 1, 1, 1]"
1870450,8462284S00,"[1255, 10]","[153, 1]",13:14:53,20260417,0.0,10823,"[12.0, 127.9, 127.8, 128.6, 128.7, 128.6, 127.6, 13.1, 794.3]",None,0.0,OK,None,7,00024533,"[1, 1, 1, 1, 1, 1, 1, 1, 1]"
1870449,8462284S00,"[1254, 10]","[152, 1]",13:14:43,20260417,0.0,10823,"[11.8, 128.1, 128.2, 128.6, 128.7, 128.6, 127.8, 12.2, 794.0]",None,0.0,OK,None,7,00024533,"[1, 1, 1, 1, 1, 1, 1, 1, 1]"
1870448,82832W080PKENGEN,"[578, 0]","[153, 0]",13:14:40,20260417,0.0,None,"[27.5, 36.6, 38.0, 51.8, 61.4, 78.1, 98.3, 98.1, 87.1, 84.5, 13.6]",None,0.0,OK,None,,Null,"[1, 1, 1, 1, 1, 1, 1, 1, 1, 1, 1]"
1870447,82832W080PKENGEN,"[577, 0]","[152, 0]",13:14:22,20260417,0.0,None,"[27.5, 36.9, 38.2, 52.3, 61.0, 78.1, 98.1, 98.6, 87.1, 84.5, 13.6]",None,0.0,OK,None,,Null,"[1, 1, 1, 1, 1, 1, 1, 1, 1, 1, 1]"
1870446,808387UA0A,"[246, 7]","[160, 0]",13:14:08,20260417,0.0,10819,"[15.2, 122.0, 121.2, 80.2, 79.6, 123.6, 122.6, 15.8, 36.5, 40.5]",None,0.0,OK,,,None,"[1, 1, 1, 1, 1, 1, 1, 1, 1, 1]"
1870445,808387UA0A,"[246, 7]","[160, 0]",13:14:07,20260417,0.0,10819,"[15.0, 122.4, 120.8, 80.4, 80.6, 122.2, 122.8, 15.0, 37.6, 39.9]",None,0.0,OK,,,None,"[1, 1, 1, 1, 1, 1, 1, 1, 1, 1]"
1870444,808387UA0A,"[246, 7]","[160, 0]",13:14:07,20260417,0.0,10819,"[15.2, 122.2, 121.4, 80.2, 80.6, 121.6, 123.2, 15.0, 37.3, 40.9]",None,0.0,OK,,,None,"[1, 1, 1, 1, 1, 1, 1, 1, 1, 1]"
1870443,808387UA0A,"[246, 7]","[160, 0]",13:14:07,20260417,0.0,10819,"[15.2, 122.2, 121.0, 80.6, 79.6, 123.0, 123.2, 15.6, 36.8, 40.9]",None,0.0,OK,,,None,"[1, 1, 1, 1, 1, 1, 1, 1, 1, 1]"
1870442,808387UA0A,"[246, 7]","[160, 0]",13:14:07,20260417,0.0,10819,"[14.2, 122.6, 121.8, 80.6, 80.8, 122.6, 123.4, 15.8, 36.7, 40.1]",None,0.0,OK,,,None,"[1, 1, 1, 1, 1, 1, 1, 1, 1, 1]"
1870441,82832W080PKENGEN,"[576, 0]","[151, 0]",13:14:03,20260417,0.0,None,"[27.5, 36.8, 37.7, 51.8, 61.2, 78.0, 98.6, 98.1, 86.9, 84.7, 13.8]",None,0.0,OK,None,,Null,"[1, 1, 1, 1, 1, 1, 1, 1, 1, 1, 1]"
1870440,8462284S00,"[1253, 10]","[151, 1]",13:14:02,20260417,0.0,10823,"[12.5, 127.6, 127.9, 128.7, 128.2, 128.4, 127.6, 13.0, 794.0]",None,0.0,OK,None,7,00024533,"[1, 1, 1, 1, 1, 1, 1, 1, 1]"
1870439,82832W080PKENGEN,"[575, 0]","[150, 0]",13:13:41,20260417,0.0,None,"[27.8, 36.8, 37.9, 51.6, 61.2, 78.0, 98.3, 98.1, 87.1, 84.4, 13.6]",None,0.0,OK,None,,Null,"[1, 1, 1, 1, 1, 1, 1, 1, 1, 1, 1]"
1870438,8462284S00,"[1252, 10]","[150, 1]",13:13:24,20260417,0.0,10823,"[12.2, 127.8, 128.1, 128.9, 128.4, 128.7, 127.6, 13.1, 794.7]",None,0.0,OK,None,7,00024533,"[1, 1, 1, 1, 1, 1, 1, 1, 1]"
1870437,82832W080PKENGEN,"[574, 0]","[149, 0]",13:13:23,20260417,0.0,None,"[27.6, 36.8, 37.7, 51.8, 61.7, 78.3, 98.4, 98.3, 86.8, 84.9, 13.8]",None,0.0,OK,None,,Null,"[1, 1, 1, 1, 1, 1, 1, 1, 1, 1, 1]"
1870436,658207UA0A,"[1030, 0]","[240, 0]",13:13:21,20260417,0.0,10821,"[15.0, 74.8, 87.8, 117.3, 15.3, 310.3]","[1, 1, 1, 1]",0.0,OK,,,None,"[1, 1, 1, 1, 1, 1]"
1870435,658207UA0A,"[1029, 0]","[239, 0]",13:13:17,20260417,0.0,10821,"[16.0, 74.8, 88.0, 117.9, 15.0, 311.7]","[1, 1, 1, 1]",0.0,OK,,,None,"[1, 1, 1, 1, 1, 1]"
1870434,8462284S00,"[1251, 10]","[149, 1]",13:13:15,20260417,0.0,10823,"[12.3, 127.4, 127.9, 128.6, 128.7, 128.4, 127.8, 12.1, 793.1]",None,0.0,OK,None,7,00024533,"[1, 1, 1, 1, 1, 1, 1, 1, 1]"
1870433,658207UA0A,"[1028, 0]","[238, 0]",13:13:11,20260417,0.0,10821,"[16.0, 74.3, 88.1, 117.3, 15.1, 310.9]","[1, 1, 1, 1]",0.0,OK,,,None,"[1, 1, 1, 1, 1, 1]"
1870432,8462284S00,"[1250, 10]","[148, 1]",13:13:06,20260417,0.0,10823,"[12.3, 127.8, 128.2, 128.1, 128.7, 128.9, 127.1, 12.5, 793.5]",None,0.0,OK,None,7,00024533,"[1, 1, 1, 1, 1, 1, 1, 1, 1]"
1870431,658207UA0A,"[1027, 0]","[237, 0]",13:13:06,20260417,0.0,10821,"[15.9, 74.7, 88.1, 117.1, 15.0, 310.8]","[1, 1, 1, 1]",0.0,OK,,,None,"[1, 1, 1, 1, 1, 1]"
1870430,82832W080PKENGEN,"[573, 0]","[148, 0]",13:13:02,20260417,0.0,None,"[27.5, 36.8, 37.9, 52.3, 61.4, 78.0, 98.3, 97.8, 86.9, 84.4, 13.6]",None,0.0,OK,None,,Null,"[1, 1, 1, 1, 1, 1, 1, 1, 1, 1, 1]"
1870429,658207UA0A,"[1026, 0]","[236, 0]",13:13:01,20260417,0.0,10821,"[15.7, 74.7, 88.1, 117.1, 14.9, 310.4]","[1, 1, 1, 1]",0.0,OK,,,None,"[1, 1, 1, 1, 1, 1]"
1870428,8462284S00,"[1249, 10]","[147, 1]",13:12:57,20260417,0.0,10823,"[11.8, 128.4, 128.4, 128.7, 128.6, 128.6, 127.9, 12.3, 794.6]",None,0.0,OK,None,7,00024533,"[1, 1, 1, 1, 1, 1, 1, 1, 1]"
1870427,658207UA0A,"[1025, 0]","[235, 0]",13:12:55,20260417,0.0,10821,"[15.7, 75.0, 88.0, 117.1, 15.3, 311.1]","[1, 1, 1, 1]",0.0,OK,,,None,"[1, 1, 1, 1, 1, 1]"
1870426,658207UA0A,"[1024, 0]","[234, 0]",13:12:50,20260417,0.0,10821,"[15.4, 74.7, 87.8, 116.7, 15.8, 310.3]","[1, 1, 1, 1]",0.0,OK,,,None,"[1, 1, 1, 1, 1, 1]"
1870425,8462284S00,"[1248, 10]","[146, 1]",13:12:48,20260417,0.0,10823,"[12.3, 127.6, 127.8, 128.4, 128.2, 128.7, 127.6, 12.4, 793.0]",None,0.0,OK,None,7,00024533,"[1, 1, 1, 1, 1, 1, 1, 1, 1]"
1870424,658207UA0A,"[1023, 0]","[233, 0]",13:12:45,20260417,0.0,10821,"[14.9, 74.3, 87.5, 116.7, 16.3, 309.6]","[1, 1, 1, 1]",0.0,OK,,,None,"[1, 1, 1, 1, 1, 1]"
1870423,82832W080PKENGEN,"[572, 0]","[147, 0]",13:12:42,20260417,0.0,None,"[27.8, 37.1, 38.2, 51.9, 61.2, 78.6, 97.8, 98.6, 86.9, 84.5, 13.6]",None,0.0,OK,None,,Null,"[1, 1, 1, 1, 1, 1, 1, 1, 1, 1, 1]"
1870422,8462284S00,"[1247, 10]","[145, 1]",13:12:39,20260417,0.0,10823,"[12.9, 127.1, 128.1, 128.4, 128.4, 128.7, 127.6, 12.7, 793.9]",None,0.0,OK,None,7,00024533,"[1, 1, 1, 1, 1, 1, 1, 1, 1]"
1870421,658207UA0A,"[1022, 0]","[232, 0]",13:12:39,20260417,0.0,10821,"[16.1, 74.8, 88.0, 117.3, 14.9, 311.0]","[1, 1, 1, 1]",0.0,OK,,,None,"[1, 1, 1, 1, 1, 1]"
1870420,658207UA0A,"[1021, 0]","[231, 0]",13:12:34,20260417,0.0,10821,"[15.7, 74.5, 88.1, 117.6, 15.0, 310.9]","[1, 1, 1, 1]",0.0,OK,,,None,"[1, 1, 1, 1, 1, 1]"
1870419,8462284S00,"[1246, 10]","[144, 1]",13:12:29,20260417,0.0,10823,"[12.2, 128.2, 128.1, 128.7, 128.9, 128.9, 127.4, 13.0, 795.3]",None,0.0,OK,None,7,00024533,"[1, 1, 1, 1, 1, 1, 1, 1, 1]"
1870418,658207UA0A,"[1020, 0]","[230, 0]",13:12:28,20260417,0.0,10821,"[15.9, 74.8, 88.1, 116.8, 15.5, 311.2]","[1, 1, 1, 1]",0.0,OK,,,None,"[1, 1, 1, 1, 1, 1]"
1870417,658207UA0A,"[1019, 0]","[229, 0]",13:12:23,20260417,0.0,10821,"[16.2, 74.7, 88.1, 117.3, 15.2, 311.5]","[1, 1, 1, 1]",0.0,OK,,,None,"[1, 1, 1, 1, 1, 1]"
1870416,82832W080PKENGEN,"[571, 0]","[146, 0]",13:12:21,20260417,0.0,None,"[27.6, 36.9, 38.2, 52.1, 61.5, 78.1, 98.4, 98.1, 86.8, 84.4, 13.6]",None,0.0,OK,None,,Null,"[1, 1, 1, 1, 1, 1, 1, 1, 1, 1, 1]"
1870415,8462284S00,"[1245, 10]","[143, 1]",13:12:20,20260417,0.0,10823,"[11.7, 127.9, 128.2, 128.1, 128.4, 128.4, 127.6, 12.7, 793.1]",None,0.0,OK,None,7,00024533,"[1, 1, 1, 1, 1, 1, 1, 1, 1]"
1870414,658207UA0A,"[1018, 0]","[228, 0]",13:12:17,20260417,0.0,10821,"[15.7, 75.0, 87.8, 117.9, 15.0, 311.3]","[1, 1, 1, 1]",0.0,OK,,,None,"[1, 1, 1, 1, 1, 1]"
1870413,658207UA0A,"[1017, 0]","[227, 0]",13:12:13,20260417,0.0,10821,"[15.9, 74.7, 88.1, 117.4, 15.1, 311.3]","[1, 1, 1, 1]",0.0,OK,,,None,"[1, 1, 1, 1, 1, 1]"
1870412,8462284S00,"[1244, 10]","[142, 1]",13:12:10,20260417,0.0,10823,"[12.8, 127.6, 128.1, 128.1, 128.1, 128.9, 127.3, 12.1, 792.8]",None,0.0,OK,None,7,00024533,"[1, 1, 1, 1, 1, 1, 1, 1, 1]"
1870411,658207UA0A,"[1016, 0]","[226, 0]",13:12:07,20260417,0.0,10821,"[15.9, 74.7, 88.3, 117.3, 15.1, 311.2]","[1, 1, 1, 1]",0.0,OK,,,None,"[1, 1, 1, 1, 1, 1]"
1870410,82832W080PKENGEN,"[570, 0]","[145, 0]",13:12:01,20260417,0.0,None,"[27.6, 37.1, 38.0, 51.9, 61.0, 78.9, 97.6, 98.6, 86.6, 84.1, 13.8]",None,0.0,OK,None,,Null,"[1, 1, 1, 1, 1, 1, 1, 1, 1, 1, 1]"
1870409,658207UA0A,"[1015, 0]","[225, 0]",13:12:00,20260417,0.0,10821,"[16.0, 74.5, 88.0, 117.6, 14.6, 310.8]","[1, 1, 1, 1]",0.0,OK,,,None,"[1, 1, 1, 1, 1, 1]"
1870408,658207UA0A,"[1014, 0]","[224, 0]",13:11:55,20260417,0.0,10821,"[15.9, 74.8, 88.3, 117.6, 15.2, 311.8]","[1, 1, 1, 1]",0.0,OK,,,None,"[1, 1, 1, 1, 1, 1]"
1870407,658207UA0A,"[1013, 0]","[223, 0]",13:11:50,20260417,0.0,10821,"[15.0, 74.7, 88.0, 117.1, 14.9, 309.6]","[1, 1, 1, 1]",0.0,OK,,,None,"[1, 1, 1, 1, 1, 1]"
1870406,658207UA0A,"[1012, 0]","[222, 0]",13:11:45,20260417,0.0,10821,"[15.7, 74.5, 88.0, 117.5, 15.4, 311.0]","[1, 1, 1, 1]",0.0,OK,,,None,"[1, 1, 1, 1, 1, 1]"
1870405,82832W080PKENGEN,"[569, 0]","[144, 0]",13:11:42,20260417,0.0,None,"[27.8, 36.8, 37.9, 51.5, 61.5, 78.0, 98.0, 98.0, 87.1, 84.7, 13.8]",None,0.0,OK,None,,Null,"[1, 1, 1, 1, 1, 1, 1, 1, 1, 1, 1]"
1870404,658207UA0A,"[1011, 0]","[221, 0]",13:11:40,20260417,0.0,10821,"[15.3, 75.1, 87.2, 118.1, 14.7, 310.5]","[1, 1, 1, 1]",0.0,OK,,,None,"[1, 1, 1, 1, 1, 1]"
1870403,82832W080PKENGEN,"[568, 0]","[143, 0]",13:11:22,20260417,0.0,None,"[27.6, 36.6, 38.2, 51.9, 61.4, 78.1, 98.1, 98.0, 86.9, 84.5, 13.8]",None,0.0,OK,None,,Null,"[1, 1, 1, 1, 1, 1, 1, 1, 1, 1, 1]"
1870402,808397UA0A,"[243, 8]","[171, 4]",13:11:14,20260417,0.0,10819,"[15.4, 123.4, 121.6, 80.6, 81.0, 122.2, 123.6, 16.2, 36.4, 40.3]",None,0.0,OK,,,None,"[1, 1, 1, 1, 1, 1, 1, 1, 1, 1]"
1870401,808397UA0A,"[243, 8]","[171, 4]",13:11:14,20260417,0.0,10819,"[16.0, 123.4, 122.2, 81.0, 80.7, 122.6, 123.4, 15.8, 37.0, 40.5]",None,0.0,OK,,,None,"[1, 1, 1, 1, 1, 1, 1, 1, 1, 1]"
1870400,808397UA0A,"[243, 8]","[171, 4]",13:11:14,20260417,0.0,10819,"[15.4, 123.2, 122.2, 80.6, 81.2, 122.4, 123.4, 16.6, 35.6, 41.1]",None,0.0,OK,,,None,"[1, 1, 1, 1, 1, 1, 1, 1, 1, 1]"
1870399,808397UA0A,"[243, 8]","[171, 4]",13:11:14,20260417,0.0,10819,"[16.0, 122.8, 122.6, 80.0, 81.2, 122.4, 123.8, 15.8, 35.8, 41.5]",None,0.0,OK,,,None,"[1, 1, 1, 1, 1, 1, 1, 1, 1, 1]"
1870398,808397UA0A,"[243, 8]","[171, 4]",13:11:13,20260417,0.0,10819,"[15.4, 122.8, 122.6, 80.0, 80.6, 122.2, 123.4, 15.0, 36.3, 41.3]",None,0.0,OK,,,None,"[1, 1, 1, 1, 1, 1, 1, 1, 1, 1]"
1870397,82832W080PKENGEN,"[567, 0]","[142, 0]",13:11:03,20260417,0.0,None,"[27.8, 37.1, 37.9, 51.9, 61.4, 78.5, 98.0, 98.0, 86.9, 84.2, 13.9]",None,0.0,OK,None,,Null,"[1, 1, 1, 1, 1, 1, 1, 1, 1, 1, 1]"
1870396,82832W080PKENGEN,"[566, 0]","[141, 0]",13:10:45,20260417,0.0,None,"[27.5, 36.6, 37.7, 51.8, 61.2, 78.1, 98.1, 98.0, 86.8, 84.2, 13.9]",None,0.0,OK,None,,Null,"[1, 1, 1, 1, 1, 1, 1, 1, 1, 1, 1]"
1870395,82832W080PKENGEN,"[565, 0]","[140, 0]",13:10:10,20260417,0.0,None,"[28.0, 36.9, 38.2, 51.9, 61.7, 78.5, 98.4, 98.3, 86.9, 84.4, 13.7]",None,0.0,OK,None,,Null,"[1, 1, 1, 1, 1, 1, 1, 1, 1, 1, 1]"
1870394,82832W080PKENGEN,"[564, 0]","[139, 0]",13:09:47,20260417,0.0,None,"[27.5, 36.8, 38.4, 51.8, 61.4, 78.0, 98.3, 97.8, 87.1, 84.2, 13.6]",None,0.0,OK,None,,Null,"[1, 1, 1, 1, 1, 1, 1, 1, 1, 1, 1]"
1870393,82832W080PKENGEN,"[563, 0]","[138, 0]",13:09:25,20260417,0.0,None,"[27.6, 36.9, 38.2, 52.1, 61.4, 78.3, 97.8, 98.0, 86.6, 84.4, 13.6]",None,0.0,OK,None,,Null,"[1, 1, 1, 1, 1, 1, 1, 1, 1, 1, 1]"
1870392,82832W080PKENGEN,"[562, 0]","[137, 0]",13:09:07,20260417,0.0,None,"[27.6, 37.1, 38.0, 51.8, 61.5, 77.8, 98.1, 97.8, 86.5, 83.9, 13.6]",None,0.0,OK,None,,Null,"[1, 1, 1, 1, 1, 1, 1, 1, 1, 1, 1]"
1870391,808387UA0A,"[241, 7]","[155, 0]",13:08:59,20260417,0.0,10819,"[15.0, 122.2, 121.6, 80.2, 79.6, 123.6, 123.6, 16.2, 36.6, 40.7]",None,0.0,OK,,,None,"[1, 1, 1, 1, 1, 1, 1, 1, 1, 1]"
1870389,808387UA0A,"[241, 7]","[155, 0]",13:08:58,20260417,0.0,10819,"[15.0, 122.4, 121.6, 80.6, 79.4, 123.6, 123.6, 16.0, 38.0, 39.5]",None,0.0,OK,,,None,"[1, 1, 1, 1, 1, 1, 1, 1, 1, 1]"
1870390,808387UA0A,"[241, 7]","[155, 0]",13:08:58,20260417,0.0,10819,"[15.4, 121.8, 121.4, 79.8, 80.4, 122.6, 123.2, 15.2, 37.5, 40.5]",None,0.0,OK,,,None,"[1, 1, 1, 1, 1, 1, 1, 1, 1, 1]"
1870388,808387UA0A,"[241, 7]","[155, 0]",13:08:58,20260417,0.0,10819,"[15.2, 122.2, 121.2, 80.4, 80.0, 122.8, 123.2, 15.6, 37.2, 40.5]",None,0.0,OK,,,None,"[1, 1, 1, 1, 1, 1, 1, 1, 1, 1]"
1870387,808387UA0A,"[241, 7]","[155, 0]",13:08:58,20260417,0.0,10819,"[14.8, 122.6, 121.2, 80.8, 79.6, 123.8, 123.4, 15.8, 37.2, 40.7]",None,0.0,OK,,,None,"[1, 1, 1, 1, 1, 1, 1, 1, 1, 1]"
1870386,82832W080PKENGEN,"[561, 0]","[136, 0]",13:08:48,20260417,0.0,None,"[27.6, 36.8, 37.9, 51.9, 61.5, 78.1, 98.6, 98.0, 86.5, 84.5, 13.6]",None,0.0,OK,None,,Null,"[1, 1, 1, 1, 1, 1, 1, 1, 1, 1, 1]"
1870385,658207UA0A,"[1010, 0]","[220, 0]",13:08:48,20260417,0.0,10821,"[16.0, 74.7, 88.1, 117.3, 15.0, 311.0]","[1, 1, 1, 1]",0.0,OK,,,None,"[1, 1, 1, 1, 1, 1]"
1870384,658207UA0A,"[1009, 0]","[219, 0]",13:08:44,20260417,0.0,10821,"[15.9, 74.5, 88.1, 117.5, 14.8, 310.7]","[1, 1, 1, 1]",0.0,OK,,,None,"[1, 1, 1, 1, 1, 1]"
1870383,658207UA0A,"[1008, 0]","[218, 0]",13:08:39,20260417,0.0,10821,"[16.1, 74.3, 88.1, 117.6, 14.7, 310.9]","[1, 1, 1, 1]",0.0,OK,,,None,"[1, 1, 1, 1, 1, 1]"
1870382,658207UA0A,"[1007, 0]","[217, 0]",13:08:34,20260417,0.0,10821,"[16.0, 74.8, 88.3, 117.1, 15.0, 311.2]","[1, 1, 1, 1]",0.0,OK,,,None,"[1, 1, 1, 1, 1, 1]"
1870381,82832W080PKENGEN,"[560, 0]","[135, 0]",13:08:32,20260417,0.0,None,"[27.6, 36.8, 38.2, 51.8, 61.5, 78.1, 98.6, 97.8, 87.3, 84.2, 13.8]",None,0.0,OK,None,,Null,"[1, 1, 1, 1, 1, 1, 1, 1, 1, 1, 1]"
1870380,658207UA0A,"[1006, 0]","[216, 0]",13:08:29,20260417,0.0,10821,"[16.3, 74.8, 88.3, 117.3, 15.4, 312.0]","[1, 1, 1, 1]",0.0,OK,,,None,"[1, 1, 1, 1, 1, 1]"
1870379,658207UA0A,"[1005, 0]","[215, 0]",13:08:23,20260417,0.0,10821,"[16.0, 74.8, 88.0, 117.1, 15.5, 311.4]","[1, 1, 1, 1]",0.0,OK,,,None,"[1, 1, 1, 1, 1, 1]"
1870378,658207UA0A,"[1004, 0]","[214, 0]",13:08:17,20260417,0.0,10821,"[15.8, 75.1, 87.7, 117.5, 15.4, 311.4]","[1, 1, 1, 1]",0.0,OK,,,None,"[1, 1, 1, 1, 1, 1]"
1870377,82832W080PKENGEN,"[559, 0]","[134, 0]",13:08:16,20260417,0.0,None,"[27.6, 36.4, 38.0, 51.8, 60.9, 78.5, 97.8, 98.3, 87.1, 84.1, 13.6]",None,0.0,OK,None,,Null,"[1, 1, 1, 1, 1, 1, 1, 1, 1, 1, 1]"
1870376,658207UA0A,"[1003, 0]","[213, 0]",13:08:03,20260417,0.0,10821,"[16.1, 74.7, 88.1, 117.1, 15.5, 311.6]","[1, 1, 1, 1]",0.0,OK,,,None,"[1, 1, 1, 1, 1, 1]"
1870374,658207UA0A,"[1002, 0]","[212, 0]",13:07:59,20260417,0.0,10821,"[15.9, 74.8, 88.3, 117.3, 14.9, 311.1]","[1, 1, 1, 1]",0.0,OK,,,None,"[1, 1, 1, 1, 1, 1]"
1870375,82832W080PKENGEN,"[558, 0]","[133, 0]",13:07:58,20260417,0.0,None,"[27.6, 37.1, 38.0, 51.5, 61.2, 78.0, 98.1, 98.0, 87.1, 84.4, 13.8]",None,0.0,OK,None,,Null,"[1, 1, 1, 1, 1, 1, 1, 1, 1, 1, 1]"
1870373,658207UA0A,"[1001, 0]","[211, 0]",13:07:54,20260417,0.0,10821,"[15.6, 74.5, 88.0, 117.3, 15.0, 310.4]","[1, 1, 1, 1]",0.0,OK,,,None,"[1, 1, 1, 1, 1, 1]"
1870372,658207UA0A,"[1000, 0]","[210, 0]",13:07:47,20260417,0.0,10821,"[16.1, 74.7, 88.3, 117.5, 15.6, 312.0]","[1, 1, 1, 1]",0.0,OK,,,None,"[1, 1, 1, 1, 1, 1]"
1870371,658207UA0A,"[999, 0]","[209, 0]",13:07:42,20260417,0.0,10821,"[15.9, 74.8, 88.3, 117.4, 14.8, 311.3]","[1, 1, 1, 1]",0.0,OK,,,None,"[1, 1, 1, 1, 1, 1]"
1870370,82832W080PKENGEN,"[557, 0]","[132, 0]",13:07:38,20260417,0.0,None,"[27.6, 36.8, 38.2, 51.8, 61.2, 78.8, 97.6, 98.4, 86.6, 84.4, 13.9]",None,0.0,OK,None,,Null,"[1, 1, 1, 1, 1, 1, 1, 1, 1, 1, 1]"
1870369,658207UA0A,"[998, 0]","[208, 0]",13:07:37,20260417,0.0,10821,"[15.7, 75.0, 88.1, 117.1, 15.2, 311.2]","[1, 1, 1, 1]",0.0,OK,,,None,"[1, 1, 1, 1, 1, 1]"
1870368,658207UA0A,"[997, 0]","[207, 0]",13:07:31,20260417,0.0,10821,"[15.9, 74.5, 88.3, 117.4, 14.9, 311.0]","[1, 1, 1, 1]",0.0,OK,,,None,"[1, 1, 1, 1, 1, 1]"
1870367,658207UA0A,"[996, 0]","[206, 0]",13:07:26,20260417,0.0,10821,"[15.7, 74.7, 88.1, 117.3, 15.4, 311.2]","[1, 1, 1, 1]",0.0,OK,,,None,"[1, 1, 1, 1, 1, 1]"
1870365,658207UA0A,"[995, 0]","[205, 0]",13:07:21,20260417,0.0,10821,"[16.3, 74.5, 88.3, 117.5, 14.8, 311.4]","[1, 1, 1, 1]",0.0,OK,,,None,"[1, 1, 1, 1, 1, 1]"
1870366,82832W080PKENGEN,"[556, 0]","[131, 0]",13:07:20,20260417,0.0,None,"[27.8, 36.8, 38.2, 51.8, 61.2, 78.3, 97.8, 97.5, 86.9, 84.5, 13.6]",None,0.0,OK,None,,Null,"[1, 1, 1, 1, 1, 1, 1, 1, 1, 1, 1]"
1870364,658207UA0A,"[994, 0]","[204, 0]",13:07:16,20260417,0.0,10821,"[15.7, 75.5, 87.7, 117.8, 15.1, 311.7]","[1, 1, 1, 1]",0.0,OK,,,None,"[1, 1, 1, 1, 1, 1]"
1870363,658207UA0A,"[993, 0]","[203, 0]",13:07:09,20260417,0.0,10821,"[15.9, 74.2, 88.1, 116.4, 14.4, 309.0]","[1, 1, 1, 1]",0.0,OK,,,None,"[1, 1, 1, 1, 1, 1]"
1870362,658207UA0A,"[992, 0]","[202, 0]",13:07:04,20260417,0.0,10821,"[15.7, 74.5, 88.1, 117.3, 14.8, 310.4]","[1, 1, 1, 1]",0.0,OK,,,None,"[1, 1, 1, 1, 1, 1]"
1870361,82832W080PKENGEN,"[555, 0]","[130, 0]",13:07:00,20260417,0.0,None,"[27.8, 36.9, 38.4, 52.1, 61.5, 78.5, 98.6, 98.1, 87.3, 84.7, 13.8]",None,0.0,OK,None,,Null,"[1, 1, 1, 1, 1, 1, 1, 1, 1, 1, 1]"
1870360,658207UA0A,"[991, 0]","[201, 0]",13:06:59,20260417,0.0,10821,"[15.9, 74.8, 88.4, 117.1, 15.3, 311.6]","[1, 1, 1, 1]",0.0,OK,,,None,"[1, 1, 1, 1, 1, 1]"
1870359,82832W080PKENGEN,"[554, 0]","[129, 0]",13:06:41,20260417,0.0,None,"[27.5, 36.9, 38.2, 51.6, 61.4, 78.9, 98.1, 98.3, 86.9, 84.4, 13.6]",None,0.0,OK,None,,Null,"[1, 1, 1, 1, 1, 1, 1, 1, 1, 1, 1]"
1870358,82832W080PKENGEN,"[553, 0]","[128, 0]",13:06:24,20260417,0.0,None,"[27.6, 36.8, 38.2, 52.1, 61.4, 78.5, 98.4, 98.1, 86.8, 84.1, 13.9]",None,0.0,OK,None,,Null,"[1, 1, 1, 1, 1, 1, 1, 1, 1, 1, 1]"
1870357,82832W080PKENGEN,"[552, 0]","[127, 0]",13:06:05,20260417,0.0,None,"[27.5, 36.9, 38.5, 51.9, 61.0, 77.8, 98.3, 98.3, 87.4, 84.9, 13.8]",None,0.0,OK,None,,Null,"[1, 1, 1, 1, 1, 1, 1, 1, 1, 1, 1]"
1870356,808397UA0A,"[238, 8]","[166, 4]",13:05:56,20260417,0.0,10819,"[16.0, 123.2, 121.6, 81.0, 80.8, 122.0, 123.4, 15.8, 37.7, 40.9]",None,0.0,OK,,,None,"[1, 1, 1, 1, 1, 1, 1, 1, 1, 1]"
1870355,808397UA0A,"[238, 8]","[166, 4]",13:05:56,20260417,0.0,10819,"[15.8, 123.0, 122.0, 80.2, 81.0, 122.8, 123.0, 16.2, 37.7, 40.5]",None,0.0,OK,,,None,"[1, 1, 1, 1, 1, 1, 1, 1, 1, 1]"
1870354,808397UA0A,"[238, 8]","[166, 4]",13:05:56,20260417,0.0,10819,"[15.6, 123.2, 121.8, 80.8, 80.4, 122.0, 123.6, 15.6, 36.3, 40.5]",None,0.0,OK,,,None,"[1, 1, 1, 1, 1, 1, 1, 1, 1, 1]"
1870353,808397UA0A,"[238, 8]","[166, 4]",13:05:56,20260417,0.0,10819,"[15.6, 122.6, 122.6, 80.2, 81.0, 122.2, 123.4, 15.8, 36.3, 41.3]",None,0.0,OK,,,None,"[1, 1, 1, 1, 1, 1, 1, 1, 1, 1]"
1870352,808397UA0A,"[238, 8]","[166, 4]",13:05:56,20260417,0.0,10819,"[16.0, 123.0, 121.0, 81.2, 80.2, 122.0, 123.0, 16.0, 36.1, 41.5]",None,0.0,OK,,,None,"[1, 1, 1, 1, 1, 1, 1, 1, 1, 1]"
1870351,82832W080PKENGEN,"[551, 0]","[126, 0]",13:05:44,20260417,0.0,None,"[27.8, 37.2, 38.2, 52.1, 61.4, 78.1, 98.6, 98.0, 87.1, 84.7, 13.6]",None,0.0,OK,None,,Null,"[1, 1, 1, 1, 1, 1, 1, 1, 1, 1, 1]"
1870350,658207UA0A,"[990, 0]","[200, 0]",13:05:37,20260417,0.0,10821,"[15.9, 74.7, 88.1, 117.6, 14.6, 310.8]","[1, 1, 1, 1]",0.0,OK,,,None,"[1, 1, 1, 1, 1, 1]"
1870349,658207UA0A,"[989, 0]","[199, 0]",13:05:29,20260417,0.0,10821,"[15.4, 74.3, 88.1, 117.6, 15.0, 310.5]","[1, 1, 1, 1]",0.0,OK,,,None,"[1, 1, 1, 1, 1, 1]"
1870348,658207UA0A,"[988, 0]","[198, 0]",13:05:24,20260417,0.0,10821,"[15.8, 74.7, 88.1, 117.4, 14.5, 310.6]","[1, 1, 1, 1]",0.0,OK,,,None,"[1, 1, 1, 1, 1, 1]"
1870347,658207UA0A,"[987, 0]","[197, 0]",13:05:18,20260417,0.0,10821,"[16.1, 74.3, 88.3, 117.5, 14.6, 310.8]","[1, 1, 1, 1]",0.0,OK,,,None,"[1, 1, 1, 1, 1, 1]"
1870346,82832W080PKENGEN,"[550, 0]","[125, 0]",13:05:15,20260417,0.0,None,"[27.5, 36.8, 38.0, 51.6, 61.2, 78.5, 98.3, 98.3, 86.8, 84.2, 13.7]",None,0.0,OK,None,,Null,"[1, 1, 1, 1, 1, 1, 1, 1, 1, 1, 1]"
1870345,658207UA0A,"[986, 0]","[196, 0]",13:05:13,20260417,0.0,10821,"[16.1, 74.7, 87.7, 117.8, 14.9, 311.1]","[1, 1, 1, 1]",0.0,OK,,,None,"[1, 1, 1, 1, 1, 1]"
1870344,658207UA0A,"[985, 0]","[195, 0]",13:05:05,20260417,0.0,10821,"[15.5, 75.1, 88.3, 117.1, 15.0, 311.1]","[1, 1, 1, 1]",0.0,OK,,,None,"[1, 1, 1, 1, 1, 1]"
1870343,658207UA0A,"[984, 0]","[194, 0]",13:05:00,20260417,0.0,10821,"[16.0, 75.3, 87.8, 117.6, 14.9, 311.5]","[1, 1, 1, 1]",0.0,OK,,,None,"[1, 1, 1, 1, 1, 1]"
1870341,658207UA0A,"[983, 0]","[193, 0]",13:04:55,20260417,0.0,10821,"[16.1, 74.7, 88.0, 117.6, 15.0, 311.3]","[1, 1, 1, 1]",0.0,OK,,,None,"[1, 1, 1, 1, 1, 1]"
1870342,82832W080PKENGEN,"[549, 0]","[124, 0]",13:04:54,20260417,0.0,None,"[28.0, 36.6, 37.9, 51.8, 61.5, 78.6, 98.4, 98.4, 86.5, 84.2, 13.9]",None,0.0,OK,None,,Null,"[1, 1, 1, 1, 1, 1, 1, 1, 1, 1, 1]"
1870340,658207UA0A,"[982, 0]","[192, 0]",13:04:49,20260417,0.0,10821,"[16.2, 74.5, 88.3, 117.6, 14.7, 311.3]","[1, 1, 1, 1]",0.0,OK,,,None,"[1, 1, 1, 1, 1, 1]"
1870339,658207UA0A,"[981, 0]","[191, 0]",13:04:44,20260417,0.0,10821,"[16.2, 75.1, 87.7, 118.2, 14.8, 312.0]","[1, 1, 1, 1]",0.0,OK,,,None,"[1, 1, 1, 1, 1, 1]"
1870338,658207UA0A,"[980, 0]","[190, 0]",13:04:38,20260417,0.0,10821,"[15.8, 75.1, 88.1, 117.3, 15.1, 311.5]","[1, 1, 1, 1]",0.0,OK,,,None,"[1, 1, 1, 1, 1, 1]"
1870336,658207UA0A,"[979, 0]","[189, 0]",13:04:32,20260417,0.0,10821,"[15.9, 74.7, 88.1, 117.5, 14.9, 311.0]","[1, 1, 1, 1]",0.0,OK,,,None,"[1, 1, 1, 1, 1, 1]"
1870337,82832W080PKENGEN,"[548, 0]","[123, 0]",13:04:31,20260417,0.0,None,"[27.5, 36.6, 37.9, 51.8, 61.5, 78.5, 98.9, 98.1, 86.8, 84.5, 13.9]",None,0.0,OK,None,,Null,"[1, 1, 1, 1, 1, 1, 1, 1, 1, 1, 1]"
1870335,658207UA0A,"[978, 0]","[188, 0]",13:04:27,20260417,0.0,10821,"[15.9, 74.8, 88.0, 117.4, 15.0, 311.1]","[1, 1, 1, 1]",0.0,OK,,,None,"[1, 1, 1, 1, 1, 1]"
1870334,658207UA0A,"[977, 0]","[187, 0]",13:04:22,20260417,0.0,10821,"[16.0, 74.7, 88.0, 117.6, 15.0, 311.2]","[1, 1, 1, 1]",0.0,OK,,,None,"[1, 1, 1, 1, 1, 1]"
1870333,658207UA0A,"[976, 0]","[186, 0]",13:04:17,20260417,0.0,10821,"[15.8, 74.8, 88.1, 118.1, 14.7, 311.5]","[1, 1, 1, 1]",0.0,OK,,,None,"[1, 1, 1, 1, 1, 1]"
1870332,658207UA0A,"[975, 0]","[185, 0]",13:04:11,20260417,0.0,10821,"[15.5, 74.5, 88.3, 117.5, 15.0, 310.7]","[1, 1, 1, 1]",0.0,OK,,,None,"[1, 1, 1, 1, 1, 1]"
1870331,658207UA0A,"[974, 0]","[184, 0]",13:04:06,20260417,0.0,10821,"[16.2, 74.7, 88.1, 117.5, 15.0, 311.4]","[1, 1, 1, 1]",0.0,OK,,,None,"[1, 1, 1, 1, 1, 1]"
1870330,658207UA0A,"[973, 0]","[183, 0]",13:04:01,20260417,0.0,10821,"[16.0, 75.1, 87.5, 118.4, 14.7, 311.7]","[1, 1, 1, 1]",0.0,OK,,,None,"[1, 1, 1, 1, 1, 1]"
1870329,658207UA0A,"[972, 0]","[182, 0]",13:03:55,20260417,0.0,10821,"[16.0, 75.0, 87.8, 117.6, 14.9, 311.3]","[1, 1, 1, 1]",0.0,OK,,,None,"[1, 1, 1, 1, 1, 1]"
1870328,82832W080PKENGEN,"[547, 0]","[122, 0]",13:03:51,20260417,0.0,None,"[27.8, 36.8, 38.2, 51.9, 61.4, 78.6, 98.1, 98.8, 87.1, 84.4, 13.9]",None,0.0,OK,None,,Null,"[1, 1, 1, 1, 1, 1, 1, 1, 1, 1, 1]"
1870327,658207UA0A,"[971, 0]","[181, 0]",13:03:49,20260417,0.0,10821,"[15.7, 75.1, 87.7, 117.9, 14.9, 311.3]","[1, 1, 1, 1]",0.0,OK,,,None,"[1, 1, 1, 1, 1, 1]"
1870326,808387UA0A,"[236, 7]","[150, 0]",13:03:37,20260417,0.0,10819,"[15.0, 122.4, 121.4, 80.8, 79.2, 123.6, 123.4, 16.6, 36.8, 40.7]",None,0.0,OK,,,None,"[1, 1, 1, 1, 1, 1, 1, 1, 1, 1]"
1870322,808387UA0A,"[236, 7]","[150, 0]",13:03:36,20260417,0.0,10819,"[15.0, 122.4, 121.4, 80.4, 80.6, 122.4, 123.4, 15.6, 37.1, 40.5]",None,0.0,OK,,,None,"[1, 1, 1, 1, 1, 1, 1, 1, 1, 1]"
1870323,808387UA0A,"[236, 7]","[150, 0]",13:03:36,20260417,0.0,10819,"[15.2, 122.4, 121.2, 80.2, 79.7, 123.4, 123.2, 15.4, 37.7, 40.1]",None,0.0,OK,,,None,"[1, 1, 1, 1, 1, 1, 1, 1, 1, 1]"
1870324,808387UA0A,"[236, 7]","[150, 0]",13:03:36,20260417,0.0,10819,"[14.8, 122.2, 121.4, 80.4, 80.2, 122.8, 122.6, 15.4, 37.7, 40.3]",None,0.0,OK,,,None,"[1, 1, 1, 1, 1, 1, 1, 1, 1, 1]"
1870325,808387UA0A,"[236, 7]","[150, 0]",13:03:36,20260417,0.0,10819,"[14.8, 122.4, 121.6, 80.6, 80.2, 123.4, 123.8, 16.2, 37.1, 41.1]",None,0.0,OK,,,None,"[1, 1, 1, 1, 1, 1, 1, 1, 1, 1]"
1870321,82832W080PKENGEN,"[546, 0]","[121, 0]",13:02:57,20260417,0.0,None,"[27.6, 36.9, 38.0, 51.8, 61.2, 78.3, 98.3, 98.3, 86.8, 84.4, 13.6]",None,0.0,OK,None,,Null,"[1, 1, 1, 1, 1, 1, 1, 1, 1, 1, 1]"
1870320,658207UA0A,"[970, 0]","[180, 0]",13:02:10,20260417,0.0,10821,MANUAL,MANUAL,0.0,MANUAL,MANUAL,,Null,MANUAL
1870319,658207UA0A,"[971, 0]","[181, 0]",13:02:07,20260417,0.0,10821,"[16.1, 74.7, 88.1, 117.6, 15.1, 311.6]","[1, 1, 1, 1]",0.0,OK,,,None,"[1, 1, 1, 1, 1, 1]"
1870318,8462284S00,"[1243, 10]","[141, 1]",13:01:55,20260417,0.0,10823,"[12.0, 127.9, 128.2, 128.2, 128.4, 128.7, 127.4, 12.3, 793.2]",None,0.0,OK,None,7,00024533,"[1, 1, 1, 1, 1, 1, 1, 1, 1]"
1870317,658207UA0A,"[970, 0]","[180, 0]",13:00:55,20260417,0.0,10821,"[15.5, 75.1, 88.1, 117.5, 14.8, 311.0]","[1, 1, 1, 1]",0.0,OK,,,None,"[1, 1, 1, 1, 1, 1]"
1870316,658207UA0A,"[969, 0]","[179, 0]",13:00:50,20260417,0.0,10821,"[16.0, 74.8, 88.3, 117.8, 14.6, 311.5]","[1, 1, 1, 1]",0.0,OK,,,None,"[1, 1, 1, 1, 1, 1]"
1870315,808397UA0A,"[233, 8]","[161, 4]",13:00:49,20260417,0.0,10819,"[15.8, 123.2, 120.8, 80.8, 81.0, 122.0, 123.8, 16.0, 36.7, 40.3]",None,0.0,OK,,,None,"[1, 1, 1, 1, 1, 1, 1, 1, 1, 1]"
1870314,808397UA0A,"[233, 8]","[161, 4]",13:00:49,20260417,0.0,10819,"[15.6, 123.6, 121.4, 80.6, 81.0, 123.0, 123.0, 16.2, 37.6, 39.7]",None,0.0,OK,,,None,"[1, 1, 1, 1, 1, 1, 1, 1, 1, 1]"
1870313,808397UA0A,"[233, 8]","[161, 4]",13:00:49,20260417,0.0,10819,"[15.4, 123.4, 122.2, 80.6, 80.8, 122.4, 122.8, 15.8, 36.6, 40.5]",None,0.0,OK,,,None,"[1, 1, 1, 1, 1, 1, 1, 1, 1, 1]"
1870312,808397UA0A,"[233, 8]","[161, 4]",13:00:49,20260417,0.0,10819,"[15.2, 123.4, 122.6, 80.0, 81.0, 122.4, 123.4, 15.8, 36.3, 41.5]",None,0.0,OK,,,None,"[1, 1, 1, 1, 1, 1, 1, 1, 1, 1]"
1870311,808397UA0A,"[233, 8]","[161, 4]",13:00:49,20260417,0.0,10819,"[15.6, 123.2, 123.2, 80.4, 81.0, 122.8, 123.6, 15.2, 36.8, 40.9]",None,0.0,OK,,,None,"[1, 1, 1, 1, 1, 1, 1, 1, 1, 1]"
1870310,658207UA0A,"[968, 0]","[178, 0]",13:00:44,20260417,0.0,10821,"[15.8, 75.0, 88.1, 117.3, 15.2, 311.4]","[1, 1, 1, 1]",0.0,OK,,,None,"[1, 1, 1, 1, 1, 1]"
1870309,658207UA0A,"[967, 0]","[177, 0]",13:00:39,20260417,0.0,10821,"[15.8, 75.0, 88.0, 117.4, 15.2, 311.4]","[1, 1, 1, 1]",0.0,OK,,,None,"[1, 1, 1, 1, 1, 1]"
1870308,658207UA0A,"[966, 0]","[176, 0]",13:00:30,20260417,0.0,10821,"[16.1, 74.7, 88.0, 117.6, 14.4, 310.8]","[1, 1, 1, 1]",0.0,OK,,,None,"[1, 1, 1, 1, 1, 1]"
1870307,658207UA0A,"[965, 0]","[175, 0]",13:00:19,20260417,0.0,10821,"[16.0, 74.8, 88.3, 117.3, 14.6, 311.0]","[1, 1, 1, 1]",0.0,OK,,,None,"[1, 1, 1, 1, 1, 1]"
1870306,658207UA0A,"[964, 0]","[174, 0]",13:00:12,20260417,0.0,10821,"[15.7, 74.7, 88.3, 117.3, 14.9, 310.8]","[1, 1, 1, 1]",0.0,OK,,,None,"[1, 1, 1, 1, 1, 1]"
1870305,658207UA0A,"[963, 0]","[173, 0]",13:00:06,20260417,0.0,10821,"[16.0, 74.8, 88.1, 117.3, 14.9, 311.2]","[1, 1, 1, 1]",0.0,OK,,,None,"[1, 1, 1, 1, 1, 1]"
1870304,658207UA0A,"[962, 0]","[172, 0]",13:00:01,20260417,0.0,10821,"[15.7, 75.0, 88.0, 117.4, 14.8, 310.9]","[1, 1, 1, 1]",0.0,OK,,,None,"[1, 1, 1, 1, 1, 1]"
1870303,658207UA0A,"[961, 0]","[171, 0]",12:59:54,20260417,0.0,10821,"[16.1, 74.7, 88.1, 117.3, 15.3, 311.4]","[1, 1, 1, 1]",0.0,OK,,,None,"[1, 1, 1, 1, 1, 1]"
1870302,658207UA0A,"[960, 0]","[170, 0]",12:59:43,20260417,0.0,10821,"[15.6, 74.7, 88.3, 117.3, 14.5, 310.4]","[1, 1, 1, 1]",0.0,OK,,,None,"[1, 1, 1, 1, 1, 1]"
1870301,658207UA0A,"[959, 0]","[169, 0]",12:59:38,20260417,0.0,10821,"[16.2, 74.7, 87.8, 117.1, 15.3, 311.1]","[1, 1, 1, 1]",0.0,OK,,,None,"[1, 1, 1, 1, 1, 1]"
1870300,658207UA0A,"[958, 0]","[168, 0]",12:59:32,20260417,0.0,10821,"[15.6, 75.0, 88.3, 117.3, 15.0, 311.1]","[1, 1, 1, 1]",0.0,OK,,,None,"[1, 1, 1, 1, 1, 1]"
1870299,658207UA0A,"[957, 0]","[167, 0]",12:59:27,20260417,0.0,10821,"[15.7, 74.8, 88.1, 117.6, 15.5, 311.7]","[1, 1, 1, 1]",0.0,OK,,,None,"[1, 1, 1, 1, 1, 1]"
1870298,658207UA0A,"[956, 0]","[166, 0]",12:59:22,20260417,0.0,10821,"[15.8, 74.5, 88.4, 117.1, 15.0, 310.9]","[1, 1, 1, 1]",0.0,OK,,,None,"[1, 1, 1, 1, 1, 1]"
1870297,658207UA0A,"[955, 0]","[165, 0]",12:59:17,20260417,0.0,10821,"[16.0, 74.8, 88.1, 117.6, 14.8, 311.4]","[1, 1, 1, 1]",0.0,OK,,,None,"[1, 1, 1, 1, 1, 1]"
1870296,658207UA0A,"[954, 0]","[164, 0]",12:59:12,20260417,0.0,10821,"[15.8, 75.3, 87.8, 117.5, 14.6, 311.0]","[1, 1, 1, 1]",0.0,OK,,,None,"[1, 1, 1, 1, 1, 1]"
1870295,658207UA0A,"[953, 0]","[163, 0]",12:59:06,20260417,0.0,10821,"[16.0, 75.1, 87.5, 117.8, 15.3, 311.7]","[1, 1, 1, 1]",0.0,OK,,,None,"[1, 1, 1, 1, 1, 1]"
1870294,658207UA0A,"[952, 0]","[162, 0]",12:59:01,20260417,0.0,10821,"[15.8, 74.7, 88.1, 117.4, 15.1, 311.1]","[1, 1, 1, 1]",0.0,OK,,,None,"[1, 1, 1, 1, 1, 1]"
1870293,658207UA0A,"[951, 0]","[161, 0]",12:58:55,20260417,0.0,10821,"[15.8, 74.7, 88.1, 117.4, 15.0, 311.0]","[1, 1, 1, 1]",0.0,OK,,,None,"[1, 1, 1, 1, 1, 1]"
1870291,808387UA0A,"[231, 7]","[145, 0]",12:54:25,20260417,0.0,10819,"[15.2, 122.0, 121.2, 80.4, 80.0, 122.8, 123.0, 15.8, 36.4, 40.7]",None,0.0,OK,,,None,"[1, 1, 1, 1, 1, 1, 1, 1, 1, 1]"
1870288,808387UA0A,"[231, 7]","[145, 0]",12:54:25,20260417,0.0,10819,"[14.8, 122.6, 121.2, 80.4, 80.2, 123.4, 123.0, 15.0, 37.0, 40.1]",None,0.0,OK,,,None,"[1, 1, 1, 1, 1, 1, 1, 1, 1, 1]"
1870289,808387UA0A,"[231, 7]","[145, 0]",12:54:25,20260417,0.0,10819,"[14.8, 122.6, 121.4, 80.6, 80.0, 123.6, 123.6, 16.4, 37.3, 40.1]",None,0.0,OK,,,None,"[1, 1, 1, 1, 1, 1, 1, 1, 1, 1]"
1870290,808387UA0A,"[231, 7]","[145, 0]",12:54:25,20260417,0.0,10819,"[15.0, 122.2, 121.2, 80.6, 80.6, 122.2, 123.2, 15.0, 36.9, 40.7]",None,0.0,OK,,,None,"[1, 1, 1, 1, 1, 1, 1, 1, 1, 1]"
1870292,808387UA0A,"[231, 7]","[145, 0]",12:54:25,20260417,0.0,10819,"[15.4, 122.2, 121.2, 80.4, 79.8, 122.8, 123.0, 15.6, 36.6, 40.5]",None,0.0,OK,,,None,"[1, 1, 1, 1, 1, 1, 1, 1, 1, 1]"
1870287,658207UA0A,"[950, 0]","[160, 0]",12:53:15,20260417,0.0,10821,"[15.3, 75.8, 86.5, 118.0, 15.3, 310.9]","[1, 1, 1, 1]",0.0,OK,,,None,"[1, 1, 1, 1, 1, 1]"
1870286,658207UA0A,"[949, 0]","[159, 0]",12:53:10,20260417,0.0,10821,"[15.8, 74.8, 88.1, 117.4, 15.1, 311.3]","[1, 1, 1, 1]",0.0,OK,,,None,"[1, 1, 1, 1, 1, 1]"
1870285,658207UA0A,"[948, 0]","[158, 0]",12:53:05,20260417,0.0,10821,"[15.5, 75.0, 88.1, 117.3, 15.0, 310.9]","[1, 1, 1, 1]",0.0,OK,,,None,"[1, 1, 1, 1, 1, 1]"
1870284,658207UA0A,"[947, 0]","[157, 0]",12:53:00,20260417,0.0,10821,"[15.4, 75.0, 88.0, 117.6, 15.1, 311.0]","[1, 1, 1, 1]",0.0,OK,,,None,"[1, 1, 1, 1, 1, 1]"
1870283,658207UA0A,"[946, 0]","[156, 0]",12:52:55,20260417,0.0,10821,"[16.3, 74.8, 88.1, 117.3, 14.6, 311.1]","[1, 1, 1, 1]",0.0,OK,,,None,"[1, 1, 1, 1, 1, 1]"
1870282,658207UA0A,"[945, 0]","[155, 0]",12:52:49,20260417,0.0,10821,"[15.6, 75.3, 87.8, 117.1, 14.3, 310.1]","[1, 1, 1, 1]",0.0,OK,,,None,"[1, 1, 1, 1, 1, 1]"
1870281,658207UA0A,"[944, 0]","[154, 0]",12:52:43,20260417,0.0,10821,"[15.9, 75.0, 88.1, 117.3, 15.2, 311.6]","[1, 1, 1, 1]",0.0,OK,,,None,"[1, 1, 1, 1, 1, 1]"
1870280,658207UA0A,"[943, 0]","[153, 0]",12:52:34,20260417,0.0,10821,"[16.3, 74.7, 88.0, 117.8, 14.9, 311.6]","[1, 1, 1, 1]",0.0,OK,,,None,"[1, 1, 1, 1, 1, 1]"
1870279,658207UA0A,"[942, 0]","[152, 0]",12:52:26,20260417,0.0,10821,"[15.9, 74.5, 88.1, 117.1, 15.3, 311.0]","[1, 1, 1, 1]",0.0,OK,,,None,"[1, 1, 1, 1, 1, 1]"
1870278,658207UA0A,"[941, 0]","[151, 0]",12:52:22,20260417,0.0,10821,"[15.8, 74.7, 88.1, 117.4, 14.9, 310.9]","[1, 1, 1, 1]",0.0,OK,,,None,"[1, 1, 1, 1, 1, 1]"
1870277,808397UA0A,"[228, 8]","[156, 4]",12:52:21,20260417,0.0,10819,MANUAL,MANUAL,0.0,MANUAL,MANUAL,,MANUAL,MANUAL
1870276,808397UA0A,"[229, 8]","[157, 4]",12:52:19,20260417,0.0,10819,MANUAL,MANUAL,0.0,MANUAL,MANUAL,,MANUAL,MANUAL
1870275,658207UA0A,"[940, 0]","[150, 0]",12:52:17,20260417,0.0,10821,"[16.1, 75.0, 88.3, 117.1, 15.3, 311.7]","[1, 1, 1, 1]",0.0,OK,,,None,"[1, 1, 1, 1, 1, 1]"
1870274,658207UA0A,"[939, 0]","[149, 0]",12:52:11,20260417,0.0,10821,"[16.0, 75.3, 87.7, 118.1, 15.0, 312.0]","[1, 1, 1, 1]",0.0,OK,,,None,"[1, 1, 1, 1, 1, 1]"
1870273,658207UA0A,"[938, 0]","[148, 0]",12:52:05,20260417,0.0,10821,"[16.0, 74.8, 88.1, 117.6, 14.7, 311.3]","[1, 1, 1, 1]",0.0,OK,,,None,"[1, 1, 1, 1, 1, 1]"
1870272,808397UA0A,"[229, 7]","[157, 3]",12:52:03,20260417,0.0,10819,"[15.6, 123.2, 121.4, 80.4, 81.0, 122.0, 123.6, 15.8, 36.9, 40.5]",None,0.0,OK,,,None,"[1, 1, 1, 1, 1, 1, 1, 1, 1, 1]"
1870271,808397UA0A,"[229, 7]","[157, 3]",12:52:03,20260417,0.0,10819,"[16.0, 123.2, 121.8, 79.6, 81.0, 122.4, 123.6, 15.8, 36.9, 40.5]",None,0.0,OK,,,None,"[1, 1, 1, 1, 1, 1, 1, 1, 1, 1]"
1870270,808397UA0A,"[229, 7]","[157, 3]",12:52:03,20260417,0.0,10819,"[15.6, 123.6, 121.8, 79.8, 81.0, 122.0, 122.6, 15.8, 35.9, 40.3]",None,0.0,OK,,,None,"[1, 1, 1, 1, 1, 1, 1, 1, 1, 1]"
1870269,808397UA0A,"[229, 7]","[157, 3]",12:52:03,20260417,0.0,10819,"[15.4, 123.4, 122.4, 79.8, 80.8, 122.0, 123.0, 15.8, 36.7, 41.3]",None,0.0,OK,,,None,"[1, 1, 1, 1, 1, 1, 1, 1, 1, 1]"
1870268,808397UA0A,"[229, 7]","[157, 3]",12:52:03,20260417,0.0,10819,"[15.8, 123.0, 122.4, 79.4, 81.0, 122.6, 123.2, 16.2, 37.2, 40.7]",None,0.0,OK,,,None,"[1, 1, 1, 1, 1, 1, 1, 1, 1, 1]"
1870267,658207UA0A,"[937, 0]","[147, 0]",12:51:58,20260417,0.0,10821,"[16.0, 75.3, 87.8, 117.8, 15.0, 311.8]","[1, 1, 1, 1]",0.0,OK,,,None,"[1, 1, 1, 1, 1, 1]"
1870266,658207UA0A,"[936, 0]","[146, 0]",12:51:49,20260417,0.0,10821,"[15.9, 74.5, 88.3, 117.5, 14.8, 311.0]","[1, 1, 1, 1]",0.0,OK,,,None,"[1, 1, 1, 1, 1, 1]"
1870265,82832W080PCLIPSOUNYUUKI,"[2, 0]","[254, 44]",12:01:53,20260417,0.0,None,"[27.8, 36.8, 38.2, 51.9, 61.2, 78.3, 98.0, 98.0, 87.3]",None,0.0,OK,None,,None,"[1, 1, 1, 1, 1, 1, 1, 1, 1]"
1870264,82832W080PCLIPSOUNYUUKI,"[1, 0]","[253, 44]",12:01:18,20260417,0.0,None,"[27.8, 36.9, 38.5, 51.9, 61.2, 78.5, 97.8, 98.3, 86.6]",None,0.0,OK,None,,None,"[1, 1, 1, 1, 1, 1, 1, 1, 1]"
1870263,82832W080PKENGEN,"[545, 0]","[120, 0]",11:59:43,20260417,0.0,None,"[28.0, 36.6, 38.2, 51.5, 60.9, 77.8, 97.8, 97.5, 86.5, 84.1, 13.8]",None,0.0,OK,None,,Null,"[1, 1, 1, 1, 1, 1, 1, 1, 1, 1, 1]"
1870262,808387UA0A,"[226, 7]","[140, 0]",11:59:30,20260417,0.0,10819,"[14.6, 122.4, 121.6, 80.8, 80.2, 122.8, 123.4, 16.6, 37.2, 42.1]",None,0.0,OK,,,None,"[1, 1, 1, 1, 1, 1, 1, 1, 1, 1]"
1870261,808387UA0A,"[226, 7]","[140, 0]",11:59:30,20260417,0.0,10819,None,None,0.0,NOPART,None,,None,None
1870260,808387UA0A,"[226, 7]","[140, 0]",11:59:30,20260417,0.0,10819,None,None,0.0,NOPART,None,,None,None
1870258,808387UA0A,"[226, 7]","[140, 0]",11:59:29,20260417,0.0,10819,None,None,0.0,NOPART,None,,None,None
1870259,808387UA0A,"[226, 7]","[140, 0]",11:59:29,20260417,0.0,10819,None,None,0.0,NOPART,None,,None,None
1870257,808387UA0A,"[225, 7]","[139, 0]",11:59:28,20260417,0.0,10819,MANUAL,MANUAL,0.0,MANUAL,MANUAL,,MANUAL,MANUAL
1870256,82832W080PKENGEN,"[544, 0]","[119, 0]",11:59:11,20260417,0.0,None,"[27.6, 36.9, 38.2, 51.6, 61.0, 77.8, 98.3, 97.6, 86.8, 85.3, 13.6]",None,0.0,OK,None,,Null,"[1, 1, 1, 1, 1, 1, 1, 1, 1, 1, 1]"
1870255,8462284S00,"[1242, 10]","[140, 1]",11:59:02,20260417,0.0,10823,"[12.4, 127.6, 128.2, 128.4, 128.6, 128.6, 127.3, 12.3, 793.3]",None,0.0,OK,None,7,00024533,"[1, 1, 1, 1, 1, 1, 1, 1, 1]"
1870254,658207UA0A,"[935, 0]","[145, 0]",11:58:58,20260417,0.0,10821,"[16.0, 74.5, 88.1, 117.6, 14.9, 311.1]","[1, 1, 1, 1]",0.0,OK,,,None,"[1, 1, 1, 1, 1, 1]"
1870252,658207UA0A,"[934, 0]","[144, 0]",11:58:53,20260417,0.0,10821,"[16.0, 74.8, 88.0, 117.4, 14.7, 310.9]","[1, 1, 1, 1]",0.0,OK,,,None,"[1, 1, 1, 1, 1, 1]"
1870253,82832W080PKENGEN,"[543, 0]","[118, 0]",11:58:52,20260417,0.0,None,"[28.0, 36.8, 38.5, 51.3, 61.2, 78.5, 98.3, 97.6, 86.6, 84.7, 13.8]",None,0.0,OK,None,,Null,"[1, 1, 1, 1, 1, 1, 1, 1, 1, 1, 1]"
1870251,658207UA0A,"[933, 0]","[143, 0]",11:58:46,20260417,0.0,10821,"[16.1, 75.0, 88.3, 117.8, 14.5, 311.6]","[1, 1, 1, 1]",0.0,OK,,,None,"[1, 1, 1, 1, 1, 1]"
1870250,8462284S00,"[1241, 10]","[139, 1]",11:58:43,20260417,0.0,10823,"[11.2, 127.9, 128.1, 128.2, 128.1, 128.4, 127.6, 12.6, 792.0]",None,0.0,OK,None,7,00024533,"[1, 1, 1, 1, 1, 1, 1, 1, 1]"
1870249,658207UA0A,"[932, 0]","[142, 0]",11:58:36,20260417,0.0,10821,"[16.2, 74.5, 88.3, 117.1, 15.0, 311.1]","[1, 1, 1, 1]",0.0,OK,,,None,"[1, 1, 1, 1, 1, 1]"
1870248,82832W080PKENGEN,"[542, 0]","[117, 0]",11:58:29,20260417,0.0,None,"[27.8, 36.8, 38.5, 51.5, 60.7, 78.0, 97.8, 97.8, 86.6, 84.5, 13.6]",None,0.0,OK,None,,Null,"[1, 1, 1, 1, 1, 1, 1, 1, 1, 1, 1]"
1870247,658207UA0A,"[931, 0]","[141, 0]",11:58:28,20260417,0.0,10821,"[15.4, 74.2, 88.3, 116.8, 15.2, 309.9]","[1, 1, 1, 1]",0.0,OK,,,None,"[1, 1, 1, 1, 1, 1]"
1870246,808387UA0A,"[225, 8]","[139, 1]",11:58:27,20260417,0.0,10819,"[15.0, 122.0, 121.0, 80.4, 79.2, 123.6, 122.8, 16.4, 36.9, 41.1]",None,0.0,OK,,,None,"[1, 1, 1, 1, 1, 1, 1, 1, 1, 1]"
1870245,808387UA0A,"[225, 8]","[139, 1]",11:58:27,20260417,0.0,10819,"[14.8, 122.4, 121.2, 81.0, 80.2, 123.0, 123.4, 16.2, 37.4, 45.7]",None,0.0,NG,CLIP PITCH NG,,None,"[1, 1, 1, 1, 1, 1, 1, 1, 1, 0]"
1870244,808387UA0A,"[225, 8]","[139, 1]",11:58:27,20260417,0.0,10819,"[15.0, 122.2, 121.2, 80.3, 81.0, 121.6, 123.2, 15.2, 37.3, 41.1]",None,0.0,OK,,,None,"[1, 1, 1, 1, 1, 1, 1, 1, 1, 1]"
1870243,808387UA0A,"[225, 8]","[139, 1]",11:58:27,20260417,0.0,10819,"[15.0, 122.4, 121.4, 80.6, 79.6, 123.4, 123.6, 16.4, 37.3, 40.7]",None,0.0,OK,,,None,"[1, 1, 1, 1, 1, 1, 1, 1, 1, 1]"
1870242,808387UA0A,"[225, 8]","[139, 1]",11:58:22,20260417,0.0,10819,"[14.8, 122.6, 121.4, 80.6, 81.2, 122.2, 123.2, 15.2, 37.7, 41.3]",None,0.0,OK,,,None,"[1, 1, 1, 1, 1, 1, 1, 1, 1, 1]"
1870241,8462284S00,"[1240, 10]","[138, 1]",11:58:14,20260417,0.0,10823,"[12.2, 127.6, 127.9, 127.9, 128.1, 128.4, 127.3, 12.6, 792.0]",None,0.0,OK,None,7,00024533,"[1, 1, 1, 1, 1, 1, 1, 1, 1]"
1870240,82832W080PKENGEN,"[541, 0]","[116, 0]",11:58:06,20260417,0.0,None,"[28.0, 36.9, 38.4, 51.5, 61.0, 78.0, 97.8, 97.5, 86.8, 85.0, 13.6]",None,0.0,OK,None,,Null,"[1, 1, 1, 1, 1, 1, 1, 1, 1, 1, 1]"
1870239,8462284S00,"[1239, 10]","[137, 1]",11:58:03,20260417,0.0,10823,"[12.4, 127.6, 127.9, 127.8, 128.7, 128.6, 127.3, 12.7, 792.9]",None,0.0,OK,None,7,00024533,"[1, 1, 1, 1, 1, 1, 1, 1, 1]"
1870238,8462284S00,"[1238, 10]","[136, 1]",11:57:52,20260417,0.0,10823,"[12.4, 127.9, 127.8, 128.6, 128.4, 128.4, 127.8, 12.5, 793.7]",None,0.0,OK,None,7,00024533,"[1, 1, 1, 1, 1, 1, 1, 1, 1]"
1870237,82832W080PKENGEN,"[540, 0]","[115, 0]",11:57:41,20260417,0.0,None,"[28.0, 37.1, 37.9, 51.5, 60.9, 78.1, 98.3, 97.6, 86.8, 84.5, 13.3]",None,0.0,OK,None,,Null,"[1, 1, 1, 1, 1, 1, 1, 1, 1, 1, 1]"
1870236,8462284S00,"[1237, 10]","[135, 1]",11:57:39,20260417,0.0,10823,"[12.7, 127.3, 127.9, 127.9, 128.1, 128.3, 127.1, 12.2, 791.6]",None,0.0,OK,None,7,00024533,"[1, 1, 1, 1, 1, 1, 1, 1, 1]"
1870235,8462284S00,"[1236, 10]","[134, 1]",11:57:27,20260417,0.0,10823,"[12.7, 127.6, 127.8, 128.4, 128.2, 128.4, 127.4, 12.5, 793.0]",None,0.0,OK,None,7,00024533,"[1, 1, 1, 1, 1, 1, 1, 1, 1]"
1870234,8462284S00,"[1235, 10]","[133, 1]",11:57:15,20260417,0.0,10823,"[12.4, 127.4, 128.2, 128.2, 128.6, 128.7, 127.1, 12.3, 793.0]",None,0.0,OK,None,7,00024533,"[1, 1, 1, 1, 1, 1, 1, 1, 1]"
1870233,82832W080PKENGEN,"[539, 0]","[114, 0]",11:57:14,20260417,0.0,None,"[27.8, 36.8, 38.2, 51.6, 61.2, 78.1, 98.0, 97.6, 86.5, 84.5, 13.6]",None,0.0,OK,None,,Null,"[1, 1, 1, 1, 1, 1, 1, 1, 1, 1, 1]"
1870232,8462284S00,"[1234, 10]","[132, 1]",11:57:04,20260417,0.0,10823,"[12.3, 127.6, 128.1, 128.7, 128.1, 128.2, 127.3, 12.6, 792.9]",None,0.0,OK,None,7,00024533,"[1, 1, 1, 1, 1, 1, 1, 1, 1]"
1870231,8462284S00,"[1233, 10]","[131, 1]",11:56:53,20260417,0.0,10823,"[12.1, 127.6, 128.1, 127.9, 128.7, 128.6, 127.6, 12.5, 793.1]",None,0.0,OK,None,7,00024533,"[1, 1, 1, 1, 1, 1, 1, 1, 1]"
1870230,82832W080PKENGEN,"[538, 0]","[113, 0]",11:56:30,20260417,0.0,None,"[27.8, 36.9, 38.2, 51.5, 61.2, 78.1, 97.8, 97.8, 86.8, 84.1, 13.8]",None,0.0,OK,None,,Null,"[1, 1, 1, 1, 1, 1, 1, 1, 1, 1, 1]"
1870229,8462284S00,"[1232, 10]","[130, 1]",11:56:15,20260417,0.0,10823,"[12.4, 127.4, 127.9, 128.1, 128.4, 128.4, 127.6, 12.5, 792.7]",None,0.0,OK,None,7,00024533,"[1, 1, 1, 1, 1, 1, 1, 1, 1]"
1870224,808397UA0A,"[224, 7]","[152, 3]",11:56:10,20260417,0.0,10819,"[15.6, 123.4, 123.0, 80.0, 80.8, 122.4, 123.2, 15.8, 37.4, 40.7]",None,0.0,OK,,,None,"[1, 1, 1, 1, 1, 1, 1, 1, 1, 1]"
1870227,808397UA0A,"[224, 7]","[152, 3]",11:56:10,20260417,0.0,10819,"[15.8, 123.0, 121.2, 81.0, 81.0, 122.2, 123.6, 15.6, 37.1, 40.3]",None,0.0,OK,,,None,"[1, 1, 1, 1, 1, 1, 1, 1, 1, 1]"
1870226,808397UA0A,"[224, 7]","[152, 3]",11:56:10,20260417,0.0,10819,"[15.2, 123.6, 122.4, 80.8, 81.2, 122.8, 123.4, 16.6, 37.8, 40.3]",None,0.0,OK,,,None,"[1, 1, 1, 1, 1, 1, 1, 1, 1, 1]"
1870225,808397UA0A,"[224, 7]","[152, 3]",11:56:10,20260417,0.0,10819,"[15.4, 123.2, 122.2, 80.4, 81.0, 122.4, 122.6, 16.0, 36.7, 40.7]",None,0.0,OK,,,None,"[1, 1, 1, 1, 1, 1, 1, 1, 1, 1]"
1870223,808397UA0A,"[224, 7]","[152, 3]",11:56:09,20260417,0.0,10819,"[15.2, 123.0, 122.8, 79.8, 81.0, 122.0, 123.2, 15.8, 36.1, 41.3]",None,0.0,OK,,,None,"[1, 1, 1, 1, 1, 1, 1, 1, 1, 1]"
1870228,82832W080PKENGEN,"[537, 0]","[112, 0]",11:56:09,20260417,0.0,None,"[28.0, 36.9, 38.4, 51.9, 60.7, 77.7, 97.8, 98.0, 86.8, 84.7, 13.6]",None,0.0,OK,None,,Null,"[1, 1, 1, 1, 1, 1, 1, 1, 1, 1, 1]"
1870222,8462284S00,"[1231, 10]","[129, 1]",11:56:03,20260417,0.0,10823,"[12.3, 127.9, 127.8, 128.2, 128.2, 128.9, 127.5, 12.5, 793.4]",None,0.0,OK,None,7,00024533,"[1, 1, 1, 1, 1, 1, 1, 1, 1]"
1870221,8462284S00,"[1230, 10]","[128, 1]",11:55:53,20260417,0.0,10823,"[12.0, 127.3, 127.4, 127.9, 128.2, 128.3, 127.6, 12.6, 791.3]",None,0.0,OK,None,7,00024533,"[1, 1, 1, 1, 1, 1, 1, 1, 1]"
1870220,82832W080PKENGEN,"[536, 0]","[111, 0]",11:55:47,20260417,0.0,None,"[28.0, 37.1, 38.4, 51.8, 61.0, 77.7, 98.3, 97.5, 86.9, 84.6, 13.7]",None,0.0,OK,None,,Null,"[1, 1, 1, 1, 1, 1, 1, 1, 1, 1, 1]"
1870219,8462284S00,"[1229, 10]","[127, 1]",11:55:40,20260417,0.0,10823,"[12.2, 127.6, 127.9, 128.4, 128.7, 128.9, 127.1, 12.9, 793.7]",None,0.0,OK,None,7,00024533,"[1, 1, 1, 1, 1, 1, 1, 1, 1]"
1870218,8462284S00,"[1228, 10]","[126, 1]",11:55:26,20260417,0.0,10823,"[12.2, 127.8, 128.2, 128.1, 128.6, 128.7, 127.1, 12.7, 793.4]",None,0.0,OK,None,7,00024533,"[1, 1, 1, 1, 1, 1, 1, 1, 1]"
1870217,8462284S00,"[1227, 10]","[125, 1]",11:55:15,20260417,0.0,10823,"[12.4, 127.8, 128.3, 128.2, 128.7, 128.4, 127.8, 12.4, 793.9]",None,0.0,OK,None,7,00024533,"[1, 1, 1, 1, 1, 1, 1, 1, 1]"
1870216,658207UA0A,"[930, 0]","[140, 0]",11:55:07,20260417,0.0,10821,"[15.9, 75.3, 88.0, 117.3, 14.4, 310.9]","[1, 1, 1, 1]",0.0,OK,,,None,"[1, 1, 1, 1, 1, 1]"
1870215,8462284S00,"[1226, 10]","[124, 1]",11:55:03,20260417,0.0,10823,"[12.7, 127.3, 127.8, 128.7, 128.1, 128.2, 127.8, 12.5, 793.0]",None,0.0,OK,None,7,00024533,"[1, 1, 1, 1, 1, 1, 1, 1, 1]"
1870214,658207UA0A,"[929, 0]","[139, 0]",11:55:01,20260417,0.0,10821,"[15.9, 74.8, 87.8, 118.1, 14.9, 311.5]","[1, 1, 1, 1]",0.0,OK,,,None,"[1, 1, 1, 1, 1, 1]"
1870213,82832W080PKENGEN,"[535, 0]","[110, 0]",11:54:59,20260417,0.0,None,"[28.0, 36.8, 38.4, 51.3, 61.2, 77.8, 98.0, 98.3, 86.6, 84.9, 13.8]",None,0.0,OK,None,,Null,"[1, 1, 1, 1, 1, 1, 1, 1, 1, 1, 1]"
1870212,658207UA0A,"[928, 0]","[138, 0]",11:54:53,20260417,0.0,10821,"[16.0, 74.5, 88.1, 117.3, 14.9, 310.8]","[1, 1, 1, 1]",0.0,OK,,,None,"[1, 1, 1, 1, 1, 1]"
1870211,8462284S00,"[1225, 10]","[123, 1]",11:54:52,20260417,0.0,10823,"[12.1, 127.8, 127.9, 127.8, 128.7, 128.6, 127.4, 12.0, 792.4]",None,0.0,OK,None,7,00024533,"[1, 1, 1, 1, 1, 1, 1, 1, 1]"
1870210,658207UA0A,"[927, 0]","[137, 0]",11:54:47,20260417,0.0,10821,"[16.2, 74.3, 87.7, 117.9, 15.0, 311.0]","[1, 1, 1, 1]",0.0,OK,,,None,"[1, 1, 1, 1, 1, 1]"
1870209,658207UA0A,"[926, 0]","[136, 0]",11:54:40,20260417,0.0,10821,"[15.4, 75.3, 88.0, 117.6, 14.9, 311.2]","[1, 1, 1, 1]",0.0,OK,,,None,"[1, 1, 1, 1, 1, 1]"
1870208,8462284S00,"[1224, 10]","[122, 1]",11:54:36,20260417,0.0,10823,"[12.1, 127.4, 127.6, 127.9, 128.2, 128.1, 127.3, 12.4, 791.1]",None,0.0,OK,None,7,00024533,"[1, 1, 1, 1, 1, 1, 1, 1, 1]"
1870207,8462284S00,"[1223, 10]","[121, 1]",11:54:27,20260417,0.0,10823,"[12.6, 127.3, 127.9, 128.2, 128.6, 128.7, 127.6, 13.1, 794.0]",None,0.0,OK,None,7,00024533,"[1, 1, 1, 1, 1, 1, 1, 1, 1]"
1870206,82832W080PKENGEN,"[534, 0]","[109, 0]",11:54:17,20260417,0.0,None,"[28.3, 37.1, 38.0, 51.1, 61.2, 78.0, 97.8, 97.6, 86.6, 85.2, 13.6]",None,0.0,OK,None,,Null,"[1, 1, 1, 1, 1, 1, 1, 1, 1, 1, 1]"
1870205,658207UA0A,"[925, 0]","[135, 0]",11:54:13,20260417,0.0,10821,"[16.2, 75.0, 88.0, 117.4, 14.8, 311.4]","[1, 1, 1, 1]",0.0,OK,,,None,"[1, 1, 1, 1, 1, 1]"
1870204,658207UA0A,"[924, 0]","[134, 0]",11:54:07,20260417,0.0,10821,"[16.1, 75.0, 88.0, 117.1, 15.3, 311.5]","[1, 1, 1, 1]",0.0,OK,,,None,"[1, 1, 1, 1, 1, 1]"
1870203,658207UA0A,"[923, 0]","[133, 0]",11:54:02,20260417,0.0,10821,"[16.2, 74.5, 87.7, 117.5, 15.1, 310.9]","[1, 1, 1, 1]",0.0,OK,,,None,"[1, 1, 1, 1, 1, 1]"
1870202,82832W080PKENGEN,"[533, 0]","[108, 0]",11:53:55,20260417,0.0,None,"[28.1, 36.9, 38.5, 51.5, 61.2, 77.5, 98.4, 98.0, 86.5, 84.7, 13.9]",None,0.0,OK,None,,Null,"[1, 1, 1, 1, 1, 1, 1, 1, 1, 1, 1]"
1870201,658207UA0A,"[922, 0]","[132, 0]",11:53:55,20260417,0.0,10821,"[16.0, 74.8, 87.8, 117.8, 14.9, 311.3]","[1, 1, 1, 1]",0.0,OK,,,None,"[1, 1, 1, 1, 1, 1]"
1870200,808387UA0A,"[221, 7]","[135, 0]",11:53:54,20260417,0.0,10819,"[14.8, 122.2, 121.4, 80.4, 79.4, 123.2, 123.4, 15.6, 36.3, 41.1]",None,0.0,OK,,,None,"[1, 1, 1, 1, 1, 1, 1, 1, 1, 1]"
1870196,808387UA0A,"[221, 7]","[135, 0]",11:53:54,20260417,0.0,10819,"[15.2, 122.4, 121.0, 80.4, 79.6, 123.2, 123.2, 15.4, 38.2, 40.7]",None,0.0,OK,,,None,"[1, 1, 1, 1, 1, 1, 1, 1, 1, 1]"
1870198,808387UA0A,"[221, 7]","[135, 0]",11:53:54,20260417,0.0,10819,"[15.0, 122.2, 121.2, 80.4, 80.4, 122.4, 123.2, 15.4, 36.8, 41.3]",None,0.0,OK,,,None,"[1, 1, 1, 1, 1, 1, 1, 1, 1, 1]"
1870199,808387UA0A,"[221, 7]","[135, 0]",11:53:54,20260417,0.0,10819,"[15.0, 122.4, 121.4, 80.4, 80.2, 122.8, 123.6, 16.2, 36.8, 40.5]",None,0.0,OK,,,None,"[1, 1, 1, 1, 1, 1, 1, 1, 1, 1]"
1870194,8462284S00,"[1222, 10]","[120, 1]",11:53:51,20260417,0.0,10823,"[11.9, 127.9, 128.2, 128.2, 128.2, 128.4, 127.6, 12.6, 793.2]",None,0.0,OK,None,7,00024533,"[1, 1, 1, 1, 1, 1, 1, 1, 1]"
1870197,658207UA0A,"[921, 0]","[131, 0]",11:53:50,20260417,0.0,10821,"[16.1, 74.8, 87.8, 117.8, 14.8, 311.3]","[1, 1, 1, 1]",0.0,OK,,,None,"[1, 1, 1, 1, 1, 1]"
1870195,808387UA0A,"[221, 7]","[135, 0]",11:53:49,20260417,0.0,10819,"[14.8, 122.4, 121.0, 80.4, 80.8, 122.0, 123.2, 15.2, 37.4, 40.5]",None,0.0,OK,,,None,"[1, 1, 1, 1, 1, 1, 1, 1, 1, 1]"
1870193,658207UA0A,"[920, 0]","[130, 0]",11:53:45,20260417,0.0,10821,"[15.9, 74.7, 88.3, 117.4, 14.9, 311.2]","[1, 1, 1, 1]",0.0,OK,,,None,"[1, 1, 1, 1, 1, 1]"
1870192,8462284S00,"[1221, 10]","[119, 1]",11:53:41,20260417,0.0,10823,"[12.6, 127.6, 127.8, 128.2, 128.2, 128.4, 127.3, 12.4, 792.4]",None,0.0,OK,None,7,00024533,"[1, 1, 1, 1, 1, 1, 1, 1, 1]"
1870191,658207UA0A,"[919, 0]","[129, 0]",11:53:39,20260417,0.0,10821,"[16.0, 75.1, 87.8, 117.5, 15.3, 311.7]","[1, 1, 1, 1]",0.0,OK,,,None,"[1, 1, 1, 1, 1, 1]"
1870190,82832W080PKENGEN,"[532, 0]","[107, 0]",11:53:36,20260417,0.0,None,"[28.0, 36.9, 38.5, 51.6, 60.9, 78.1, 98.0, 98.1, 86.9, 84.6, 13.6]",None,0.0,OK,None,,Null,"[1, 1, 1, 1, 1, 1, 1, 1, 1, 1, 1]"
1870189,658207UA0A,"[918, 0]","[128, 0]",11:53:33,20260417,0.0,10821,"[15.8, 74.5, 88.3, 117.3, 14.7, 310.6]","[1, 1, 1, 1]",0.0,OK,,,None,"[1, 1, 1, 1, 1, 1]"
1870188,8462284S00,"[1220, 10]","[118, 1]",11:53:30,20260417,0.0,10823,"[12.2, 127.4, 128.6, 128.4, 128.7, 128.4, 127.9, 13.1, 794.8]",None,0.0,OK,None,7,00024533,"[1, 1, 1, 1, 1, 1, 1, 1, 1]"
1870187,658207UA0A,"[917, 0]","[127, 0]",11:53:26,20260417,0.0,10821,"[16.3, 74.7, 87.5, 117.4, 15.3, 311.1]","[1, 1, 1, 1]",0.0,OK,,,None,"[1, 1, 1, 1, 1, 1]"
1870186,658207UA0A,"[916, 0]","[126, 0]",11:53:20,20260417,0.0,10821,"[16.1, 74.7, 88.3, 117.1, 15.5, 311.7]","[1, 1, 1, 1]",0.0,OK,,,None,"[1, 1, 1, 1, 1, 1]"
1870185,8462284S00,"[1219, 10]","[117, 1]",11:53:18,20260417,0.0,10823,"[12.5, 127.8, 127.8, 128.4, 128.4, 128.9, 127.1, 13.0, 793.7]",None,0.0,OK,None,7,00024533,"[1, 1, 1, 1, 1, 1, 1, 1, 1]"
1870184,82832W080PKENGEN,"[531, 0]","[106, 0]",11:53:15,20260417,0.0,None,"[28.0, 36.8, 38.2, 51.5, 61.4, 77.8, 97.8, 97.6, 86.5, 84.4, 13.8]",None,0.0,OK,None,,Null,"[1, 1, 1, 1, 1, 1, 1, 1, 1, 1, 1]"
1870183,658207UA0A,"[915, 0]","[125, 0]",11:53:13,20260417,0.0,10821,"[15.8, 75.1, 87.7, 118.1, 15.4, 312.0]","[1, 1, 1, 1]",0.0,OK,,,None,"[1, 1, 1, 1, 1, 1]"
1870182,8462284S00,"[1218, 10]","[116, 1]",11:53:08,20260417,0.0,10823,"[11.8, 128.4, 127.9, 128.9, 128.3, 128.9, 127.6, 12.5, 794.2]",None,0.0,OK,None,7,00024533,"[1, 1, 1, 1, 1, 1, 1, 1, 1]"
1870181,658207UA0A,"[914, 0]","[124, 0]",11:53:08,20260417,0.0,10821,"[15.9, 75.0, 87.8, 117.6, 15.1, 311.4]","[1, 1, 1, 1]",0.0,OK,,,None,"[1, 1, 1, 1, 1, 1]"
1870180,658207UA0A,"[913, 0]","[123, 0]",11:53:04,20260417,0.0,10821,"[15.8, 74.8, 88.1, 117.3, 15.6, 311.5]","[1, 1, 1, 1]",0.0,OK,,,None,"[1, 1, 1, 1, 1, 1]"
1870179,658207UA0A,"[912, 0]","[122, 0]",11:52:59,20260417,0.0,10821,"[15.7, 74.8, 88.1, 117.1, 15.4, 311.1]","[1, 1, 1, 1]",0.0,OK,,,None,"[1, 1, 1, 1, 1, 1]"
1870178,8462284S00,"[1217, 10]","[115, 1]",11:52:56,20260417,0.0,10823,"[12.4, 127.9, 127.9, 128.3, 128.9, 128.2, 127.4, 13.0, 794.0]",None,0.0,OK,None,7,00024533,"[1, 1, 1, 1, 1, 1, 1, 1, 1]"
1870177,82832W080PKENGEN,"[530, 0]","[105, 0]",11:52:55,20260417,0.0,None,"[27.8, 37.1, 38.7, 51.3, 61.0, 78.0, 97.6, 98.0, 86.6, 84.7, 13.8]",None,0.0,OK,None,,Null,"[1, 1, 1, 1, 1, 1, 1, 1, 1, 1, 1]"
1870176,658207UA0A,"[911, 0]","[121, 0]",11:52:55,20260417,0.0,10821,"[16.0, 74.7, 88.3, 117.6, 15.0, 311.6]","[1, 1, 1, 1]",0.0,OK,,,None,"[1, 1, 1, 1, 1, 1]"
1870175,8462284S00,"[1216, 10]","[114, 1]",11:52:36,20260417,0.0,10823,"[12.3, 127.9, 128.2, 128.4, 129.2, 129.2, 127.4, 12.8, 795.4]",None,0.0,OK,None,7,00024533,"[1, 1, 1, 1, 1, 1, 1, 1, 1]"
1870174,82832W080PKENGEN,"[529, 0]","[104, 0]",11:52:35,20260417,0.0,None,"[28.0, 36.9, 38.2, 51.5, 61.4, 78.0, 98.3, 97.6, 86.6, 84.7, 13.4]",None,0.0,OK,None,,Null,"[1, 1, 1, 1, 1, 1, 1, 1, 1, 1, 1]"
1870173,8462284S00,"[1215, 10]","[113, 1]",11:52:25,20260417,0.0,10823,"[12.8, 127.3, 128.4, 128.2, 128.6, 128.6, 127.4, 13.0, 794.3]",None,0.0,OK,None,7,00024533,"[1, 1, 1, 1, 1, 1, 1, 1, 1]"
1870172,8462284S00,"[1214, 10]","[112, 1]",11:52:14,20260417,0.0,10823,"[12.7, 127.9, 127.8, 128.4, 128.4, 128.4, 127.6, 13.2, 794.3]",None,0.0,OK,None,7,00024533,"[1, 1, 1, 1, 1, 1, 1, 1, 1]"
1870171,82832W080PKENGEN,"[528, 0]","[103, 0]",11:52:04,20260417,0.0,None,"[28.0, 37.1, 38.5, 51.5, 61.1, 77.8, 97.8, 97.8, 86.8, 84.4, 13.6]",None,0.0,OK,None,,Null,"[1, 1, 1, 1, 1, 1, 1, 1, 1, 1, 1]"
1870170,8462284S00,"[1213, 10]","[111, 1]",11:52:02,20260417,0.0,10823,"[12.2, 127.8, 128.4, 128.6, 128.9, 128.9, 127.9, 12.0, 794.5]",None,0.0,OK,None,7,00024533,"[1, 1, 1, 1, 1, 1, 1, 1, 1]"
1870169,658207UA0A,"[910, 0]","[120, 0]",11:51:41,20260417,0.0,10821,"[16.3, 74.5, 88.0, 117.8, 15.1, 311.6]","[1, 1, 1, 1]",0.0,OK,,,None,"[1, 1, 1, 1, 1, 1]"
1870168,658207UA0A,"[909, 0]","[119, 0]",11:51:36,20260417,0.0,10821,"[15.9, 74.7, 88.0, 117.8, 15.0, 311.3]","[1, 1, 1, 1]",0.0,OK,,,None,"[1, 1, 1, 1, 1, 1]"
1870167,82832W080PKENGEN,"[527, 0]","[102, 0]",11:51:31,20260417,0.0,None,"[28.0, 36.6, 38.2, 51.8, 60.9, 77.7, 98.0, 98.0, 86.3, 83.9, 13.6]",None,0.0,OK,None,,Null,"[1, 1, 1, 1, 1, 1, 1, 1, 1, 1, 1]"
1870166,658207UA0A,"[908, 0]","[118, 0]",11:51:30,20260417,0.0,10821,"[15.8, 75.1, 88.1, 117.1, 15.4, 311.6]","[1, 1, 1, 1]",0.0,OK,,,None,"[1, 1, 1, 1, 1, 1]"
1870165,658207UA0A,"[907, 0]","[117, 0]",11:51:22,20260417,0.0,10821,"[16.1, 74.5, 88.3, 117.1, 15.2, 311.2]","[1, 1, 1, 1]",0.0,OK,,,None,"[1, 1, 1, 1, 1, 1]"
1870164,658207UA0A,"[906, 0]","[116, 0]",11:51:15,20260417,0.0,10821,"[15.5, 74.5, 88.1, 117.4, 15.1, 310.6]","[1, 1, 1, 1]",0.0,OK,,,None,"[1, 1, 1, 1, 1, 1]"
1870163,658207UA0A,"[905, 0]","[115, 0]",11:51:10,20260417,0.0,10821,"[15.5, 74.5, 88.6, 117.3, 14.6, 310.4]","[1, 1, 1, 1]",0.0,OK,,,None,"[1, 1, 1, 1, 1, 1]"
1870162,658207UA0A,"[904, 0]","[114, 0]",11:51:04,20260417,0.0,10821,MANUAL,MANUAL,0.0,MANUAL,MANUAL,,Null,MANUAL
1870161,8462284S00,"[1212, 10]","[110, 1]",11:51:02,20260417,0.0,10823,"[12.5, 128.1, 128.2, 128.4, 128.4, 128.7, 128.1, 12.2, 794.7]",None,0.0,OK,None,7,00024533,"[1, 1, 1, 1, 1, 1, 1, 1, 1]"
1870160,658207UA0A,"[904, 1]","[114, 1]",11:51:02,20260417,0.0,10821,"[15.6, 74.8, 88.1, 117.6, 15.4, 311.6]","[1, 1, 1, 1]",0.0,OK,,,None,"[1, 1, 1, 1, 1, 1]"
1870159,658207UA0A,"[903, 1]","[113, 1]",11:50:58,20260417,0.0,10821,"[0, 0, 0, 0, 0, 0]",[],0.0,NG,PART IS NOT FOUND,,None,"[0, 0, 0, 0, 0, 0]"
1870158,658207UA0A,"[903, 0]","[113, 0]",11:50:53,20260417,0.0,10821,"[15.7, 74.8, 88.1, 117.1, 15.4, 311.1]","[1, 1, 1, 1]",0.0,OK,,,None,"[1, 1, 1, 1, 1, 1]"
1870157,8462284S00,"[1211, 10]","[109, 1]",11:50:49,20260417,0.0,10823,"[12.5, 127.8, 128.2, 128.6, 128.7, 128.6, 128.6, 12.1, 795.0]",None,0.0,OK,None,7,00024533,"[1, 1, 1, 1, 1, 1, 1, 1, 1]"
1870156,82832W080PKENGEN,"[526, 0]","[101, 0]",11:50:48,20260417,0.0,None,"[28.0, 37.1, 38.4, 51.6, 61.5, 78.1, 98.1, 97.5, 86.8, 84.5, 13.6]",None,0.0,OK,None,,Null,"[1, 1, 1, 1, 1, 1, 1, 1, 1, 1, 1]"
1870155,658207UA0A,"[902, 0]","[112, 0]",11:50:46,20260417,0.0,10821,"[15.9, 74.5, 88.1, 116.8, 15.3, 310.7]","[1, 1, 1, 1]",0.0,OK,,,None,"[1, 1, 1, 1, 1, 1]"
1870154,658207UA0A,"[901, 0]","[111, 0]",11:50:41,20260417,0.0,10821,"[15.8, 74.8, 88.0, 116.7, 15.4, 310.7]","[1, 1, 1, 1]",0.0,OK,,,None,"[1, 1, 1, 1, 1, 1]"
1870153,8462284S00,"[1210, 10]","[108, 1]",11:50:36,20260417,0.0,10823,"[12.1, 127.6, 128.2, 128.4, 128.7, 128.9, 127.9, 12.7, 794.5]",None,0.0,OK,None,7,00024533,"[1, 1, 1, 1, 1, 1, 1, 1, 1]"
1870152,658207UA0A,"[900, 0]","[110, 0]",11:50:30,20260417,0.0,10821,"[15.3, 75.0, 88.0, 118.3, 14.9, 311.4]","[1, 1, 1, 1]",0.0,OK,,,None,"[1, 1, 1, 1, 1, 1]"
1870151,8462284S00,"[1209, 10]","[107, 1]",11:50:25,20260417,0.0,10823,"[11.8, 127.6, 127.9, 127.9, 128.4, 128.2, 127.1, 12.7, 791.7]",None,0.0,OK,None,7,00024533,"[1, 1, 1, 1, 1, 1, 1, 1, 1]"
1870150,658207UA0A,"[899, 0]","[109, 0]",11:50:21,20260417,0.0,10821,"[15.7, 74.5, 87.8, 117.6, 15.5, 311.1]","[1, 1, 1, 1]",0.0,OK,,,None,"[1, 1, 1, 1, 1, 1]"
1870149,8462284S00,"[1208, 10]","[106, 1]",11:50:16,20260417,0.0,10823,"[12.1, 127.6, 128.4, 128.6, 128.2, 129.0, 127.8, 13.0, 794.7]",None,0.0,OK,None,7,00024533,"[1, 1, 1, 1, 1, 1, 1, 1, 1]"
1870148,658207UA0A,"[898, 0]","[108, 0]",11:50:15,20260417,0.0,10821,"[15.5, 74.5, 88.3, 117.3, 14.6, 310.2]","[1, 1, 1, 1]",0.0,OK,,,None,"[1, 1, 1, 1, 1, 1]"
1870147,658207UA0A,"[897, 0]","[107, 0]",11:50:10,20260417,0.0,10821,"[16.0, 74.7, 88.1, 117.3, 15.3, 311.5]","[1, 1, 1, 1]",0.0,OK,,,None,"[1, 1, 1, 1, 1, 1]"
1870146,658207UA0A,"[896, 0]","[106, 0]",11:50:01,20260417,0.0,10821,"[15.7, 74.7, 88.1, 116.8, 15.0, 310.2]","[1, 1, 1, 1]",0.0,OK,,,None,"[1, 1, 1, 1, 1, 1]"
1870145,8462284S00,"[1207, 10]","[105, 1]",11:49:58,20260417,0.0,10823,"[12.5, 127.4, 128.1, 127.9, 128.2, 128.4, 128.1, 12.4, 793.0]",None,0.0,OK,None,7,00024533,"[1, 1, 1, 1, 1, 1, 1, 1, 1]"
1870144,658207UA0A,"[895, 0]","[105, 0]",11:49:56,20260417,0.0,10821,"[15.6, 74.7, 88.1, 117.1, 15.4, 311.0]","[1, 1, 1, 1]",0.0,OK,,,None,"[1, 1, 1, 1, 1, 1]"
1870143,658207UA0A,"[894, 0]","[104, 0]",11:49:50,20260417,0.0,10821,"[16.0, 74.3, 88.0, 117.6, 15.2, 311.1]","[1, 1, 1, 1]",0.0,OK,,,None,"[1, 1, 1, 1, 1, 1]"
1870142,658207UA0A,"[893, 0]","[103, 0]",11:49:45,20260417,0.0,10821,"[16.0, 74.7, 88.0, 117.3, 15.0, 310.9]","[1, 1, 1, 1]",0.0,OK,,,None,"[1, 1, 1, 1, 1, 1]"
1870141,8462284S00,"[1206, 10]","[104, 1]",11:49:44,20260417,0.0,10823,"[11.7, 127.9, 128.2, 128.4, 128.6, 128.7, 127.6, 12.6, 793.7]",None,0.0,OK,None,7,00024533,"[1, 1, 1, 1, 1, 1, 1, 1, 1]"
1870140,658207UA0A,"[892, 0]","[102, 0]",11:49:40,20260417,0.0,10821,"[16.1, 74.5, 88.0, 117.0, 14.9, 310.3]","[1, 1, 1, 1]",0.0,OK,,,None,"[1, 1, 1, 1, 1, 1]"
1870139,658207UA0A,"[891, 0]","[101, 0]",11:49:35,20260417,0.0,10821,"[16.0, 74.2, 88.1, 117.4, 14.5, 310.3]","[1, 1, 1, 1]",0.0,OK,,,None,"[1, 1, 1, 1, 1, 1]"
1870138,8462284S00,"[1205, 10]","[103, 1]",11:49:32,20260417,0.0,10823,"[12.1, 127.4, 128.2, 128.4, 128.4, 128.8, 127.3, 12.6, 793.2]",None,0.0,OK,None,7,00024533,"[1, 1, 1, 1, 1, 1, 1, 1, 1]"
1870137,82832W080PKENGEN,"[525, 0]","[100, 0]",11:49:24,20260417,0.0,None,"[27.6, 37.1, 38.2, 51.3, 61.2, 77.8, 98.0, 97.5, 86.6, 84.5, 13.8]",None,0.0,OK,None,,Null,"[1, 1, 1, 1, 1, 1, 1, 1, 1, 1, 1]"
1870136,8462284S00,"[1204, 10]","[102, 1]",11:49:23,20260417,0.0,10823,"[12.5, 127.4, 127.8, 128.6, 128.6, 128.6, 127.3, 12.8, 793.5]",None,0.0,OK,None,7,00024533,"[1, 1, 1, 1, 1, 1, 1, 1, 1]"
1870135,8462284S00,"[1203, 10]","[101, 1]",11:49:13,20260417,0.0,10823,"[12.7, 127.7, 128.4, 127.9, 128.4, 128.1, 127.4, 12.6, 793.1]",None,0.0,OK,None,7,00024533,"[1, 1, 1, 1, 1, 1, 1, 1, 1]"
1870134,82832W080PKENGEN,"[524, 0]","[99, 0]",11:49:00,20260417,0.0,None,"[28.0, 36.8, 38.0, 51.8, 61.0, 78.1, 98.3, 97.6, 86.5, 84.4, 13.6]",None,0.0,OK,None,,Null,"[1, 1, 1, 1, 1, 1, 1, 1, 1, 1, 1]"
1870133,82832W080PKENGEN,"[523, 0]","[98, 0]",11:48:35,20260417,0.0,None,"[28.1, 36.9, 38.2, 51.6, 61.0, 78.0, 98.6, 97.6, 86.5, 84.9, 13.8]",None,0.0,OK,None,,Null,"[1, 1, 1, 1, 1, 1, 1, 1, 1, 1, 1]"
1870132,8462284S00,"[1202, 10]","[100, 1]",11:48:22,20260417,0.0,10823,"[12.3, 127.6, 128.2, 128.4, 128.2, 128.4, 127.9, 12.2, 793.2]",None,0.0,OK,None,7,00024533,"[1, 1, 1, 1, 1, 1, 1, 1, 1]"
1870131,8462284S00,"[1201, 10]","[99, 1]",11:48:13,20260417,0.0,10823,"[12.3, 127.8, 127.8, 128.0, 128.4, 128.6, 127.6, 12.4, 792.7]",None,0.0,OK,None,7,00024533,"[1, 1, 1, 1, 1, 1, 1, 1, 1]"
1870130,82832W080PKENGEN,"[522, 0]","[97, 0]",11:48:12,20260417,0.0,None,"[28.1, 36.6, 38.4, 51.8, 61.0, 78.3, 98.4, 97.8, 86.5, 84.5, 13.6]",None,0.0,OK,None,,Null,"[1, 1, 1, 1, 1, 1, 1, 1, 1, 1, 1]"
1870129,8462284S00,"[1200, 10]","[98, 1]",11:48:04,20260417,0.0,10823,"[12.8, 127.3, 128.3, 128.2, 128.6, 128.2, 127.8, 12.9, 793.9]",None,0.0,OK,None,7,00024533,"[1, 1, 1, 1, 1, 1, 1, 1, 1]"
1870128,8462284S00,"[1199, 10]","[97, 1]",11:47:53,20260417,0.0,10823,"[12.4, 128.1, 128.4, 128.9, 128.9, 128.9, 128.2, 12.7, 796.4]",None,0.0,OK,None,7,00024533,"[1, 1, 1, 1, 1, 1, 1, 1, 1]"
1870127,82832W080PKENGEN,"[521, 0]","[96, 0]",11:47:43,20260417,0.0,None,"[28.0, 36.8, 38.7, 51.8, 60.7, 77.8, 98.1, 98.0, 86.8, 84.2, 13.4]",None,0.0,OK,None,,Null,"[1, 1, 1, 1, 1, 1, 1, 1, 1, 1, 1]"
1870126,8462284S00,"[1198, 10]","[96, 1]",11:47:42,20260417,0.0,10823,"[12.7, 127.4, 128.1, 128.9, 128.6, 128.4, 127.6, 12.3, 794.0]",None,0.0,OK,None,7,00024533,"[1, 1, 1, 1, 1, 1, 1, 1, 1]"
1870125,8462284S00,"[1197, 10]","[95, 1]",11:47:33,20260417,0.0,10823,"[12.2, 127.3, 127.9, 128.1, 128.2, 128.2, 127.1, 12.7, 791.7]",None,0.0,OK,None,7,00024533,"[1, 1, 1, 1, 1, 1, 1, 1, 1]"
1870124,82832W080PKENGEN,"[520, 0]","[95, 0]",11:47:22,20260417,0.0,None,"[28.0, 36.9, 38.0, 51.9, 60.9, 77.3, 98.1, 97.5, 86.6, 83.9, 13.6]",None,0.0,OK,None,,Null,"[1, 1, 1, 1, 1, 1, 1, 1, 1, 1, 1]"
1870123,8462284S00,"[1196, 10]","[94, 1]",11:47:17,20260417,0.0,10823,"[11.9, 127.9, 127.9, 128.7, 128.6, 128.6, 128.1, 12.3, 793.9]",None,0.0,OK,None,7,00024533,"[1, 1, 1, 1, 1, 1, 1, 1, 1]"
1870122,658207UA0A,"[890, 0]","[100, 0]",11:47:08,20260417,0.0,10821,"[16.0, 74.7, 88.3, 117.5, 15.1, 311.5]","[1, 1, 1, 1]",0.0,OK,,,None,"[1, 1, 1, 1, 1, 1]"
1870120,808397UA0A,"[219, 7]","[147, 3]",11:47:07,20260417,0.0,10819,"[16.2, 123.0, 121.6, 80.6, 80.8, 122.0, 122.8, 16.2, 37.7, 40.1]",None,0.0,OK,,,None,"[1, 1, 1, 1, 1, 1, 1, 1, 1, 1]"
1870119,808397UA0A,"[219, 7]","[147, 3]",11:47:07,20260417,0.0,10819,"[15.4, 123.4, 122.2, 80.6, 80.8, 123.0, 123.4, 15.8, 37.0, 40.5]",None,0.0,OK,,,None,"[1, 1, 1, 1, 1, 1, 1, 1, 1, 1]"
1870118,808397UA0A,"[219, 7]","[147, 3]",11:47:06,20260417,0.0,10819,"[15.2, 123.8, 121.8, 80.8, 80.8, 122.6, 123.4, 17.4, 36.9, 40.5]",None,0.0,OK,,,None,"[1, 1, 1, 1, 1, 1, 1, 1, 1, 1]"
1870117,808397UA0A,"[219, 7]","[147, 3]",11:47:06,20260417,0.0,10819,"[15.4, 122.8, 122.6, 80.0, 81.6, 122.6, 123.6, 16.0, 36.7, 41.3]",None,0.0,OK,,,None,"[1, 1, 1, 1, 1, 1, 1, 1, 1, 1]"
1870116,808397UA0A,"[219, 7]","[147, 3]",11:47:06,20260417,0.0,10819,"[15.2, 123.0, 123.0, 79.4, 81.2, 122.2, 123.6, 15.6, 36.3, 41.3]",None,0.0,OK,,,None,"[1, 1, 1, 1, 1, 1, 1, 1, 1, 1]"
1870121,8462284S00,"[1195, 10]","[93, 1]",11:47:05,20260417,0.0,10823,"[12.3, 127.6, 127.9, 128.2, 128.9, 128.4, 127.4, 13.0, 793.7]",None,0.0,OK,None,7,00024533,"[1, 1, 1, 1, 1, 1, 1, 1, 1]"
1870115,658207UA0A,"[889, 0]","[99, 0]",11:47:03,20260417,0.0,10821,"[15.9, 74.7, 88.1, 117.5, 15.0, 311.1]","[1, 1, 1, 1]",0.0,OK,,,None,"[1, 1, 1, 1, 1, 1]"
1870114,658207UA0A,"[888, 0]","[98, 0]",11:46:58,20260417,0.0,10821,"[15.6, 75.1, 87.8, 117.1, 15.7, 311.4]","[1, 1, 1, 1]",0.0,OK,,,None,"[1, 1, 1, 1, 1, 1]"
1870113,8462284S00,"[1194, 10]","[92, 1]",11:46:53,20260417,0.0,10823,"[11.8, 127.3, 127.9, 128.1, 128.6, 129.2, 127.9, 12.2, 792.9]",None,0.0,OK,None,7,00024533,"[1, 1, 1, 1, 1, 1, 1, 1, 1]"
1870112,658207UA0A,"[887, 0]","[97, 0]",11:46:52,20260417,0.0,10821,"[15.5, 74.7, 88.3, 117.3, 14.5, 310.2]","[1, 1, 1, 1]",0.0,OK,,,None,"[1, 1, 1, 1, 1, 1]"
1870111,82832W080PKENGEN,"[519, 0]","[94, 0]",11:46:49,20260417,0.0,None,"[28.0, 36.9, 38.7, 51.6, 61.0, 77.7, 98.3, 97.8, 86.9, 84.4, 13.6]",None,0.0,OK,None,,Null,"[1, 1, 1, 1, 1, 1, 1, 1, 1, 1, 1]"
1870110,8462284S00,"[1193, 10]","[91, 1]",11:46:42,20260417,0.0,10823,"[12.8, 127.4, 127.8, 128.2, 128.2, 128.4, 127.6, 12.2, 792.6]",None,0.0,OK,None,7,00024533,"[1, 1, 1, 1, 1, 1, 1, 1, 1]"
1870109,658207UA0A,"[886, 0]","[96, 0]",11:46:39,20260417,0.0,10821,"[15.9, 75.1, 88.1, 117.4, 14.8, 311.4]","[1, 1, 1, 1]",0.0,OK,,,None,"[1, 1, 1, 1, 1, 1]"
1870108,658207UA0A,"[885, 0]","[95, 0]",11:46:33,20260417,0.0,10821,"[15.7, 74.8, 88.1, 117.3, 15.0, 311.0]","[1, 1, 1, 1]",0.0,OK,,,None,"[1, 1, 1, 1, 1, 1]"
1870107,658207UA0A,"[884, 0]","[94, 0]",11:46:27,20260417,0.0,10821,"[15.9, 74.5, 88.0, 117.6, 14.8, 310.8]","[1, 1, 1, 1]",0.0,OK,,,None,"[1, 1, 1, 1, 1, 1]"
1870106,82832W080PKENGEN,"[518, 0]","[93, 0]",11:46:24,20260417,0.0,None,"[28.0, 36.6, 38.5, 51.8, 60.9, 78.0, 97.8, 97.6, 86.6, 85.2, 13.6]",None,0.0,OK,None,,Null,"[1, 1, 1, 1, 1, 1, 1, 1, 1, 1, 1]"
1870105,658207UA0A,"[883, 0]","[93, 0]",11:46:22,20260417,0.0,10821,"[15.9, 74.5, 87.8, 117.5, 15.5, 311.1]","[1, 1, 1, 1]",0.0,OK,,,None,"[1, 1, 1, 1, 1, 1]"
1870104,658207UA0A,"[882, 0]","[92, 0]",11:46:17,20260417,0.0,10821,"[16.1, 74.7, 88.1, 117.5, 15.4, 311.8]","[1, 1, 1, 1]",0.0,OK,,,None,"[1, 1, 1, 1, 1, 1]"
1870103,658207UA0A,"[881, 0]","[91, 0]",11:46:11,20260417,0.0,10821,"[16.1, 74.7, 88.1, 117.3, 15.1, 311.2]","[1, 1, 1, 1]",0.0,OK,,,None,"[1, 1, 1, 1, 1, 1]"
1870102,8462284S00,"[1192, 10]","[90, 1]",11:46:07,20260417,0.0,10823,"[11.9, 128.6, 128.2, 128.4, 129.5, 128.6, 127.9, 12.3, 795.3]",None,0.0,OK,None,7,00024533,"[1, 1, 1, 1, 1, 1, 1, 1, 1]"
1870101,658207UA0A,"[880, 0]","[90, 0]",11:46:06,20260417,0.0,10821,"[15.7, 75.0, 87.8, 117.3, 15.0, 310.8]","[1, 1, 1, 1]",0.0,OK,,,None,"[1, 1, 1, 1, 1, 1]"
1870100,658207UA0A,"[879, 0]","[89, 0]",11:46:00,20260417,0.0,10821,"[16.0, 75.0, 87.8, 117.6, 14.9, 311.4]","[1, 1, 1, 1]",0.0,OK,,,None,"[1, 1, 1, 1, 1, 1]"
1870099,8462284S00,"[1191, 10]","[89, 1]",11:45:57,20260417,0.0,10823,"[11.8, 128.1, 128.2, 128.7, 127.6, 128.1, 127.1, 12.9, 792.6]",None,0.0,OK,None,7,00024533,"[1, 1, 1, 1, 1, 1, 1, 1, 1]"
1870098,82832W080PKENGEN,"[517, 0]","[92, 0]",11:45:55,20260417,0.0,None,"[28.0, 36.8, 38.4, 51.5, 60.9, 77.5, 98.1, 97.6, 86.5, 84.7, 13.6]",None,0.0,OK,None,,Null,"[1, 1, 1, 1, 1, 1, 1, 1, 1, 1, 1]"
1870097,658207UA0A,"[878, 0]","[88, 0]",11:45:55,20260417,0.0,10821,"[15.6, 74.7, 88.1, 117.9, 14.9, 311.2]","[1, 1, 1, 1]",0.0,OK,,,None,"[1, 1, 1, 1, 1, 1]"
1870096,658207UA0A,"[877, 0]","[87, 0]",11:45:50,20260417,0.0,10821,"[16.2, 74.3, 88.1, 117.8, 14.7, 311.1]","[1, 1, 1, 1]",0.0,OK,,,None,"[1, 1, 1, 1, 1, 1]"
1870095,658207UA0A,"[876, 0]","[86, 0]",11:45:45,20260417,0.0,10821,"[16.0, 74.8, 88.1, 117.6, 14.5, 311.0]","[1, 1, 1, 1]",0.0,OK,,,None,"[1, 1, 1, 1, 1, 1]"
1870094,658207UA0A,"[875, 0]","[85, 0]",11:45:40,20260417,0.0,10821,"[15.7, 75.0, 88.0, 117.4, 15.1, 311.1]","[1, 1, 1, 1]",0.0,OK,,,None,"[1, 1, 1, 1, 1, 1]"
1870093,658207UA0A,"[874, 0]","[84, 0]",11:45:35,20260417,0.0,10821,"[15.0, 75.1, 87.8, 117.6, 15.4, 311.0]","[1, 1, 1, 1]",0.0,OK,,,None,"[1, 1, 1, 1, 1, 1]"
1870092,658207UA0A,"[873, 0]","[83, 0]",11:45:30,20260417,0.0,10821,"[15.8, 75.1, 88.0, 117.6, 15.0, 311.5]","[1, 1, 1, 1]",0.0,OK,,,None,"[1, 1, 1, 1, 1, 1]"
1870091,8462284S00,"[1190, 10]","[88, 1]",11:45:29,20260417,0.0,10823,"[12.3, 127.6, 128.3, 127.8, 128.6, 127.9, 128.4, 12.1, 792.9]",None,0.0,OK,None,7,00024533,"[1, 1, 1, 1, 1, 1, 1, 1, 1]"
1870090,658207UA0A,"[872, 0]","[82, 0]",11:45:25,20260417,0.0,10821,"[16.0, 74.7, 87.8, 118.2, 14.3, 311.0]","[1, 1, 1, 1]",0.0,OK,,,None,"[1, 1, 1, 1, 1, 1]"
1870089,82832W080PKENGEN,"[516, 0]","[91, 0]",11:45:24,20260417,0.0,None,"[28.1, 37.1, 38.4, 51.5, 61.2, 78.1, 98.3, 97.8, 86.8, 84.4, 13.6]",None,0.0,OK,None,,Null,"[1, 1, 1, 1, 1, 1, 1, 1, 1, 1, 1]"
1870088,8462284S00,"[1189, 10]","[87, 1]",11:45:21,20260417,0.0,10823,"[12.4, 127.8, 128.2, 128.2, 129.2, 128.9, 127.6, 12.4, 794.8]",None,0.0,OK,None,7,00024533,"[1, 1, 1, 1, 1, 1, 1, 1, 1]"
1870087,658207UA0A,"[871, 0]","[81, 0]",11:45:14,20260417,0.0,10821,"[16.1, 75.0, 88.0, 117.6, 14.4, 311.0]","[1, 1, 1, 1]",0.0,OK,,,None,"[1, 1, 1, 1, 1, 1]"
1870086,8462284S00,"[1188, 10]","[86, 1]",11:45:11,20260417,0.0,10823,"[11.6, 128.1, 128.4, 128.6, 128.7, 128.4, 127.4, 12.9, 794.1]",None,0.0,OK,None,7,00024533,"[1, 1, 1, 1, 1, 1, 1, 1, 1]"
1870085,8462284S00,"[1187, 10]","[85, 1]",11:45:00,20260417,0.0,10823,"[12.9, 127.4, 127.6, 128.2, 128.6, 128.6, 127.3, 12.5, 793.1]",None,0.0,OK,None,7,00024533,"[1, 1, 1, 1, 1, 1, 1, 1, 1]"
1870084,82832W080PKENGEN,"[515, 0]","[90, 0]",11:44:55,20260417,0.0,None,"[28.0, 36.8, 38.4, 51.8, 61.2, 78.1, 98.0, 98.1, 86.6, 84.2, 13.6]",None,0.0,OK,None,,Null,"[1, 1, 1, 1, 1, 1, 1, 1, 1, 1, 1]"
1870083,8462284S00,"[1186, 10]","[84, 1]",11:44:51,20260417,0.0,10823,"[13.0, 127.1, 128.1, 128.6, 128.4, 128.3, 127.1, 12.3, 792.9]",None,0.0,OK,None,7,00024533,"[1, 1, 1, 1, 1, 1, 1, 1, 1]"
1870082,8462284S00,"[1185, 10]","[83, 1]",11:44:41,20260417,0.0,10823,"[12.3, 127.6, 128.1, 128.1, 128.6, 128.4, 127.8, 12.2, 793.1]",None,0.0,OK,None,7,00024533,"[1, 1, 1, 1, 1, 1, 1, 1, 1]"
1870081,808387UA0A,"[216, 7]","[130, 0]",11:44:40,20260417,0.0,10819,"[15.2, 121.8, 121.2, 80.0, 79.4, 123.2, 123.4, 15.8, 37.3, 40.7]",None,0.0,OK,,,None,"[1, 1, 1, 1, 1, 1, 1, 1, 1, 1]"
1870080,808387UA0A,"[216, 7]","[130, 0]",11:44:40,20260417,0.0,10819,"[15.4, 121.8, 121.2, 80.4, 80.0, 122.8, 123.6, 14.2, 36.7, 40.5]",None,0.0,OK,,,None,"[1, 1, 1, 1, 1, 1, 1, 1, 1, 1]"
1870079,808387UA0A,"[216, 7]","[130, 0]",11:44:40,20260417,0.0,10819,"[15.2, 122.2, 121.0, 80.2, 80.6, 122.0, 123.4, 14.8, 37.3, 40.9]",None,0.0,OK,,,None,"[1, 1, 1, 1, 1, 1, 1, 1, 1, 1]"
1870078,808387UA0A,"[216, 7]","[130, 0]",11:44:39,20260417,0.0,10819,"[14.6, 122.4, 121.8, 80.2, 80.2, 122.6, 123.0, 15.2, 36.9, 40.9]",None,0.0,OK,,,None,"[1, 1, 1, 1, 1, 1, 1, 1, 1, 1]"
1870077,808387UA0A,"[216, 7]","[130, 0]",11:44:39,20260417,0.0,10819,"[15.2, 122.2, 121.2, 80.8, 80.2, 122.6, 123.0, 15.2, 37.2, 41.1]",None,0.0,OK,,,None,"[1, 1, 1, 1, 1, 1, 1, 1, 1, 1]"
1870076,8462284S00,"[1184, 10]","[82, 1]",11:44:32,20260417,0.0,10823,"[12.1, 127.9, 128.1, 128.9, 128.2, 128.7, 128.1, 12.6, 794.6]",None,0.0,OK,None,7,00024533,"[1, 1, 1, 1, 1, 1, 1, 1, 1]"
1870075,8462284S00,"[1183, 10]","[81, 1]",11:44:14,20260417,0.0,10823,"[12.3, 127.3, 127.6, 128.1, 128.2, 128.4, 127.3, 12.8, 791.9]",None,0.0,OK,None,7,00024533,"[1, 1, 1, 1, 1, 1, 1, 1, 1]"
1870074,8462284S00,"[1182, 10]","[80, 1]",11:43:32,20260417,0.0,10823,"[12.3, 127.9, 128.1, 128.4, 128.6, 128.7, 127.6, 12.5, 794.1]",None,0.0,OK,None,7,00024533,"[1, 1, 1, 1, 1, 1, 1, 1, 1]"
1870073,8462284S00,"[1181, 10]","[79, 1]",11:43:23,20260417,0.0,10823,"[12.2, 127.8, 128.3, 128.2, 128.9, 128.2, 127.6, 12.5, 793.7]",None,0.0,OK,None,7,00024533,"[1, 1, 1, 1, 1, 1, 1, 1, 1]"
1870072,8462284S00,"[1180, 10]","[78, 1]",11:43:15,20260417,0.0,10823,"[12.5, 127.4, 127.9, 128.4, 128.9, 128.2, 127.8, 12.3, 793.4]",None,0.0,OK,None,7,00024533,"[1, 1, 1, 1, 1, 1, 1, 1, 1]"
1870071,8462284S00,"[1179, 10]","[77, 1]",11:43:05,20260417,0.0,10823,"[12.5, 127.3, 128.1, 128.4, 128.3, 128.3, 128.1, 12.8, 793.6]",None,0.0,OK,None,7,00024533,"[1, 1, 1, 1, 1, 1, 1, 1, 1]"
1870070,8462284S00,"[1178, 10]","[76, 1]",11:42:55,20260417,0.0,10823,"[12.2, 127.8, 127.8, 128.2, 128.6, 128.6, 128.1, 12.8, 794.0]",None,0.0,OK,None,7,00024533,"[1, 1, 1, 1, 1, 1, 1, 1, 1]"
1870069,8462284S00,"[1177, 10]","[75, 1]",11:42:45,20260417,0.0,10823,"[12.3, 128.1, 128.1, 128.7, 128.9, 128.9, 127.8, 12.9, 795.6]",None,0.0,OK,None,7,00024533,"[1, 1, 1, 1, 1, 1, 1, 1, 1]"
1870068,8462284S00,"[1176, 10]","[74, 1]",11:42:35,20260417,0.0,10823,"[12.7, 127.8, 128.2, 128.6, 128.4, 129.0, 127.6, 12.7, 794.9]",None,0.0,OK,None,7,00024533,"[1, 1, 1, 1, 1, 1, 1, 1, 1]"
1870067,8462284S00,"[1175, 10]","[73, 1]",11:42:27,20260417,0.0,10823,"[12.6, 127.9, 128.7, 128.9, 129.0, 129.2, 127.9, 12.9, 797.1]",None,0.0,OK,None,7,00024533,"[1, 1, 1, 1, 1, 1, 1, 1, 1]"
1870066,8462284S00,"[1174, 10]","[72, 1]",11:42:04,20260417,0.0,10823,"[12.2, 127.9, 129.0, 128.7, 128.6, 128.2, 127.9, 11.9, 794.4]",None,0.0,OK,None,7,00024533,"[1, 1, 1, 1, 1, 1, 1, 1, 1]"
1870061,808397UA0A,"[214, 7]","[142, 3]",11:42:04,20260417,0.0,10819,"[15.2, 123.4, 122.4, 80.4, 81.0, 122.0, 123.6, 16.0, 36.4, 41.1]",None,0.0,OK,,,None,"[1, 1, 1, 1, 1, 1, 1, 1, 1, 1]"
1870062,808397UA0A,"[214, 7]","[142, 3]",11:42:04,20260417,0.0,10819,"[14.8, 124.2, 122.2, 79.6, 81.2, 122.0, 123.0, 16.2, 36.6, 41.3]",None,0.0,OK,,,None,"[1, 1, 1, 1, 1, 1, 1, 1, 1, 1]"
1870063,808397UA0A,"[214, 7]","[142, 3]",11:42:04,20260417,0.0,10819,"[15.2, 123.6, 121.8, 81.2, 80.8, 122.6, 123.6, 16.6, 36.1, 40.9]",None,0.0,OK,,,None,"[1, 1, 1, 1, 1, 1, 1, 1, 1, 1]"
1870064,808397UA0A,"[214, 7]","[142, 3]",11:42:04,20260417,0.0,10819,"[15.6, 123.4, 122.2, 80.4, 80.8, 122.2, 123.6, 15.6, 37.5, 40.5]",None,0.0,OK,,,None,"[1, 1, 1, 1, 1, 1, 1, 1, 1, 1]"
1870065,808397UA0A,"[214, 7]","[142, 3]",11:42:04,20260417,0.0,10819,"[15.4, 123.8, 121.6, 80.4, 80.6, 122.4, 123.2, 16.0, 37.1, 40.3]",None,0.0,OK,,,None,"[1, 1, 1, 1, 1, 1, 1, 1, 1, 1]"
1870060,8462284S00,"[1173, 10]","[71, 1]",11:41:53,20260417,0.0,10823,"[12.4, 127.4, 128.7, 128.6, 128.7, 128.6, 127.6, 12.5, 794.5]",None,0.0,OK,None,7,00024533,"[1, 1, 1, 1, 1, 1, 1, 1, 1]"
1870059,8462284S00,"[1172, 10]","[70, 1]",11:41:19,20260417,0.0,10823,"[12.6, 127.6, 128.1, 127.8, 129.0, 128.6, 127.6, 12.4, 793.6]",None,0.0,OK,None,7,00024533,"[1, 1, 1, 1, 1, 1, 1, 1, 1]"
1870058,8462284S00,"[1171, 10]","[69, 1]",11:41:08,20260417,0.0,10823,"[12.4, 127.4, 128.1, 128.6, 128.9, 128.2, 128.2, 12.5, 794.3]",None,0.0,OK,None,7,00024533,"[1, 1, 1, 1, 1, 1, 1, 1, 1]"
1870057,8462284S00,"[1170, 10]","[68, 1]",11:40:58,20260417,0.0,10823,"[12.2, 127.8, 127.8, 128.6, 128.4, 128.7, 127.9, 13.0, 794.4]",None,0.0,OK,None,7,00024533,"[1, 1, 1, 1, 1, 1, 1, 1, 1]"
1870056,8462284S00,"[1169, 10]","[67, 1]",11:40:48,20260417,0.0,10823,"[12.1, 127.4, 128.2, 128.9, 128.4, 128.6, 128.1, 13.0, 794.7]",None,0.0,OK,None,7,00024533,"[1, 1, 1, 1, 1, 1, 1, 1, 1]"
1870055,8462284S00,"[1168, 10]","[66, 1]",11:40:37,20260417,0.0,10823,"[12.2, 127.6, 128.2, 129.1, 128.1, 128.9, 127.9, 12.6, 794.6]",None,0.0,OK,None,7,00024533,"[1, 1, 1, 1, 1, 1, 1, 1, 1]"
1870054,8462284S00,"[1167, 10]","[65, 1]",11:40:28,20260417,0.0,10823,"[12.2, 128.2, 127.9, 128.7, 128.6, 128.4, 127.6, 12.5, 794.1]",None,0.0,OK,None,7,00024533,"[1, 1, 1, 1, 1, 1, 1, 1, 1]"
1870053,8462284S00,"[1166, 10]","[64, 1]",11:40:14,20260417,0.0,10823,"[12.3, 127.9, 128.6, 128.4, 128.7, 128.4, 127.3, 13.0, 794.5]",None,0.0,OK,None,7,00024533,"[1, 1, 1, 1, 1, 1, 1, 1, 1]"
1870052,658207UA0A,"[870, 0]","[80, 0]",11:40:14,20260417,0.0,10821,"[16.0, 74.2, 88.4, 117.1, 14.6, 310.4]","[1, 1, 1, 1]",0.0,OK,,,None,"[1, 1, 1, 1, 1, 1]"
1870051,658207UA0A,"[869, 0]","[79, 0]",11:40:09,20260417,0.0,10821,"[15.5, 74.7, 88.4, 117.3, 15.1, 311.1]","[1, 1, 1, 1]",0.0,OK,,,None,"[1, 1, 1, 1, 1, 1]"
1870050,658207UA0A,"[868, 0]","[78, 0]",11:40:04,20260417,0.0,10821,"[15.8, 74.7, 88.1, 117.4, 15.0, 311.1]","[1, 1, 1, 1]",0.0,OK,,,None,"[1, 1, 1, 1, 1, 1]"
1870049,8462284S00,"[1165, 10]","[63, 1]",11:40:02,20260417,0.0,10823,"[12.1, 128.1, 128.2, 128.2, 129.0, 128.7, 127.6, 12.8, 794.8]",None,0.0,OK,None,7,00024533,"[1, 1, 1, 1, 1, 1, 1, 1, 1]"
1870048,658207UA0A,"[867, 0]","[77, 0]",11:39:58,20260417,0.0,10821,"[15.8, 74.7, 88.1, 117.3, 15.2, 311.1]","[1, 1, 1, 1]",0.0,OK,,,None,"[1, 1, 1, 1, 1, 1]"
1870046,808387UA0A,"[211, 7]","[125, 0]",11:39:57,20260417,0.0,10819,"[15.4, 122.2, 121.0, 80.2, 79.6, 122.8, 123.2, 15.8, 37.0, 41.3]",None,0.0,OK,,,None,"[1, 1, 1, 1, 1, 1, 1, 1, 1, 1]"
1870045,808387UA0A,"[211, 7]","[125, 0]",11:39:57,20260417,0.0,10819,"[15.4, 122.0, 120.8, 80.4, 80.6, 122.4, 122.8, 15.0, 36.7, 40.7]",None,0.0,OK,,,None,"[1, 1, 1, 1, 1, 1, 1, 1, 1, 1]"
1870044,808387UA0A,"[211, 7]","[125, 0]",11:39:57,20260417,0.0,10819,"[15.0, 122.4, 120.6, 80.4, 81.0, 121.8, 123.0, 15.0, 37.8, 40.9]",None,0.0,OK,,,None,"[1, 1, 1, 1, 1, 1, 1, 1, 1, 1]"
1870043,808387UA0A,"[211, 7]","[125, 0]",11:39:57,20260417,0.0,10819,"[15.0, 122.2, 121.4, 80.6, 80.0, 123.0, 123.4, 15.2, 37.9, 39.9]",None,0.0,OK,,,None,"[1, 1, 1, 1, 1, 1, 1, 1, 1, 1]"
1870042,808387UA0A,"[211, 7]","[125, 0]",11:39:57,20260417,0.0,10819,"[14.8, 122.4, 121.0, 80.4, 79.8, 123.6, 122.8, 16.4, 37.2, 40.7]",None,0.0,OK,,,None,"[1, 1, 1, 1, 1, 1, 1, 1, 1, 1]"
1870047,82832W080PKENGEN,"[514, 0]","[89, 0]",11:39:56,20260417,0.0,None,"[28.1, 36.9, 38.0, 51.5, 61.2, 78.0, 98.3, 97.6, 86.6, 85.0, 13.6]",None,0.0,OK,None,,Null,"[1, 1, 1, 1, 1, 1, 1, 1, 1, 1, 1]"
1870041,658207UA0A,"[866, 0]","[76, 0]",11:39:53,20260417,0.0,10821,"[15.8, 75.1, 87.3, 117.9, 15.2, 311.4]","[1, 1, 1, 1]",0.0,OK,,,None,"[1, 1, 1, 1, 1, 1]"
1870040,8462284S00,"[1164, 10]","[62, 1]",11:39:49,20260417,0.0,10823,"[12.2, 128.1, 128.1, 127.9, 128.7, 128.6, 127.9, 12.4, 793.9]",None,0.0,OK,None,7,00024533,"[1, 1, 1, 1, 1, 1, 1, 1, 1]"
1870039,658207UA0A,"[865, 0]","[75, 0]",11:39:48,20260417,0.0,10821,"[15.5, 75.0, 88.4, 117.3, 15.0, 311.2]","[1, 1, 1, 1]",0.0,OK,,,None,"[1, 1, 1, 1, 1, 1]"
1870038,658207UA0A,"[864, 0]","[74, 0]",11:39:42,20260417,0.0,10821,"[15.8, 75.0, 88.0, 117.5, 15.2, 311.4]","[1, 1, 1, 1]",0.0,OK,,,None,"[1, 1, 1, 1, 1, 1]"
1870037,8462284S00,"[1163, 10]","[61, 1]",11:39:37,20260417,0.0,10823,"[12.8, 128.1, 128.2, 128.1, 128.4, 128.4, 127.8, 12.6, 794.4]",None,0.0,OK,None,7,00024533,"[1, 1, 1, 1, 1, 1, 1, 1, 1]"
1870036,658207UA0A,"[863, 0]","[73, 0]",11:39:37,20260417,0.0,10821,"[15.6, 74.8, 88.0, 117.3, 14.9, 310.7]","[1, 1, 1, 1]",0.0,OK,,,None,"[1, 1, 1, 1, 1, 1]"
1870035,82832W080PKENGEN,"[513, 0]","[88, 0]",11:39:36,20260417,0.0,None,"[27.8, 36.6, 38.4, 51.8, 61.0, 78.1, 98.3, 98.0, 86.5, 84.2, 13.6]",None,0.0,OK,None,,Null,"[1, 1, 1, 1, 1, 1, 1, 1, 1, 1, 1]"
1870034,658207UA0A,"[862, 0]","[72, 0]",11:39:33,20260417,0.0,10821,"[15.5, 74.8, 87.8, 117.1, 15.2, 310.5]","[1, 1, 1, 1]",0.0,OK,,,None,"[1, 1, 1, 1, 1, 1]"
1870033,658207UA0A,"[861, 0]","[71, 0]",11:39:27,20260417,0.0,10821,"[16.1, 74.7, 88.1, 117.6, 15.2, 311.7]","[1, 1, 1, 1]",0.0,OK,,,None,"[1, 1, 1, 1, 1, 1]"
1870032,658207UA0A,"[860, 0]","[70, 0]",11:39:21,20260417,0.0,10821,"[16.1, 75.0, 88.0, 117.1, 14.8, 310.9]","[1, 1, 1, 1]",0.0,OK,,,None,"[1, 1, 1, 1, 1, 1]"
1870031,82832W080PKENGEN,"[512, 0]","[87, 0]",11:39:15,20260417,0.0,None,"[27.8, 36.8, 38.2, 51.9, 61.0, 77.8, 98.1, 97.6, 86.3, 84.5, 13.8]",None,0.0,OK,None,,Null,"[1, 1, 1, 1, 1, 1, 1, 1, 1, 1, 1]"
1870030,658207UA0A,"[859, 0]","[69, 0]",11:39:15,20260417,0.0,10821,"[16.1, 75.0, 88.1, 117.5, 14.9, 311.6]","[1, 1, 1, 1]",0.0,OK,,,None,"[1, 1, 1, 1, 1, 1]"
1870029,658207UA0A,"[858, 0]","[68, 0]",11:39:10,20260417,0.0,10821,"[15.8, 74.7, 88.0, 117.6, 15.1, 311.1]","[1, 1, 1, 1]",0.0,OK,,,None,"[1, 1, 1, 1, 1, 1]"
1870028,8462284S00,"[1162, 10]","[60, 1]",11:39:05,20260417,0.0,10823,"[12.6, 127.8, 128.2, 128.2, 128.2, 129.0, 127.6, 11.9, 793.6]",None,0.0,OK,None,7,00024533,"[1, 1, 1, 1, 1, 1, 1, 1, 1]"
1870027,658207UA0A,"[857, 0]","[67, 0]",11:39:04,20260417,0.0,10821,"[16.1, 74.7, 87.8, 117.6, 14.9, 311.0]","[1, 1, 1, 1]",0.0,OK,,,None,"[1, 1, 1, 1, 1, 1]"
1870026,8462284S00,"[1161, 10]","[59, 1]",11:38:57,20260417,0.0,10823,"[12.4, 127.4, 128.4, 127.9, 128.4, 129.4, 127.4, 12.7, 794.1]",None,0.0,OK,None,7,00024533,"[1, 1, 1, 1, 1, 1, 1, 1, 1]"
1870025,658207UA0A,"[856, 0]","[66, 0]",11:38:57,20260417,0.0,10821,"[15.6, 74.8, 88.3, 117.3, 15.2, 311.2]","[1, 1, 1, 1]",0.0,OK,,,None,"[1, 1, 1, 1, 1, 1]"
1870024,82832W080PKENGEN,"[511, 0]","[86, 0]",11:38:51,20260417,0.0,None,"[27.8, 36.9, 38.5, 51.6, 61.0, 78.0, 98.3, 98.0, 86.8, 84.7, 13.5]",None,0.0,OK,None,,Null,"[1, 1, 1, 1, 1, 1, 1, 1, 1, 1, 1]"
1870023,658207UA0A,"[855, 0]","[65, 0]",11:38:50,20260417,0.0,10821,"[15.9, 74.8, 88.3, 117.5, 15.4, 311.9]","[1, 1, 1, 1]",0.0,OK,,,None,"[1, 1, 1, 1, 1, 1]"
1870021,658207UA0A,"[854, 0]","[64, 0]",11:38:46,20260417,0.0,10821,"[16.0, 74.8, 88.0, 117.6, 15.0, 311.4]","[1, 1, 1, 1]",0.0,OK,,,None,"[1, 1, 1, 1, 1, 1]"
1870022,8462284S00,"[1160, 10]","[58, 1]",11:38:45,20260417,0.0,10823,"[12.4, 128.1, 128.4, 127.9, 128.6, 128.7, 127.9, 12.8, 794.8]",None,0.0,OK,None,7,00024533,"[1, 1, 1, 1, 1, 1, 1, 1, 1]"
1870020,8462284S00,"[1159, 10]","[57, 1]",11:38:35,20260417,0.0,10823,"[12.4, 127.9, 128.1, 128.1, 128.9, 128.9, 127.6, 12.5, 794.3]",None,0.0,OK,None,7,00024533,"[1, 1, 1, 1, 1, 1, 1, 1, 1]"
1870016,808397UA0A,"[209, 7]","[137, 3]",11:38:33,20260417,0.0,10819,None,None,0.0,NOPART,None,,None,None
1870017,808397UA0A,"[209, 7]","[137, 3]",11:38:33,20260417,0.0,10819,None,None,0.0,NOPART,None,,None,None
1870018,808397UA0A,"[209, 7]","[137, 3]",11:38:33,20260417,0.0,10819,"[15.8, 123.4, 121.4, 81.2, 81.2, 122.4, 123.2, 16.2, 37.1, 40.5]",None,0.0,OK,,,None,"[1, 1, 1, 1, 1, 1, 1, 1, 1, 1]"
1870019,658207UA0A,"[853, 0]","[63, 0]",11:38:32,20260417,0.0,10821,"[16.0, 74.5, 88.3, 117.9, 14.8, 311.5]","[1, 1, 1, 1]",0.0,OK,,,None,"[1, 1, 1, 1, 1, 1]"
1870015,808397UA0A,"[209, 7]","[137, 3]",11:38:32,20260417,0.0,10819,None,None,0.0,NOPART,None,,None,None
1870014,808397UA0A,"[209, 7]","[137, 3]",11:38:32,20260417,0.0,10819,None,None,0.0,NOPART,None,,None,None
1870013,808397UA0A,"[208, 7]","[136, 3]",11:38:30,20260417,0.0,10819,MANUAL,MANUAL,0.0,MANUAL,MANUAL,,MANUAL,MANUAL
1870012,82832W080PKENGEN,"[510, 0]","[85, 0]",11:38:28,20260417,0.0,None,"[27.6, 36.8, 38.7, 51.6, 61.4, 77.8, 98.1, 98.6, 86.9, 84.4, 13.6]",None,0.0,OK,None,,Null,"[1, 1, 1, 1, 1, 1, 1, 1, 1, 1, 1]"
1870011,658207UA0A,"[852, 0]","[62, 0]",11:38:26,20260417,0.0,10821,"[16.2, 75.0, 88.0, 117.6, 15.4, 312.1]","[1, 1, 1, 1]",0.0,OK,,,None,"[1, 1, 1, 1, 1, 1]"
1870010,8462284S00,"[1158, 10]","[56, 1]",11:38:24,20260417,0.0,10823,"[12.1, 127.9, 128.2, 128.2, 128.6, 128.7, 127.8, 12.3, 793.8]",None,0.0,OK,None,7,00024533,"[1, 1, 1, 1, 1, 1, 1, 1, 1]"
1870009,658207UA0A,"[851, 0]","[61, 0]",11:38:22,20260417,0.0,10821,"[16.2, 74.7, 88.1, 117.6, 15.4, 312.0]","[1, 1, 1, 1]",0.0,OK,,,None,"[1, 1, 1, 1, 1, 1]"
1870008,8462284S00,"[1157, 10]","[55, 1]",11:38:15,20260417,0.0,10823,"[12.4, 128.1, 128.2, 128.3, 128.2, 128.4, 127.9, 12.7, 794.2]",None,0.0,OK,None,7,00024533,"[1, 1, 1, 1, 1, 1, 1, 1, 1]"
1870007,8462284S00,"[1156, 10]","[54, 1]",11:38:05,20260417,0.0,10823,"[13.1, 127.8, 128.2, 127.6, 128.4, 128.9, 127.4, 12.9, 794.3]",None,0.0,OK,None,7,00024533,"[1, 1, 1, 1, 1, 1, 1, 1, 1]"
1870006,82832W080PKENGEN,"[509, 0]","[84, 0]",11:37:56,20260417,0.0,None,"[27.8, 36.9, 38.4, 51.5, 61.0, 77.7, 98.0, 98.0, 86.5, 84.5, 13.6]",None,0.0,OK,None,,Null,"[1, 1, 1, 1, 1, 1, 1, 1, 1, 1, 1]"
1870005,8462284S00,"[1155, 10]","[53, 1]",11:37:54,20260417,0.0,10823,"[11.8, 128.1, 128.2, 128.6, 128.7, 128.7, 127.4, 12.3, 793.7]",None,0.0,OK,None,7,00024533,"[1, 1, 1, 1, 1, 1, 1, 1, 1]"
1870004,8462284S00,"[1154, 10]","[52, 1]",11:37:46,20260417,0.0,10823,"[12.1, 128.1, 128.2, 128.9, 129.0, 128.7, 127.8, 12.4, 795.1]",None,0.0,OK,None,7,00024533,"[1, 1, 1, 1, 1, 1, 1, 1, 1]"
1870003,82832W080PKENGEN,"[508, 0]","[83, 0]",11:37:35,20260417,0.0,None,"[28.1, 36.9, 38.2, 51.6, 61.0, 78.0, 98.3, 97.8, 86.8, 84.5, 13.6]",None,0.0,OK,None,,Null,"[1, 1, 1, 1, 1, 1, 1, 1, 1, 1, 1]"
1870002,8462284S00,"[1153, 10]","[51, 1]",11:37:34,20260417,0.0,10823,"[11.9, 127.9, 128.1, 128.7, 128.2, 128.9, 127.8, 12.4, 793.8]",None,0.0,OK,None,7,00024533,"[1, 1, 1, 1, 1, 1, 1, 1, 1]"
1869999,808397UA0A,"[208, 8]","[136, 4]",11:37:29,20260417,0.0,10819,"[15.8, 123.6, 121.0, 80.8, 80.9, 122.4, 123.6, 15.0, 35.8, 40.7]",None,0.0,OK,,,None,"[1, 1, 1, 1, 1, 1, 1, 1, 1, 1]"
1869997,808397UA0A,"[208, 8]","[136, 4]",11:37:29,20260417,0.0,10819,"[16.0, 122.2, 122.0, 81.0, 80.2, 122.4, 123.4, 16.0, 37.2, 40.7]",None,0.0,OK,,,None,"[1, 1, 1, 1, 1, 1, 1, 1, 1, 1]"
1869998,808397UA0A,"[208, 8]","[136, 4]",11:37:29,20260417,0.0,10819,"[0, 0, 0, 0, 0, 0, 0, 0, 0, 0]",None,0.0,NG,CLIP MISMATCH,,None,"[0, 0, 0, 0, 0, 0, 0, 0, 0, 0]"
1870000,808397UA0A,"[208, 8]","[136, 4]",11:37:29,20260417,0.0,10819,"[16.0, 122.8, 121.6, 80.6, 81.2, 122.2, 123.2, 15.6, 36.5, 40.5]",None,0.0,OK,,,None,"[1, 1, 1, 1, 1, 1, 1, 1, 1, 1]"
1870001,808397UA0A,"[208, 8]","[136, 4]",11:37:29,20260417,0.0,10819,"[16.0, 123.2, 121.6, 80.6, 80.8, 122.4, 123.2, 15.8, 37.6, 40.1]",None,0.0,OK,,,None,"[1, 1, 1, 1, 1, 1, 1, 1, 1, 1]"
1869996,8462284S00,"[1152, 10]","[50, 1]",11:36:53,20260417,0.0,10823,"[12.4, 127.8, 128.2, 128.6, 128.7, 128.9, 127.4, 12.4, 794.3]",None,0.0,OK,None,7,00024533,"[1, 1, 1, 1, 1, 1, 1, 1, 1]"
1869995,8462284S00,"[1151, 10]","[49, 1]",11:36:44,20260417,0.0,10823,"[13.0, 128.1, 128.1, 128.7, 128.6, 128.6, 127.8, 12.4, 795.2]",None,0.0,OK,None,7,00024533,"[1, 1, 1, 1, 1, 1, 1, 1, 1]"
1869994,8462284S00,"[1150, 10]","[48, 1]",11:36:34,20260417,0.0,10823,"[12.3, 127.8, 128.4, 128.9, 128.7, 128.2, 128.4, 12.7, 795.4]",None,0.0,OK,None,7,00024533,"[1, 1, 1, 1, 1, 1, 1, 1, 1]"
1869993,82832W080PKENGEN,"[507, 0]","[82, 0]",11:36:30,20260417,0.0,None,"[28.0, 36.8, 38.4, 51.1, 61.2, 78.1, 98.1, 97.3, 86.9, 84.5, 13.7]",None,0.0,OK,None,,Null,"[1, 1, 1, 1, 1, 1, 1, 1, 1, 1, 1]"
1869992,8462284S00,"[1149, 10]","[47, 1]",11:36:26,20260417,0.0,10823,"[12.1, 127.9, 128.1, 128.2, 128.7, 128.4, 127.4, 12.9, 793.8]",None,0.0,OK,None,7,00024533,"[1, 1, 1, 1, 1, 1, 1, 1, 1]"
1869991,658207UA0A,"[850, 0]","[60, 0]",11:35:57,20260417,0.0,10821,"[15.7, 74.5, 88.3, 117.3, 15.1, 310.9]","[1, 1, 1, 1]",0.0,OK,,,None,"[1, 1, 1, 1, 1, 1]"
1869990,658207UA0A,"[849, 0]","[59, 0]",11:35:50,20260417,0.0,10821,"[16.1, 74.8, 88.4, 117.1, 14.9, 311.3]","[1, 1, 1, 1]",0.0,OK,,,None,"[1, 1, 1, 1, 1, 1]"
1869989,82832W080PKENGEN,"[506, 0]","[81, 0]",11:35:45,20260417,0.0,None,"[27.8, 36.8, 38.7, 51.6, 61.1, 77.7, 98.1, 97.8, 86.8, 84.4, 13.4]",None,0.0,OK,None,,Null,"[1, 1, 1, 1, 1, 1, 1, 1, 1, 1, 1]"
1869988,658207UA0A,"[848, 0]","[58, 0]",11:35:45,20260417,0.0,10821,"[16.0, 74.2, 88.3, 116.5, 15.3, 310.2]","[1, 1, 1, 1]",0.0,OK,,,None,"[1, 1, 1, 1, 1, 1]"
1869987,658207UA0A,"[847, 0]","[57, 0]",11:35:40,20260417,0.0,10821,"[15.7, 74.8, 88.1, 117.1, 15.7, 311.4]","[1, 1, 1, 1]",0.0,OK,,,None,"[1, 1, 1, 1, 1, 1]"
1869986,658207UA0A,"[846, 0]","[56, 0]",11:35:35,20260417,0.0,10821,"[15.8, 74.2, 88.3, 117.4, 15.0, 310.7]","[1, 1, 1, 1]",0.0,OK,,,None,"[1, 1, 1, 1, 1, 1]"
1869985,658207UA0A,"[845, 0]","[55, 0]",11:35:28,20260417,0.0,10821,"[15.3, 74.3, 88.3, 117.1, 15.3, 310.3]","[1, 1, 1, 1]",0.0,OK,,,None,"[1, 1, 1, 1, 1, 1]"
1869984,658207UA0A,"[844, 0]","[54, 0]",11:35:23,20260417,0.0,10821,"[15.9, 74.7, 88.1, 117.3, 15.0, 311.0]","[1, 1, 1, 1]",0.0,OK,,,None,"[1, 1, 1, 1, 1, 1]"
1869983,658207UA0A,"[843, 0]","[53, 0]",11:35:17,20260417,0.0,10821,"[16.0, 75.3, 87.5, 117.9, 15.1, 311.8]","[1, 1, 1, 1]",0.0,OK,,,None,"[1, 1, 1, 1, 1, 1]"
1869982,658207UA0A,"[842, 0]","[52, 0]",11:35:11,20260417,0.0,10821,"[16.0, 74.8, 88.1, 117.3, 15.2, 311.5]","[1, 1, 1, 1]",0.0,OK,,,None,"[1, 1, 1, 1, 1, 1]"
1869981,658207UA0A,"[841, 0]","[51, 0]",11:35:07,20260417,0.0,10821,"[15.7, 75.0, 88.0, 117.0, 15.6, 311.2]","[1, 1, 1, 1]",0.0,OK,,,None,"[1, 1, 1, 1, 1, 1]"
1869980,658207UA0A,"[840, 0]","[50, 0]",11:35:02,20260417,0.0,10821,"[16.0, 75.0, 88.0, 117.1, 15.3, 311.3]","[1, 1, 1, 1]",0.0,OK,,,None,"[1, 1, 1, 1, 1, 1]"
1869979,658207UA0A,"[839, 0]","[49, 0]",11:34:57,20260417,0.0,10821,"[16.0, 74.3, 88.3, 117.6, 15.2, 311.4]","[1, 1, 1, 1]",0.0,OK,,,None,"[1, 1, 1, 1, 1, 1]"
1869978,658207UA0A,"[838, 0]","[48, 0]",11:34:52,20260417,0.0,10821,"[15.6, 75.0, 87.7, 117.1, 15.6, 310.9]","[1, 1, 1, 1]",0.0,OK,,,None,"[1, 1, 1, 1, 1, 1]"
1869977,658207UA0A,"[837, 0]","[47, 0]",11:34:48,20260417,0.0,10821,"[15.9, 75.0, 88.1, 117.5, 14.7, 311.2]","[1, 1, 1, 1]",0.0,OK,,,None,"[1, 1, 1, 1, 1, 1]"
1869976,658207UA0A,"[836, 0]","[46, 0]",11:34:43,20260417,0.0,10821,"[15.0, 74.7, 88.6, 117.1, 15.4, 310.7]","[1, 1, 1, 1]",0.0,OK,,,None,"[1, 1, 1, 1, 1, 1]"
1869975,658207UA0A,"[835, 0]","[45, 0]",11:34:38,20260417,0.0,10821,"[15.7, 74.7, 88.1, 117.8, 15.3, 311.5]","[1, 1, 1, 1]",0.0,OK,,,None,"[1, 1, 1, 1, 1, 1]"
1869974,658207UA0A,"[834, 0]","[44, 0]",11:34:31,20260417,0.0,10821,"[16.3, 74.7, 88.1, 117.1, 15.6, 311.8]","[1, 1, 1, 1]",0.0,OK,,,None,"[1, 1, 1, 1, 1, 1]"
1869973,658207UA0A,"[833, 0]","[43, 0]",11:34:27,20260417,0.0,10821,"[15.5, 75.1, 88.1, 117.3, 15.2, 311.2]","[1, 1, 1, 1]",0.0,OK,,,None,"[1, 1, 1, 1, 1, 1]"
1869972,808387UA0A,"[206, 7]","[120, 0]",11:34:24,20260417,0.0,10819,"[15.2, 122.0, 121.2, 80.4, 79.0, 123.8, 123.2, 16.2, 36.2, 41.1]",None,0.0,OK,,,None,"[1, 1, 1, 1, 1, 1, 1, 1, 1, 1]"
1869971,808387UA0A,"[206, 7]","[120, 0]",11:34:24,20260417,0.0,10819,"[15.0, 122.4, 121.0, 80.2, 79.4, 123.0, 123.2, 15.4, 36.8, 40.9]",None,0.0,OK,,,None,"[1, 1, 1, 1, 1, 1, 1, 1, 1, 1]"
1869970,808387UA0A,"[206, 7]","[120, 0]",11:34:24,20260417,0.0,10819,"[14.8, 122.0, 121.2, 80.6, 80.0, 122.8, 123.0, 14.4, 37.5, 40.1]",None,0.0,OK,,,None,"[1, 1, 1, 1, 1, 1, 1, 1, 1, 1]"
1869969,808387UA0A,"[206, 7]","[120, 0]",11:34:24,20260417,0.0,10819,"[15.4, 122.0, 120.6, 80.4, 79.6, 123.2, 123.2, 15.6, 37.8, 40.7]",None,0.0,OK,,,None,"[1, 1, 1, 1, 1, 1, 1, 1, 1, 1]"
1869968,808387UA0A,"[206, 7]","[120, 0]",11:34:23,20260417,0.0,10819,"[15.4, 122.0, 121.6, 80.4, 80.0, 123.4, 123.4, 15.8, 37.6, 40.7]",None,0.0,OK,,,None,"[1, 1, 1, 1, 1, 1, 1, 1, 1, 1]"
1869967,658207UA0A,"[832, 0]","[42, 0]",11:34:20,20260417,0.0,10821,"[15.5, 75.1, 88.1, 117.5, 15.2, 311.5]","[1, 1, 1, 1]",0.0,OK,,,None,"[1, 1, 1, 1, 1, 1]"
1869966,658207UA0A,"[831, 0]","[41, 0]",11:34:14,20260417,0.0,10821,"[15.7, 74.7, 88.0, 117.3, 15.3, 311.0]","[1, 1, 1, 1]",0.0,OK,,,None,"[1, 1, 1, 1, 1, 1]"
1869965,82832W080PKENGEN,"[505, 0]","[80, 0]",11:33:53,20260417,0.0,None,"[28.0, 36.9, 38.5, 51.5, 61.0, 78.3, 98.3, 97.6, 86.8, 84.5, 13.6]",None,0.0,OK,None,,Null,"[1, 1, 1, 1, 1, 1, 1, 1, 1, 1, 1]"
1869964,82832W080PKENGEN,"[504, 0]","[79, 0]",11:33:31,20260417,0.0,None,"[28.1, 36.9, 38.0, 51.6, 60.9, 78.0, 98.4, 97.8, 86.3, 84.6, 13.6]",None,0.0,OK,None,,Null,"[1, 1, 1, 1, 1, 1, 1, 1, 1, 1, 1]"
1869963,82832W080PKENGEN,"[503, 0]","[78, 0]",11:33:02,20260417,0.0,None,"[28.0, 36.9, 38.2, 51.6, 61.0, 77.7, 98.4, 97.6, 86.5, 84.5, 13.8]",None,0.0,OK,None,,Null,"[1, 1, 1, 1, 1, 1, 1, 1, 1, 1, 1]"
1869962,82832W080PKENGEN,"[502, 0]","[77, 0]",11:32:38,20260417,0.0,None,"[28.0, 37.1, 38.2, 51.6, 61.0, 78.0, 98.1, 97.6, 86.6, 84.7, 13.8]",None,0.0,OK,None,,Null,"[1, 1, 1, 1, 1, 1, 1, 1, 1, 1, 1]"
1869961,658207UA0A,"[830, 0]","[40, 0]",11:32:25,20260417,0.0,10821,"[15.7, 74.7, 88.3, 117.0, 14.8, 310.4]","[1, 1, 1, 1]",0.0,OK,,,None,"[1, 1, 1, 1, 1, 1]"
1869960,658207UA0A,"[829, 0]","[39, 0]",11:32:20,20260417,0.0,10821,"[15.8, 74.8, 88.0, 117.1, 15.3, 311.0]","[1, 1, 1, 1]",0.0,OK,,,None,"[1, 1, 1, 1, 1, 1]"
1869956,808397UA0A,"[204, 7]","[132, 3]",11:32:18,20260417,0.0,10819,"[15.6, 123.0, 122.6, 80.4, 81.2, 122.8, 123.2, 17.8, 36.5, 41.1]",None,0.0,OK,,,None,"[1, 1, 1, 1, 1, 1, 1, 1, 1, 1]"
1869957,808397UA0A,"[204, 7]","[132, 3]",11:32:18,20260417,0.0,10819,"[15.6, 122.8, 122.2, 79.8, 81.0, 122.6, 123.2, 16.0, 37.4, 40.5]",None,0.0,OK,,,None,"[1, 1, 1, 1, 1, 1, 1, 1, 1, 1]"
1869958,808397UA0A,"[204, 7]","[132, 3]",11:32:18,20260417,0.0,10819,"[15.8, 123.2, 121.6, 80.8, 81.2, 122.2, 123.4, 16.0, 37.0, 40.3]",None,0.0,OK,,,None,"[1, 1, 1, 1, 1, 1, 1, 1, 1, 1]"
1869959,82832W080PKENGEN,"[501, 0]","[76, 0]",11:32:17,20260417,0.0,None,"[28.0, 36.9, 38.4, 51.6, 60.7, 78.3, 98.0, 97.6, 86.5, 84.7, 13.6]",None,0.0,OK,None,,Null,"[1, 1, 1, 1, 1, 1, 1, 1, 1, 1, 1]"
1869955,808397UA0A,"[204, 7]","[132, 3]",11:32:17,20260417,0.0,10819,"[15.6, 123.0, 122.2, 79.5, 81.4, 122.2, 123.4, 16.0, 37.1, 41.3]",None,0.0,OK,,,None,"[1, 1, 1, 1, 1, 1, 1, 1, 1, 1]"
1869954,808397UA0A,"[204, 7]","[132, 3]",11:32:17,20260417,0.0,10819,"[15.8, 122.8, 122.2, 80.2, 80.8, 122.0, 123.2, 16.0, 37.1, 41.1]",None,0.0,OK,,,None,"[1, 1, 1, 1, 1, 1, 1, 1, 1, 1]"
1869953,658207UA0A,"[828, 0]","[38, 0]",11:32:15,20260417,0.0,10821,"[15.6, 74.8, 88.0, 117.0, 14.9, 310.2]","[1, 1, 1, 1]",0.0,OK,,,None,"[1, 1, 1, 1, 1, 1]"
1869952,658207UA0A,"[827, 0]","[37, 0]",11:32:10,20260417,0.0,10821,"[14.8, 74.5, 88.1, 117.1, 15.9, 310.5]","[1, 1, 1, 1]",0.0,OK,,,None,"[1, 1, 1, 1, 1, 1]"
1869951,658207UA0A,"[826, 0]","[36, 0]",11:31:57,20260417,0.0,10821,MANUAL,MANUAL,0.0,MANUAL,MANUAL,,Null,MANUAL
1869950,82832W080PKENGEN,"[500, 0]","[75, 0]",11:31:52,20260417,0.0,None,"[28.0, 37.1, 38.7, 51.6, 61.0, 78.3, 98.1, 98.0, 86.5, 84.9, 13.6]",None,0.0,OK,None,,Null,"[1, 1, 1, 1, 1, 1, 1, 1, 1, 1, 1]"
1869949,658207UA0A,"[826, 1]","[36, 1]",11:31:51,20260417,0.0,10821,"[15.6, 74.8, 87.8, 117.3, 15.4, 311.0]","[1, 1, 1, 1]",0.0,OK,,,None,"[1, 1, 1, 1, 1, 1]"
1869948,658207UA0A,"[825, 1]","[35, 1]",11:31:44,20260417,0.0,10821,"[0, 0, 0, 0, 0, 0]",[],0.0,NG,PART IS NOT FOUND,,None,"[0, 0, 0, 0, 0, 0]"
1869947,658207UA0A,"[825, 0]","[35, 0]",11:31:37,20260417,0.0,10821,"[16.0, 74.8, 88.1, 117.1, 15.1, 311.1]","[1, 1, 1, 1]",0.0,OK,,,None,"[1, 1, 1, 1, 1, 1]"
1869946,658207UA0A,"[824, 0]","[34, 0]",11:31:31,20260417,0.0,10821,"[15.9, 74.5, 88.1, 117.1, 15.7, 311.3]","[1, 1, 1, 1]",0.0,OK,,,None,"[1, 1, 1, 1, 1, 1]"
1869944,658207UA0A,"[823, 0]","[33, 0]",11:31:28,20260417,0.0,10821,"[16.0, 74.5, 88.0, 117.4, 15.0, 310.9]","[1, 1, 1, 1]",0.0,OK,,,None,"[1, 1, 1, 1, 1, 1]"
1869945,82832W080PKENGEN,"[499, 0]","[74, 0]",11:31:27,20260417,0.0,None,"[28.0, 36.9, 38.4, 51.8, 61.1, 77.8, 98.0, 97.6, 86.1, 84.4, 13.6]",None,0.0,OK,None,,Null,"[1, 1, 1, 1, 1, 1, 1, 1, 1, 1, 1]"
1869943,658207UA0A,"[822, 0]","[32, 0]",11:31:23,20260417,0.0,10821,"[15.9, 74.7, 88.0, 117.4, 15.2, 311.2]","[1, 1, 1, 1]",0.0,OK,,,None,"[1, 1, 1, 1, 1, 1]"
1869942,658207UA0A,"[821, 0]","[31, 0]",11:31:19,20260417,0.0,10821,"[16.0, 75.0, 88.0, 117.0, 15.2, 311.2]","[1, 1, 1, 1]",0.0,OK,,,None,"[1, 1, 1, 1, 1, 1]"
1869941,658207UA0A,"[820, 0]","[30, 0]",11:31:14,20260417,0.0,10821,"[16.0, 74.5, 88.4, 117.0, 14.8, 310.8]","[1, 1, 1, 1]",0.0,OK,,,None,"[1, 1, 1, 1, 1, 1]"
1869940,658207UA0A,"[819, 0]","[29, 0]",11:31:09,20260417,0.0,10821,"[15.6, 74.3, 88.3, 117.1, 14.7, 310.1]","[1, 1, 1, 1]",0.0,OK,,,None,"[1, 1, 1, 1, 1, 1]"
1869939,658207UA0A,"[818, 0]","[28, 0]",11:31:03,20260417,0.0,10821,"[15.5, 74.3, 87.3, 116.8, 16.1, 310.1]","[1, 1, 1, 1]",0.0,OK,,,None,"[1, 1, 1, 1, 1, 1]"
1869938,82832W080PKENGEN,"[498, 0]","[73, 0]",11:31:01,20260417,0.0,None,"[27.6, 37.2, 38.7, 51.6, 61.0, 78.1, 98.4, 97.8, 86.6, 84.9, 13.9]",None,0.0,OK,None,,Null,"[1, 1, 1, 1, 1, 1, 1, 1, 1, 1, 1]"
1869937,658207UA0A,"[817, 0]","[27, 0]",11:30:58,20260417,0.0,10821,"[16.0, 74.8, 88.1, 117.5, 14.6, 311.0]","[1, 1, 1, 1]",0.0,OK,,,None,"[1, 1, 1, 1, 1, 1]"
1869936,658207UA0A,"[816, 0]","[26, 0]",11:30:51,20260417,0.0,10821,"[16.0, 75.1, 88.3, 117.1, 15.2, 311.7]","[1, 1, 1, 1]",0.0,OK,,,None,"[1, 1, 1, 1, 1, 1]"
1869935,658207UA0A,"[815, 0]","[25, 0]",11:30:46,20260417,0.0,10821,"[15.5, 74.8, 88.0, 116.8, 15.2, 310.3]","[1, 1, 1, 1]",0.0,OK,,,None,"[1, 1, 1, 1, 1, 1]"
1869934,658207UA0A,"[814, 0]","[24, 0]",11:30:39,20260417,0.0,10821,"[15.5, 74.3, 88.3, 117.1, 14.8, 310.0]","[1, 1, 1, 1]",0.0,OK,,,None,"[1, 1, 1, 1, 1, 1]"
1869933,658207UA0A,"[813, 0]","[23, 0]",11:30:32,20260417,0.0,10821,"[15.9, 75.0, 88.0, 117.1, 15.5, 311.5]","[1, 1, 1, 1]",0.0,OK,,,None,"[1, 1, 1, 1, 1, 1]"
1869931,658207UA0A,"[812, 0]","[22, 0]",11:30:25,20260417,0.0,10821,"[16.1, 74.8, 88.1, 117.5, 15.1, 311.6]","[1, 1, 1, 1]",0.0,OK,,,None,"[1, 1, 1, 1, 1, 1]"
1869932,82832W080PKENGEN,"[497, 0]","[72, 0]",11:30:24,20260417,0.0,None,"[27.8, 36.9, 38.4, 51.5, 61.0, 78.0, 98.1, 97.3, 86.8, 84.2, 13.6]",None,0.0,OK,None,,Null,"[1, 1, 1, 1, 1, 1, 1, 1, 1, 1, 1]"
1869930,658207UA0A,"[811, 0]","[21, 0]",11:30:20,20260417,0.0,10821,"[16.2, 74.7, 88.3, 117.3, 15.1, 311.5]","[1, 1, 1, 1]",0.0,OK,,,None,"[1, 1, 1, 1, 1, 1]"
1869929,808387UA0A,"[201, 7]","[115, 0]",11:29:47,20260417,0.0,10819,"[15.6, 122.0, 121.0, 80.0, 79.4, 123.2, 123.0, 15.6, 36.5, 41.3]",None,0.0,OK,,,None,"[1, 1, 1, 1, 1, 1, 1, 1, 1, 1]"
1869928,808387UA0A,"[201, 7]","[115, 0]",11:29:47,20260417,0.0,10819,"[15.0, 122.2, 121.2, 80.2, 80.0, 123.0, 122.8, 15.2, 36.8, 40.7]",None,0.0,OK,,,None,"[1, 1, 1, 1, 1, 1, 1, 1, 1, 1]"
1869927,808387UA0A,"[201, 7]","[115, 0]",11:29:46,20260417,0.0,10819,"[14.8, 122.2, 121.2, 80.2, 81.0, 121.6, 123.2, 15.0, 37.4, 40.7]",None,0.0,OK,,,None,"[1, 1, 1, 1, 1, 1, 1, 1, 1, 1]"
1869926,808387UA0A,"[201, 7]","[115, 0]",11:29:46,20260417,0.0,10819,"[15.0, 122.4, 121.4, 80.2, 80.0, 123.6, 123.4, 15.2, 37.5, 40.7]",None,0.0,OK,,,None,"[1, 1, 1, 1, 1, 1, 1, 1, 1, 1]"
1869925,808387UA0A,"[201, 7]","[115, 0]",11:29:46,20260417,0.0,10819,"[14.8, 122.4, 121.8, 80.0, 80.0, 122.8, 123.4, 15.2, 37.9, 40.7]",None,0.0,OK,,,None,"[1, 1, 1, 1, 1, 1, 1, 1, 1, 1]"
1869924,82832W080PKENGEN,"[496, 0]","[71, 0]",11:28:34,20260417,0.0,None,"[28.1, 36.9, 38.2, 51.5, 61.0, 78.0, 97.6, 98.1, 86.8, 84.5, 13.6]",None,0.0,OK,None,,Null,"[1, 1, 1, 1, 1, 1, 1, 1, 1, 1, 1]"
1869923,808397UA0A,"[199, 7]","[127, 3]",11:27:46,20260417,0.0,10819,"[15.6, 123.4, 121.8, 80.4, 80.8, 122.4, 123.4, 16.0, 37.8, 40.5]",None,0.0,OK,,,None,"[1, 1, 1, 1, 1, 1, 1, 1, 1, 1]"
1869921,808397UA0A,"[199, 7]","[127, 3]",11:27:46,20260417,0.0,10819,"[16.2, 123.4, 122.4, 80.2, 80.8, 122.6, 123.6, 15.4, 36.4, 40.9]",None,0.0,OK,,,None,"[1, 1, 1, 1, 1, 1, 1, 1, 1, 1]"
1869922,808397UA0A,"[199, 7]","[127, 3]",11:27:46,20260417,0.0,10819,"[15.4, 123.6, 122.2, 80.2, 81.0, 122.0, 123.2, 16.0, 37.4, 40.9]",None,0.0,OK,,,None,"[1, 1, 1, 1, 1, 1, 1, 1, 1, 1]"
1869920,808397UA0A,"[199, 7]","[127, 3]",11:27:45,20260417,0.0,10819,"[16.0, 123.0, 122.0, 80.4, 80.4, 122.4, 123.4, 15.4, 36.6, 41.5]",None,0.0,OK,,,None,"[1, 1, 1, 1, 1, 1, 1, 1, 1, 1]"
1869919,808397UA0A,"[199, 7]","[127, 3]",11:27:45,20260417,0.0,10819,"[15.8, 123.2, 122.0, 80.8, 80.6, 122.4, 123.4, 15.6, 37.1, 41.1]",None,0.0,OK,,,None,"[1, 1, 1, 1, 1, 1, 1, 1, 1, 1]"
1869918,658207UA0A,"[810, 0]","[20, 0]",11:27:35,20260417,0.0,10821,"[15.4, 75.0, 87.8, 117.3, 15.2, 310.7]","[1, 1, 1, 1]",0.0,OK,,,None,"[1, 1, 1, 1, 1, 1]"
1869917,658207UA0A,"[809, 0]","[19, 0]",11:27:29,20260417,0.0,10821,"[16.1, 75.0, 88.1, 117.6, 14.9, 311.7]","[1, 1, 1, 1]",0.0,OK,,,None,"[1, 1, 1, 1, 1, 1]"
1869916,658207UA0A,"[808, 0]","[18, 0]",11:27:24,20260417,0.0,10821,"[15.7, 74.7, 88.0, 117.3, 15.2, 310.9]","[1, 1, 1, 1]",0.0,OK,,,None,"[1, 1, 1, 1, 1, 1]"
1869915,658207UA0A,"[807, 0]","[17, 0]",11:27:15,20260417,0.0,10821,"[16.3, 75.0, 88.0, 117.3, 14.9, 311.4]","[1, 1, 1, 1]",0.0,OK,,,None,"[1, 1, 1, 1, 1, 1]"
1869914,658207UA0A,"[806, 0]","[16, 0]",11:27:10,20260417,0.0,10821,"[15.4, 74.5, 88.0, 117.1, 15.5, 310.4]","[1, 1, 1, 1]",0.0,OK,,,None,"[1, 1, 1, 1, 1, 1]"
1869913,658207UA0A,"[805, 0]","[15, 0]",11:27:05,20260417,0.0,10821,"[16.0, 74.8, 88.0, 117.3, 15.0, 311.1]","[1, 1, 1, 1]",0.0,OK,,,None,"[1, 1, 1, 1, 1, 1]"
1869912,658207UA0A,"[804, 0]","[14, 0]",11:27:01,20260417,0.0,10821,"[15.7, 74.8, 87.8, 117.5, 15.1, 310.9]","[1, 1, 1, 1]",0.0,OK,,,None,"[1, 1, 1, 1, 1, 1]"
1869911,658207UA0A,"[803, 0]","[13, 0]",11:26:56,20260417,0.0,10821,"[16.2, 74.5, 88.1, 117.1, 15.1, 311.0]","[1, 1, 1, 1]",0.0,OK,,,None,"[1, 1, 1, 1, 1, 1]"
1869910,658207UA0A,"[802, 0]","[12, 0]",11:26:52,20260417,0.0,10821,"[15.4, 74.7, 87.5, 117.0, 15.8, 310.3]","[1, 1, 1, 1]",0.0,OK,,,None,"[1, 1, 1, 1, 1, 1]"
1869909,82832W080PKENGEN,"[495, 0]","[70, 0]",11:26:50,20260417,0.0,None,"[28.0, 36.8, 38.4, 51.5, 61.0, 78.0, 98.4, 97.5, 87.1, 84.4, 13.6]",None,0.0,OK,None,,Null,"[1, 1, 1, 1, 1, 1, 1, 1, 1, 1, 1]"
1869908,658207UA0A,"[801, 0]","[11, 0]",11:26:47,20260417,0.0,10821,"[16.0, 74.7, 88.0, 117.5, 15.0, 311.1]","[1, 1, 1, 1]",0.0,OK,,,None,"[1, 1, 1, 1, 1, 1]"
1869907,658207UA0A,"[800, 0]","[10, 0]",11:26:42,20260417,0.0,10821,"[15.9, 74.5, 88.1, 117.1, 14.8, 310.5]","[1, 1, 1, 1]",0.0,OK,,,None,"[1, 1, 1, 1, 1, 1]"
1869906,658207UA0A,"[799, 0]","[9, 0]",11:26:37,20260417,0.0,10821,"[15.6, 74.5, 87.8, 117.4, 15.3, 310.7]","[1, 1, 1, 1]",0.0,OK,,,None,"[1, 1, 1, 1, 1, 1]"
1869905,658207UA0A,"[798, 0]","[8, 0]",11:26:33,20260417,0.0,10821,"[15.4, 74.3, 88.1, 117.5, 15.0, 310.4]","[1, 1, 1, 1]",0.0,OK,,,None,"[1, 1, 1, 1, 1, 1]"
1869903,658207UA0A,"[797, 0]","[7, 0]",11:26:28,20260417,0.0,10821,"[15.7, 74.8, 88.0, 117.8, 14.8, 311.0]","[1, 1, 1, 1]",0.0,OK,,,None,"[1, 1, 1, 1, 1, 1]"
1869904,82832W080PKENGEN,"[494, 0]","[69, 0]",11:26:27,20260417,0.0,None,"[27.8, 36.9, 38.5, 51.6, 61.0, 78.1, 98.1, 97.5, 86.9, 84.7, 13.8]",None,0.0,OK,None,,Null,"[1, 1, 1, 1, 1, 1, 1, 1, 1, 1, 1]"
1869902,658207UA0A,"[796, 0]","[6, 0]",11:26:23,20260417,0.0,10821,"[15.8, 74.3, 87.8, 116.8, 15.9, 310.7]","[1, 1, 1, 1]",0.0,OK,,,None,"[1, 1, 1, 1, 1, 1]"
1869901,658207UA0A,"[795, 0]","[5, 0]",11:26:19,20260417,0.0,10821,"[16.2, 74.5, 88.0, 117.3, 15.1, 311.1]","[1, 1, 1, 1]",0.0,OK,,,None,"[1, 1, 1, 1, 1, 1]"
1869900,658207UA0A,"[794, 0]","[4, 0]",11:26:13,20260417,0.0,10821,"[15.4, 75.0, 88.1, 117.4, 15.5, 311.5]","[1, 1, 1, 1]",0.0,OK,,,None,"[1, 1, 1, 1, 1, 1]"
1869899,82832W080PKENGEN,"[493, 0]","[68, 0]",11:26:08,20260417,0.0,None,"[28.0, 36.9, 38.5, 51.9, 61.2, 77.8, 98.1, 98.1, 86.5, 85.2, 13.8]",None,0.0,OK,None,,Null,"[1, 1, 1, 1, 1, 1, 1, 1, 1, 1, 1]"
1869898,658207UA0A,"[793, 0]","[3, 0]",11:26:08,20260417,0.0,10821,"[15.9, 74.2, 88.0, 117.1, 14.9, 310.0]","[1, 1, 1, 1]",0.0,OK,,,None,"[1, 1, 1, 1, 1, 1]"
1869897,658207UA0A,"[792, 0]","[2, 0]",11:25:59,20260417,0.0,10821,"[15.3, 74.3, 88.0, 117.8, 15.0, 310.3]","[1, 1, 1, 1]",0.0,OK,,,None,"[1, 1, 1, 1, 1, 1]"
1869896,658207UA0A,"[791, 0]","[1, 0]",11:25:53,20260417,0.0,10821,MANUAL,MANUAL,0.0,MANUAL,MANUAL,,Null,MANUAL
1869895,658207UA0A,"[790, 0]","[0, 0]",11:25:52,20260417,0.0,10821,COUNTERRESET,COUNTERRESET,0.0,COUNTERRESET,COUNTERRESET,,COUNTERRESET,COUNTERRESET
1869894,658207UA0A,"[790, 0]","[290, 0]",11:25:51,20260417,0.0,10821,MANUAL,MANUAL,0.0,MANUAL,MANUAL,,Null,MANUAL
1869893,658207UA0A,"[791, 0]","[291, 0]",11:25:48,20260417,0.0,10821,MANUAL,MANUAL,0.0,MANUAL,MANUAL,,Null,MANUAL
1869892,82832W080PKENGEN,"[492, 0]","[67, 0]",11:25:46,20260417,0.0,None,"[28.1, 37.1, 38.2, 51.8, 61.2, 78.0, 98.1, 97.8, 87.1, 84.9, 13.6]",None,0.0,OK,None,,Null,"[1, 1, 1, 1, 1, 1, 1, 1, 1, 1, 1]"
1869891,658207UA0A,"[791, 0]","[291, 0]",11:25:44,20260417,0.0,10821,"[15.9, 74.7, 88.1, 116.8, 15.1, 310.6]","[1, 1, 1, 1]",0.0,OK,,,None,"[1, 1, 1, 1, 1, 1]"
1869890,808387UA0A,"[196, 7]","[110, 0]",11:25:19,20260417,0.0,10819,"[15.4, 122.0, 120.8, 80.4, 79.0, 123.2, 123.2, 16.4, 36.6, 40.7]",None,0.0,OK,,,None,"[1, 1, 1, 1, 1, 1, 1, 1, 1, 1]"
1869885,808387UA0A,"[196, 7]","[110, 0]",11:25:19,20260417,0.0,10819,"[14.6, 122.4, 121.6, 80.6, 80.8, 122.2, 123.4, 15.4, 37.2, 40.5]",None,0.0,OK,,,None,"[1, 1, 1, 1, 1, 1, 1, 1, 1, 1]"
1869887,808387UA0A,"[196, 7]","[110, 0]",11:25:19,20260417,0.0,10819,"[15.0, 122.2, 121.2, 80.8, 80.0, 123.2, 123.2, 16.6, 37.6, 40.3]",None,0.0,OK,,,None,"[1, 1, 1, 1, 1, 1, 1, 1, 1, 1]"
1869889,808387UA0A,"[196, 7]","[110, 0]",11:25:19,20260417,0.0,10819,"[15.2, 122.4, 121.0, 80.2, 80.6, 122.0, 123.2, 15.4, 37.6, 40.1]",None,0.0,OK,,,None,"[1, 1, 1, 1, 1, 1, 1, 1, 1, 1]"
1869888,808387UA0A,"[196, 7]","[110, 0]",11:25:19,20260417,0.0,10819,"[14.8, 122.4, 121.2, 80.6, 79.8, 122.8, 123.4, 15.2, 36.7, 41.1]",None,0.0,OK,,,None,"[1, 1, 1, 1, 1, 1, 1, 1, 1, 1]"
1869886,82832W080PKENGEN,"[491, 0]","[66, 0]",11:25:17,20260417,0.0,None,"[28.0, 36.8, 38.7, 51.5, 61.1, 78.3, 98.1, 97.5, 86.8, 84.6, 13.6]",None,0.0,OK,None,,Null,"[1, 1, 1, 1, 1, 1, 1, 1, 1, 1, 1]"
1869884,82832W080PKENGEN,"[490, 0]","[65, 0]",11:24:51,20260417,0.0,None,"[27.6, 36.8, 38.5, 51.6, 60.9, 78.0, 98.0, 97.8, 86.6, 84.6, 13.7]",None,0.0,OK,None,,Null,"[1, 1, 1, 1, 1, 1, 1, 1, 1, 1, 1]"
1869883,82832W080PKENGEN,"[489, 0]","[64, 0]",11:24:27,20260417,0.0,None,"[27.8, 36.9, 38.5, 51.5, 61.0, 78.1, 97.8, 98.0, 86.9, 84.5, 13.6]",None,0.0,OK,None,,Null,"[1, 1, 1, 1, 1, 1, 1, 1, 1, 1, 1]"
1869882,82832W080PKENGEN,"[488, 0]","[63, 0]",11:23:49,20260417,0.0,None,"[27.8, 36.9, 38.4, 51.6, 60.9, 78.0, 97.8, 97.8, 86.6, 84.2, 13.5]",None,0.0,OK,None,,Null,"[1, 1, 1, 1, 1, 1, 1, 1, 1, 1, 1]"
1869881,82832W080PKENGEN,"[487, 0]","[62, 0]",11:23:25,20260417,0.0,None,"[28.0, 36.9, 37.9, 51.6, 61.0, 78.1, 98.1, 97.5, 86.3, 84.4, 13.6]",None,0.0,OK,None,,Null,"[1, 1, 1, 1, 1, 1, 1, 1, 1, 1, 1]"
1869880,82832W080PKENGEN,"[486, 0]","[61, 0]",11:23:05,20260417,0.0,None,"[28.1, 36.8, 38.4, 51.6, 61.0, 78.0, 98.1, 97.6, 86.9, 84.2, 13.8]",None,0.0,OK,None,,Null,"[1, 1, 1, 1, 1, 1, 1, 1, 1, 1, 1]"
1869879,808397UA0A,"[194, 7]","[122, 3]",11:22:36,20260417,0.0,10819,"[15.4, 123.6, 121.4, 81.0, 81.0, 122.4, 123.4, 15.6, 36.6, 40.5]",None,0.0,OK,,,None,"[1, 1, 1, 1, 1, 1, 1, 1, 1, 1]"
1869878,808397UA0A,"[194, 7]","[122, 3]",11:22:36,20260417,0.0,10819,"[16.0, 123.2, 121.4, 80.6, 81.0, 122.2, 123.4, 15.8, 37.5, 40.7]",None,0.0,OK,,,None,"[1, 1, 1, 1, 1, 1, 1, 1, 1, 1]"
1869877,808397UA0A,"[194, 7]","[122, 3]",11:22:36,20260417,0.0,10819,"[15.6, 123.2, 122.4, 80.2, 81.0, 121.4, 123.4, 15.8, 37.0, 40.9]",None,0.0,OK,,,None,"[1, 1, 1, 1, 1, 1, 1, 1, 1, 1]"
1869876,808397UA0A,"[194, 7]","[122, 3]",11:22:35,20260417,0.0,10819,"[15.2, 123.4, 122.4, 79.4, 80.6, 121.8, 123.4, 16.2, 37.8, 41.1]",None,0.0,OK,,,None,"[1, 1, 1, 1, 1, 1, 1, 1, 1, 1]"
1869875,808397UA0A,"[194, 7]","[122, 3]",11:22:35,20260417,0.0,10819,"[15.6, 123.2, 122.2, 80.0, 80.6, 121.6, 123.4, 15.4, 37.0, 41.1]",None,0.0,OK,,,None,"[1, 1, 1, 1, 1, 1, 1, 1, 1, 1]"
1869874,8462284S00,"[1148, 10]","[46, 1]",11:21:29,20260417,0.0,10823,"[12.7, 127.6, 128.1, 128.6, 128.6, 128.7, 127.4, 12.2, 793.9]",None,0.0,OK,None,7,00024533,"[1, 1, 1, 1, 1, 1, 1, 1, 1]"
1869873,8462284S00,"[1147, 10]","[45, 1]",11:21:20,20260417,0.0,10823,"[12.5, 127.4, 128.4, 129.0, 128.2, 128.7, 127.9, 12.6, 794.9]",None,0.0,OK,None,7,00024533,"[1, 1, 1, 1, 1, 1, 1, 1, 1]"
1869872,8462284S00,"[1146, 10]","[44, 1]",11:21:12,20260417,0.0,10823,"[12.2, 127.8, 127.9, 128.7, 128.9, 128.7, 127.9, 12.3, 794.4]",None,0.0,OK,None,7,00024533,"[1, 1, 1, 1, 1, 1, 1, 1, 1]"
1869871,8462284S00,"[1145, 10]","[43, 1]",11:21:03,20260417,0.0,10823,"[12.2, 127.8, 128.2, 128.4, 128.9, 128.6, 127.8, 12.7, 794.5]",None,0.0,OK,None,7,00024533,"[1, 1, 1, 1, 1, 1, 1, 1, 1]"
1869870,8462284S00,"[1144, 10]","[42, 1]",11:20:54,20260417,0.0,10823,"[12.8, 128.2, 129.0, 129.0, 129.0, 129.0, 127.9, 12.5, 797.6]",None,0.0,OK,None,7,00024533,"[1, 1, 1, 1, 1, 1, 1, 1, 1]"
1869869,82832W080PKENGEN,"[485, 0]","[60, 0]",11:20:45,20260417,0.0,None,"[28.0, 36.8, 38.2, 51.5, 60.7, 78.0, 98.0, 97.6, 86.6, 84.4, 13.8]",None,0.0,OK,None,,Null,"[1, 1, 1, 1, 1, 1, 1, 1, 1, 1, 1]"
1869868,8462284S00,"[1143, 10]","[41, 1]",11:20:44,20260417,0.0,10823,"[12.0, 127.9, 128.2, 128.1, 128.9, 128.7, 127.6, 12.4, 793.9]",None,0.0,OK,None,7,00024533,"[1, 1, 1, 1, 1, 1, 1, 1, 1]"
1869867,82832W080PKENGEN,"[484, 0]","[59, 0]",11:20:22,20260417,0.0,None,"[27.8, 36.9, 38.5, 51.5, 61.2, 78.1, 97.8, 98.1, 86.5, 84.5, 13.6]",None,0.0,OK,None,,Null,"[1, 1, 1, 1, 1, 1, 1, 1, 1, 1, 1]"
1869866,808387UA0A,"[191, 7]","[105, 0]",11:20:07,20260417,0.0,10819,"[15.0, 122.0, 121.2, 80.0, 79.6, 122.8, 123.0, 14.8, 36.7, 40.9]",None,0.0,OK,,,None,"[1, 1, 1, 1, 1, 1, 1, 1, 1, 1]"
1869865,808387UA0A,"[191, 7]","[105, 0]",11:20:07,20260417,0.0,10819,"[15.2, 122.0, 121.2, 80.2, 79.8, 123.2, 123.0, 14.4, 36.7, 40.7]",None,0.0,OK,,,None,"[1, 1, 1, 1, 1, 1, 1, 1, 1, 1]"
1869864,808387UA0A,"[191, 7]","[105, 0]",11:20:07,20260417,0.0,10819,"[15.0, 122.0, 121.4, 80.2, 81.0, 121.8, 123.0, 15.2, 38.2, 40.7]",None,0.0,OK,,,None,"[1, 1, 1, 1, 1, 1, 1, 1, 1, 1]"
1869863,808387UA0A,"[191, 7]","[105, 0]",11:20:07,20260417,0.0,10819,"[15.0, 122.0, 121.6, 80.1, 79.4, 123.4, 122.6, 15.4, 37.8, 40.3]",None,0.0,OK,,,None,"[1, 1, 1, 1, 1, 1, 1, 1, 1, 1]"
1869862,808387UA0A,"[191, 7]","[105, 0]",11:20:07,20260417,0.0,10819,"[15.6, 122.0, 121.4, 80.0, 80.0, 123.0, 123.4, 16.0, 37.1, 40.9]",None,0.0,OK,,,None,"[1, 1, 1, 1, 1, 1, 1, 1, 1, 1]"
1869861,82832W080PKENGEN,"[483, 0]","[58, 0]",11:19:57,20260417,0.0,None,"[28.1, 36.9, 38.2, 51.3, 61.0, 78.0, 97.8, 97.8, 86.3, 84.5, 13.8]",None,0.0,OK,None,,Null,"[1, 1, 1, 1, 1, 1, 1, 1, 1, 1, 1]"
1869860,82832W080PKENGEN,"[482, 0]","[57, 0]",11:19:38,20260417,0.0,None,"[28.0, 37.1, 38.2, 51.8, 61.0, 77.7, 98.3, 97.8, 86.5, 84.5, 13.6]",None,0.0,OK,None,,Null,"[1, 1, 1, 1, 1, 1, 1, 1, 1, 1, 1]"
1869859,8462284S00,"[1142, 10]","[40, 1]",11:19:27,20260417,0.0,10823,"[12.7, 127.6, 128.1, 128.1, 128.6, 128.6, 127.8, 12.3, 793.6]",None,0.0,OK,None,7,00024533,"[1, 1, 1, 1, 1, 1, 1, 1, 1]"
1869858,8462284S00,"[1141, 10]","[39, 1]",11:19:18,20260417,0.0,10823,"[12.9, 127.6, 127.8, 128.4, 128.6, 128.9, 127.4, 12.2, 793.8]",None,0.0,OK,None,7,00024533,"[1, 1, 1, 1, 1, 1, 1, 1, 1]"
1869857,82832W080PKENGEN,"[481, 0]","[56, 0]",11:19:17,20260417,0.0,None,"[27.8, 37.2, 38.2, 51.5, 61.0, 78.3, 98.1, 97.8, 86.6, 84.4, 13.6]",None,0.0,OK,None,,Null,"[1, 1, 1, 1, 1, 1, 1, 1, 1, 1, 1]"
1869856,8462284S00,"[1140, 10]","[38, 1]",11:19:08,20260417,0.0,10823,"[12.6, 127.8, 128.1, 127.9, 128.6, 128.7, 127.4, 12.5, 793.6]",None,0.0,OK,None,7,00024533,"[1, 1, 1, 1, 1, 1, 1, 1, 1]"
1869855,8462284S00,"[1139, 10]","[37, 1]",11:18:58,20260417,0.0,10823,"[12.2, 127.9, 128.2, 128.1, 128.2, 128.6, 127.8, 12.8, 793.8]",None,0.0,OK,None,7,00024533,"[1, 1, 1, 1, 1, 1, 1, 1, 1]"
1869854,82832W080PKENGEN,"[480, 0]","[55, 0]",11:18:56,20260417,0.0,None,"[28.3, 37.1, 38.5, 51.3, 61.2, 78.0, 98.6, 97.6, 87.1, 84.4, 13.7]",None,0.0,OK,None,,Null,"[1, 1, 1, 1, 1, 1, 1, 1, 1, 1, 1]"
1869853,8462284S00,"[1138, 10]","[36, 1]",11:18:47,20260417,0.0,10823,"[12.3, 127.6, 128.2, 128.1, 128.6, 128.4, 127.5, 12.8, 793.4]",None,0.0,OK,None,7,00024533,"[1, 1, 1, 1, 1, 1, 1, 1, 1]"
1869852,8462284S00,"[1137, 10]","[35, 1]",11:18:36,20260417,0.0,10823,"[11.9, 127.9, 128.7, 128.7, 128.6, 128.4, 127.4, 12.5, 794.1]",None,0.0,OK,None,7,00024533,"[1, 1, 1, 1, 1, 1, 1, 1, 1]"
1869851,82832W080PKENGEN,"[479, 0]","[54, 0]",11:18:35,20260417,0.0,None,"[27.8, 36.8, 38.2, 51.6, 61.0, 77.7, 98.1, 97.5, 86.8, 83.9, 13.8]",None,0.0,OK,None,,Null,"[1, 1, 1, 1, 1, 1, 1, 1, 1, 1, 1]"
1869850,8462284S00,"[1136, 10]","[34, 1]",11:18:31,20260417,0.0,10823,"[0, 0, 0, 0, 0, 0, 0, 0, 0]",None,0.0,NG,PART IS NOT FOUND,7,00024533,"[0, 0, 0, 0, 0, 0, 0, 0, 0]"
1869849,8462284S00,"[1136, 9]","[34, 0]",11:18:21,20260417,0.0,10823,"[13.1, 127.6, 128.2, 128.6, 127.6, 128.8, 128.2, 12.9, 794.9]",None,0.0,OK,None,7,00024533,"[1, 1, 1, 1, 1, 1, 1, 1, 1]"
1869848,82832W080PKENGEN,"[478, 0]","[53, 0]",11:18:10,20260417,0.0,None,"[28.0, 36.8, 38.2, 51.6, 61.2, 77.8, 97.8, 97.8, 86.5, 84.5, 13.4]",None,0.0,OK,None,,Null,"[1, 1, 1, 1, 1, 1, 1, 1, 1, 1, 1]"
1869847,8462284S00,"[1135, 9]","[33, 0]",11:18:09,20260417,0.0,10823,"[12.3, 128.2, 128.4, 128.2, 128.2, 128.7, 127.3, 12.4, 793.7]",None,0.0,OK,None,7,00024533,"[1, 1, 1, 1, 1, 1, 1, 1, 1]"
1869846,808397UA0A,"[189, 7]","[117, 3]",11:18:04,20260417,0.0,10819,"[15.8, 123.2, 121.4, 80.4, 81.0, 122.0, 123.6, 15.8, 37.0, 40.3]",None,0.0,OK,,,None,"[1, 1, 1, 1, 1, 1, 1, 1, 1, 1]"
1869845,808397UA0A,"[189, 7]","[117, 3]",11:18:03,20260417,0.0,10819,"[15.6, 123.2, 121.2, 80.2, 81.0, 122.8, 123.0, 16.0, 37.5, 40.3]",None,0.0,OK,,,None,"[1, 1, 1, 1, 1, 1, 1, 1, 1, 1]"
1869844,808397UA0A,"[189, 7]","[117, 3]",11:18:03,20260417,0.0,10819,"[16.2, 123.0, 121.4, 79.8, 80.6, 122.2, 123.6, 15.6, 36.4, 40.5]",None,0.0,OK,,,None,"[1, 1, 1, 1, 1, 1, 1, 1, 1, 1]"
1869843,808397UA0A,"[189, 7]","[117, 3]",11:18:03,20260417,0.0,10819,"[15.4, 123.2, 122.2, 80.0, 81.0, 122.6, 123.0, 15.6, 37.1, 41.1]",None,0.0,OK,,,None,"[1, 1, 1, 1, 1, 1, 1, 1, 1, 1]"
1869842,808397UA0A,"[189, 7]","[117, 3]",11:18:03,20260417,0.0,10819,"[15.8, 122.4, 122.6, 79.4, 80.4, 122.0, 123.0, 16.0, 37.1, 40.7]",None,0.0,OK,,,None,"[1, 1, 1, 1, 1, 1, 1, 1, 1, 1]"
1869841,8462284S00,"[1134, 9]","[32, 0]",11:18:00,20260417,0.0,10823,"[12.1, 127.4, 128.1, 128.7, 128.6, 127.9, 127.9, 11.9, 792.6]",None,0.0,OK,None,7,00024533,"[1, 1, 1, 1, 1, 1, 1, 1, 1]"
1869840,8462284S00,"[1133, 9]","[31, 0]",11:17:47,20260417,0.0,10823,"[11.8, 128.1, 127.9, 128.4, 128.4, 128.2, 127.4, 11.9, 792.1]",None,0.0,OK,None,7,00024533,"[1, 1, 1, 1, 1, 1, 1, 1, 1]"
1869839,82832W080PKENGEN,"[477, 0]","[52, 0]",11:17:43,20260417,0.0,None,"[27.8, 36.9, 38.2, 51.6, 60.9, 77.7, 98.0, 97.5, 86.3, 84.5, 13.4]",None,0.0,OK,None,,Null,"[1, 1, 1, 1, 1, 1, 1, 1, 1, 1, 1]"
1869838,82832W080PKENGEN,"[476, 0]","[51, 0]",11:17:16,20260417,0.0,None,"[27.8, 36.8, 38.2, 51.3, 61.5, 77.5, 98.3, 97.6, 86.5, 84.6, 13.6]",None,0.0,OK,None,,Null,"[1, 1, 1, 1, 1, 1, 1, 1, 1, 1, 1]"
1869837,8462284S00,"[1132, 9]","[30, 0]",11:17:02,20260417,0.0,10823,"[12.1, 127.4, 127.6, 127.9, 128.7, 128.2, 127.6, 12.8, 792.4]",None,0.0,OK,None,7,00024533,"[1, 1, 1, 1, 1, 1, 1, 1, 1]"
1869836,8462284S00,"[1131, 9]","[29, 0]",11:16:52,20260417,0.0,10823,"[12.3, 127.6, 128.2, 128.7, 128.2, 128.6, 127.8, 12.6, 794.0]",None,0.0,OK,None,7,00024533,"[1, 1, 1, 1, 1, 1, 1, 1, 1]"
1869835,82832W080PKENGEN,"[475, 0]","[50, 0]",11:16:50,20260417,0.0,None,"[27.6, 37.1, 38.4, 51.8, 60.7, 77.7, 98.1, 97.8, 86.5, 84.1, 13.6]",None,0.0,OK,None,,Null,"[1, 1, 1, 1, 1, 1, 1, 1, 1, 1, 1]"
1869834,8462284S00,"[1130, 9]","[28, 0]",11:16:41,20260417,0.0,10823,"[12.1, 127.8, 127.9, 128.4, 128.3, 128.1, 127.8, 12.9, 793.3]",None,0.0,OK,None,7,00024533,"[1, 1, 1, 1, 1, 1, 1, 1, 1]"
1869833,8462284S00,"[1129, 9]","[27, 0]",11:16:30,20260417,0.0,10823,"[12.4, 127.1, 127.9, 128.4, 127.9, 128.1, 128.4, 12.2, 792.5]",None,0.0,OK,None,7,00024533,"[1, 1, 1, 1, 1, 1, 1, 1, 1]"
1869832,82832W080PKENGEN,"[474, 0]","[49, 0]",11:16:23,20260417,0.0,None,"[28.0, 36.8, 38.4, 51.8, 61.5, 77.8, 98.3, 97.6, 87.1, 84.9, 13.6]",None,0.0,OK,None,,Null,"[1, 1, 1, 1, 1, 1, 1, 1, 1, 1, 1]"
1869831,8462284S00,"[1128, 9]","[26, 0]",11:16:20,20260417,0.0,10823,"[12.1, 127.8, 128.1, 128.1, 128.4, 128.4, 127.0, 13.0, 792.7]",None,0.0,OK,None,7,00024533,"[1, 1, 1, 1, 1, 1, 1, 1, 1]"
1869830,8462284S00,"[1127, 9]","[25, 0]",11:16:09,20260417,0.0,10823,"[13.0, 127.6, 128.2, 128.7, 128.2, 128.6, 127.6, 12.8, 794.8]",None,0.0,OK,None,7,00024533,"[1, 1, 1, 1, 1, 1, 1, 1, 1]"
1869829,82832W080PKENGEN,"[473, 0]","[48, 0]",11:15:59,20260417,0.0,None,"[27.8, 36.8, 38.4, 51.6, 60.9, 78.1, 98.0, 98.0, 86.6, 84.5, 13.8]",None,0.0,OK,None,,Null,"[1, 1, 1, 1, 1, 1, 1, 1, 1, 1, 1]"
1869828,8462284S00,"[1126, 9]","[24, 0]",11:15:58,20260417,0.0,10823,"[12.7, 127.8, 128.2, 128.6, 128.7, 128.1, 128.2, 13.0, 795.3]",None,0.0,OK,None,7,00024533,"[1, 1, 1, 1, 1, 1, 1, 1, 1]"
1869827,8462284S00,"[1125, 9]","[23, 0]",11:15:48,20260417,0.0,10823,"[12.6, 127.8, 127.9, 128.7, 128.6, 128.2, 127.6, 12.1, 793.5]",None,0.0,OK,None,7,00024533,"[1, 1, 1, 1, 1, 1, 1, 1, 1]"
1869826,8462284S00,"[1124, 9]","[22, 0]",11:15:39,20260417,0.0,10823,"[12.3, 127.9, 128.1, 128.1, 128.4, 128.6, 127.6, 12.4, 793.3]",None,0.0,OK,None,7,00024533,"[1, 1, 1, 1, 1, 1, 1, 1, 1]"
1869825,82832W080PKENGEN,"[472, 0]","[47, 0]",11:15:36,20260417,0.0,None,"[28.0, 36.8, 38.5, 52.1, 60.6, 78.0, 98.0, 97.8, 86.6, 84.9, 13.5]",None,0.0,OK,None,,Null,"[1, 1, 1, 1, 1, 1, 1, 1, 1, 1, 1]"
1869824,82832W080PKENGEN,"[471, 0]","[46, 0]",11:15:09,20260417,0.0,None,"[28.1, 36.9, 38.4, 51.8, 61.0, 77.7, 98.6, 97.8, 86.8, 83.9, 13.6]",None,0.0,OK,None,,Null,"[1, 1, 1, 1, 1, 1, 1, 1, 1, 1, 1]"
1869823,8462284S00,"[1123, 9]","[21, 0]",11:15:00,20260417,0.0,10823,"[12.4, 127.3, 127.9, 128.4, 128.7, 128.7, 127.5, 12.3, 793.2]",None,0.0,OK,None,7,00024533,"[1, 1, 1, 1, 1, 1, 1, 1, 1]"
1869822,8462284S00,"[1122, 9]","[20, 0]",11:14:40,20260417,0.0,10823,"[12.7, 128.7, 128.2, 128.6, 128.4, 128.4, 127.8, 12.8, 795.7]",None,0.0,OK,None,7,00024533,"[1, 1, 1, 1, 1, 1, 1, 1, 1]"
1869821,82832W080PKENGEN,"[470, 0]","[45, 0]",11:14:38,20260417,0.0,None,"[28.0, 36.8, 38.4, 51.6, 60.7, 77.8, 98.3, 97.5, 86.8, 84.7, 13.6]",None,0.0,OK,None,,Null,"[1, 1, 1, 1, 1, 1, 1, 1, 1, 1, 1]"
1869820,8462284S00,"[1121, 9]","[19, 0]",11:14:30,20260417,0.0,10823,"[12.5, 127.6, 128.1, 127.8, 128.1, 129.0, 127.3, 13.1, 793.3]",None,0.0,OK,None,7,00024533,"[1, 1, 1, 1, 1, 1, 1, 1, 1]"
1869819,8462284S00,"[1120, 9]","[18, 0]",11:14:21,20260417,0.0,10823,"[12.2, 127.9, 128.7, 127.8, 128.2, 128.4, 127.6, 12.5, 793.3]",None,0.0,OK,None,7,00024533,"[1, 1, 1, 1, 1, 1, 1, 1, 1]"
1869818,82832W080PKENGEN,"[469, 0]","[44, 0]",11:14:17,20260417,0.0,None,"[28.1, 36.9, 38.4, 51.5, 61.2, 77.8, 97.8, 98.0, 86.6, 84.4, 13.6]",None,0.0,OK,None,,Null,"[1, 1, 1, 1, 1, 1, 1, 1, 1, 1, 1]"
1869817,8462284S00,"[1119, 9]","[17, 0]",11:14:10,20260417,0.0,10823,"[12.7, 127.9, 127.9, 128.7, 128.2, 128.2, 127.6, 12.4, 793.7]",None,0.0,OK,None,7,00024533,"[1, 1, 1, 1, 1, 1, 1, 1, 1]"
1869816,8462284S00,"[1118, 9]","[16, 0]",11:14:01,20260417,0.0,10823,"[12.1, 127.8, 128.1, 128.7, 128.7, 128.6, 127.6, 12.8, 794.4]",None,0.0,OK,None,7,00024533,"[1, 1, 1, 1, 1, 1, 1, 1, 1]"
1869815,82832W080PKENGEN,"[468, 0]","[43, 0]",11:13:53,20260417,0.0,None,"[28.1, 36.8, 38.4, 51.5, 61.0, 77.8, 98.6, 98.0, 86.6, 84.4, 13.6]",None,0.0,OK,None,,Null,"[1, 1, 1, 1, 1, 1, 1, 1, 1, 1, 1]"
1869814,8462284S00,"[1117, 9]","[15, 0]",11:13:52,20260417,0.0,10823,"[12.1, 127.8, 128.2, 128.1, 128.6, 128.7, 127.5, 12.5, 793.4]",None,0.0,OK,None,7,00024533,"[1, 1, 1, 1, 1, 1, 1, 1, 1]"
1869813,82832W080PKENGEN,"[467, 0]","[42, 0]",11:13:30,20260417,0.0,None,"[28.0, 36.6, 38.4, 51.9, 60.7, 78.0, 98.1, 97.8, 86.5, 84.1, 13.6]",None,0.0,OK,None,,Null,"[1, 1, 1, 1, 1, 1, 1, 1, 1, 1, 1]"
1869812,8462284S00,"[1116, 9]","[14, 0]",11:13:24,20260417,0.0,10823,"[12.5, 127.8, 128.1, 128.9, 128.1, 128.8, 127.3, 12.1, 793.4]",None,0.0,OK,None,7,00024533,"[1, 1, 1, 1, 1, 1, 1, 1, 1]"
1869811,8462284S00,"[1115, 9]","[13, 0]",11:13:16,20260417,0.0,10823,"[12.0, 127.8, 127.9, 128.9, 128.6, 128.2, 127.8, 12.6, 793.6]",None,0.0,OK,None,7,00024533,"[1, 1, 1, 1, 1, 1, 1, 1, 1]"
1869810,82832W080PKENGEN,"[466, 0]","[41, 0]",11:13:03,20260417,0.0,None,"[28.0, 36.8, 38.4, 51.9, 60.9, 77.8, 98.1, 97.5, 87.1, 84.1, 13.6]",None,0.0,OK,None,,Null,"[1, 1, 1, 1, 1, 1, 1, 1, 1, 1, 1]"
1869809,8462284S00,"[1114, 9]","[12, 0]",11:12:31,20260417,0.0,10823,"[11.9, 128.2, 127.9, 129.0, 128.2, 127.9, 127.8, 12.4, 793.4]",None,0.0,OK,None,7,00024533,"[1, 1, 1, 1, 1, 1, 1, 1, 1]"
1869808,8462284S00,"[1113, 9]","[11, 0]",11:12:21,20260417,0.0,10823,"[12.5, 127.4, 128.4, 128.2, 128.9, 128.6, 127.9, 11.9, 793.8]",None,0.0,OK,None,7,00024533,"[1, 1, 1, 1, 1, 1, 1, 1, 1]"
1869807,8462284S00,"[1112, 9]","[10, 0]",11:12:13,20260417,0.0,10823,"[12.3, 127.6, 128.2, 128.1, 128.6, 128.6, 127.9, 12.8, 794.1]",None,0.0,OK,None,7,00024533,"[1, 1, 1, 1, 1, 1, 1, 1, 1]"
1869806,8462284S00,"[1111, 9]","[9, 0]",11:12:02,20260417,0.0,10823,"[12.4, 127.8, 128.1, 128.4, 128.4, 128.9, 127.3, 12.5, 793.7]",None,0.0,OK,None,7,00024533,"[1, 1, 1, 1, 1, 1, 1, 1, 1]"
1869805,8462284S00,"[1110, 9]","[8, 0]",11:11:52,20260417,0.0,10823,"[12.1, 127.6, 128.1, 128.4, 128.3, 128.6, 127.5, 13.0, 793.5]",None,0.0,OK,None,7,00024533,"[1, 1, 1, 1, 1, 1, 1, 1, 1]"
1869804,8462284S00,"[1109, 9]","[7, 0]",11:11:43,20260417,0.0,10823,"[12.0, 127.9, 127.8, 128.9, 128.6, 128.2, 127.6, 12.6, 793.5]",None,0.0,OK,None,7,00024533,"[1, 1, 1, 1, 1, 1, 1, 1, 1]"
1869803,8462284S00,"[1108, 9]","[6, 0]",11:11:30,20260417,0.0,10823,"[12.5, 127.6, 128.1, 128.6, 128.2, 128.6, 127.4, 12.5, 793.5]",None,0.0,OK,None,7,00024533,"[1, 1, 1, 1, 1, 1, 1, 1, 1]"
1869802,8462284S00,"[1107, 9]","[5, 0]",11:11:20,20260417,0.0,10823,"[12.1, 127.6, 128.6, 128.1, 128.4, 128.6, 127.4, 12.8, 793.5]",None,0.0,OK,None,7,00024533,"[1, 1, 1, 1, 1, 1, 1, 1, 1]"
1869801,8462284S00,"[1106, 9]","[4, 0]",11:11:08,20260417,0.0,10823,"[11.9, 128.2, 127.9, 128.6, 128.7, 128.6, 127.8, 12.7, 794.3]",None,0.0,OK,None,7,00024533,"[1, 1, 1, 1, 1, 1, 1, 1, 1]"
1869800,8462284S00,"[1105, 9]","[3, 0]",11:10:58,20260417,0.0,10823,MANUAL,MANUAL,0.0,MANUAL,MANUAL,MANUAL,Null,MANUAL
1869799,8462284S00,"[1104, 9]","[2, 0]",11:10:57,20260417,0.0,10823,MANUAL,MANUAL,0.0,MANUAL,MANUAL,MANUAL,Null,MANUAL
1869798,8462284S00,"[1103, 9]","[1, 0]",11:10:57,20260417,0.0,10823,MANUAL,MANUAL,0.0,MANUAL,MANUAL,MANUAL,Null,MANUAL
1869797,8462284S00,"[1102, 9]","[0, 0]",11:10:55,20260417,0.0,10823,COUNTERRESET,COUNTERRESET,0.0,COUNTERRESET,COUNTERRESET,COUNTERRESET,COUNTERRESET,COUNTERRESET
1869796,8462284S00,"[1102, 9]","[250, 3]",11:10:55,20260417,0.0,10823,MANUAL,MANUAL,0.0,MANUAL,MANUAL,MANUAL,Null,MANUAL
1869795,8462284S00,"[1103, 9]","[251, 3]",11:10:53,20260417,0.0,10823,MANUAL,MANUAL,0.0,MANUAL,MANUAL,MANUAL,Null,MANUAL
1869794,8462284S00,"[1104, 9]","[252, 3]",11:10:52,20260417,0.0,10823,MANUAL,MANUAL,0.0,MANUAL,MANUAL,MANUAL,Null,MANUAL
1869793,8462284S00,"[1105, 9]","[253, 3]",11:10:49,20260417,0.0,10823,"[12.3, 127.6, 128.2, 128.2, 128.2, 128.6, 127.9, 12.9, 793.9]",None,0.0,OK,None,7,00024533,"[1, 1, 1, 1, 1, 1, 1, 1, 1]"
1869792,8462284S00,"[1104, 9]","[252, 3]",11:10:39,20260417,0.0,10823,"[12.3, 127.8, 128.2, 128.4, 128.7, 128.4, 127.6, 13.0, 794.4]",None,0.0,OK,None,7,00024533,"[1, 1, 1, 1, 1, 1, 1, 1, 1]"
1869791,8462284S00,"[1103, 9]","[251, 3]",11:10:31,20260417,0.0,10823,"[12.3, 127.8, 128.2, 128.1, 129.0, 128.6, 127.8, 12.2, 793.9]",None,0.0,OK,None,7,00024533,"[1, 1, 1, 1, 1, 1, 1, 1, 1]"
1869790,82832W080PKENGEN,"[465, 0]","[40, 0]",11:09:52,20260417,0.0,None,"[27.8, 36.9, 37.9, 51.8, 61.4, 78.0, 98.4, 98.0, 86.8, 84.7, 13.7]",None,0.0,OK,None,,Null,"[1, 1, 1, 1, 1, 1, 1, 1, 1, 1, 1]"
1869789,82832W080PKENGEN,"[464, 0]","[39, 0]",11:09:31,20260417,0.0,None,"[27.8, 37.1, 38.0, 51.8, 61.0, 77.8, 98.1, 97.5, 86.9, 84.4, 13.8]",None,0.0,OK,None,,Null,"[1, 1, 1, 1, 1, 1, 1, 1, 1, 1, 1]"
1869788,82832W080PKENGEN,"[463, 0]","[38, 0]",11:09:07,20260417,0.0,None,"[28.1, 36.9, 38.4, 51.8, 61.2, 77.8, 98.0, 97.5, 86.8, 84.4, 13.6]",None,0.0,OK,None,,Null,"[1, 1, 1, 1, 1, 1, 1, 1, 1, 1, 1]"
1869787,82832W080PKENGEN,"[462, 0]","[37, 0]",11:08:44,20260417,0.0,None,"[27.8, 36.9, 38.2, 51.5, 60.7, 78.1, 97.8, 97.5, 86.9, 84.4, 13.8]",None,0.0,OK,None,,Null,"[1, 1, 1, 1, 1, 1, 1, 1, 1, 1, 1]"
1869786,82832W080PKENGEN,"[461, 0]","[36, 0]",11:08:23,20260417,0.0,None,"[28.0, 37.2, 38.5, 51.8, 60.6, 78.1, 98.4, 97.3, 86.9, 84.5, 13.3]",None,0.0,OK,None,,Null,"[1, 1, 1, 1, 1, 1, 1, 1, 1, 1, 1]"
1869785,808387UA0A,"[186, 7]","[100, 0]",11:08:10,20260417,0.0,10819,"[15.2, 121.8, 121.6, 80.2, 79.2, 123.6, 122.8, 14.4, 36.9, 40.3]",None,0.0,OK,,,None,"[1, 1, 1, 1, 1, 1, 1, 1, 1, 1]"
1869784,808387UA0A,"[186, 7]","[100, 0]",11:08:10,20260417,0.0,10819,"[15.6, 122.0, 121.0, 80.4, 80.0, 122.8, 123.2, 15.6, 37.4, 40.5]",None,0.0,OK,,,None,"[1, 1, 1, 1, 1, 1, 1, 1, 1, 1]"
1869783,808387UA0A,"[186, 7]","[100, 0]",11:08:10,20260417,0.0,10819,"[14.8, 122.4, 121.4, 80.4, 79.8, 122.8, 123.2, 15.2, 37.3, 40.5]",None,0.0,OK,,,None,"[1, 1, 1, 1, 1, 1, 1, 1, 1, 1]"
1869782,808387UA0A,"[186, 7]","[100, 0]",11:08:09,20260417,0.0,10819,"[15.0, 122.4, 121.2, 80.6, 79.6, 123.0, 123.4, 15.6, 37.4, 40.5]",None,0.0,OK,,,None,"[1, 1, 1, 1, 1, 1, 1, 1, 1, 1]"
1869781,808387UA0A,"[186, 7]","[100, 0]",11:08:09,20260417,0.0,10819,"[15.2, 122.4, 121.0, 80.4, 80.4, 122.6, 123.4, 15.0, 37.1, 40.9]",None,0.0,OK,,,None,"[1, 1, 1, 1, 1, 1, 1, 1, 1, 1]"
1869780,82832W080PKENGEN,"[460, 0]","[35, 0]",11:08:01,20260417,0.0,None,"[27.8, 36.9, 38.7, 51.5, 60.9, 77.8, 98.1, 97.8, 86.6, 84.4, 13.6]",None,0.0,OK,None,,Null,"[1, 1, 1, 1, 1, 1, 1, 1, 1, 1, 1]"
1869779,8462284S00,"[1102, 9]","[250, 3]",11:07:38,20260417,0.0,10823,"[12.6, 127.6, 128.3, 127.9, 128.9, 128.2, 127.8, 12.6, 793.9]",None,0.0,OK,None,7,00024533,"[1, 1, 1, 1, 1, 1, 1, 1, 1]"
1869778,8462284S00,"[1101, 9]","[249, 3]",11:07:28,20260417,0.0,10823,"[12.1, 127.8, 128.4, 128.7, 128.4, 128.7, 127.9, 12.7, 794.7]",None,0.0,OK,None,7,00024533,"[1, 1, 1, 1, 1, 1, 1, 1, 1]"
1869777,8462284S00,"[1100, 9]","[248, 3]",11:07:18,20260417,0.0,10823,"[12.2, 127.6, 128.2, 128.9, 128.7, 128.6, 127.8, 12.5, 794.5]",None,0.0,OK,None,7,00024533,"[1, 1, 1, 1, 1, 1, 1, 1, 1]"
1869776,82832W080PKENGEN,"[459, 0]","[34, 0]",11:07:14,20260417,0.0,None,"[28.3, 36.9, 38.0, 51.5, 61.0, 77.7, 98.1, 97.3, 86.8, 84.1, 13.3]",None,0.0,OK,None,,Null,"[1, 1, 1, 1, 1, 1, 1, 1, 1, 1, 1]"
1869775,8462284S00,"[1099, 9]","[247, 3]",11:07:08,20260417,0.0,10823,"[12.5, 127.9, 128.1, 127.8, 128.3, 128.4, 127.3, 12.7, 792.9]",None,0.0,OK,None,7,00024533,"[1, 1, 1, 1, 1, 1, 1, 1, 1]"
1869774,8462284S00,"[1098, 9]","[246, 3]",11:07:00,20260417,0.0,10823,"[12.5, 127.4, 128.2, 128.4, 128.7, 128.4, 127.8, 12.5, 793.9]",None,0.0,OK,None,7,00024533,"[1, 1, 1, 1, 1, 1, 1, 1, 1]"
1869773,8462284S00,"[1097, 9]","[245, 3]",11:06:52,20260417,0.0,10823,"[12.4, 128.3, 128.2, 128.1, 128.4, 128.2, 127.5, 12.9, 794.1]",None,0.0,OK,None,7,00024533,"[1, 1, 1, 1, 1, 1, 1, 1, 1]"
1869772,82832W080PKENGEN,"[458, 0]","[33, 0]",11:06:45,20260417,0.0,None,"[27.8, 36.8, 38.2, 51.3, 60.7, 77.8, 98.1, 97.3, 86.6, 84.5, 13.7]",None,0.0,OK,None,,Null,"[1, 1, 1, 1, 1, 1, 1, 1, 1, 1, 1]"
1869771,8462284S00,"[1096, 9]","[244, 3]",11:06:43,20260417,0.0,10823,"[12.1, 128.1, 128.2, 128.6, 128.7, 128.4, 127.4, 12.7, 794.2]",None,0.0,OK,None,7,00024533,"[1, 1, 1, 1, 1, 1, 1, 1, 1]"
1869770,8462284S00,"[1095, 9]","[243, 3]",11:06:35,20260417,0.0,10823,"[12.8, 127.0, 128.6, 128.4, 128.4, 128.2, 128.1, 12.1, 793.5]",None,0.0,OK,None,7,00024533,"[1, 1, 1, 1, 1, 1, 1, 1, 1]"
1869769,8462284S00,"[1094, 9]","[242, 3]",11:06:25,20260417,0.0,10823,"[12.3, 127.9, 127.9, 128.2, 128.7, 128.2, 127.6, 12.1, 793.0]",None,0.0,OK,None,7,00024533,"[1, 1, 1, 1, 1, 1, 1, 1, 1]"
1869768,82832W080PKENGEN,"[457, 0]","[32, 0]",11:06:21,20260417,0.0,None,"[28.0, 36.8, 38.4, 51.6, 60.7, 77.8, 98.0, 97.6, 86.8, 84.7, 13.6]",None,0.0,OK,None,,Null,"[1, 1, 1, 1, 1, 1, 1, 1, 1, 1, 1]"
1869767,8462284S00,"[1093, 9]","[241, 3]",11:06:08,20260417,0.0,10823,"[12.5, 127.9, 127.9, 128.1, 128.7, 128.6, 127.5, 12.6, 793.7]",None,0.0,OK,None,7,00024533,"[1, 1, 1, 1, 1, 1, 1, 1, 1]"
1869766,808397UA0A,"[184, 7]","[112, 3]",11:06:06,20260417,0.0,10819,"[15.6, 123.2, 121.8, 80.2, 80.8, 122.2, 123.2, 15.8, 37.7, 40.7]",None,0.0,OK,,,None,"[1, 1, 1, 1, 1, 1, 1, 1, 1, 1]"
1869765,808397UA0A,"[184, 7]","[112, 3]",11:06:06,20260417,0.0,10819,"[15.6, 123.2, 122.2, 80.2, 80.6, 122.2, 123.4, 15.6, 37.5, 40.3]",None,0.0,OK,,,None,"[1, 1, 1, 1, 1, 1, 1, 1, 1, 1]"
1869764,808397UA0A,"[184, 7]","[112, 3]",11:06:05,20260417,0.0,10819,"[15.4, 123.2, 121.8, 80.0, 80.6, 121.8, 123.6, 15.8, 36.5, 41.1]",None,0.0,OK,,,None,"[1, 1, 1, 1, 1, 1, 1, 1, 1, 1]"
1869763,808397UA0A,"[184, 7]","[112, 3]",11:06:05,20260417,0.0,10819,"[15.6, 123.2, 122.0, 79.8, 81.2, 122.0, 123.8, 15.4, 36.7, 41.5]",None,0.0,OK,,,None,"[1, 1, 1, 1, 1, 1, 1, 1, 1, 1]"
1869762,808397UA0A,"[184, 7]","[112, 3]",11:06:05,20260417,0.0,10819,"[16.2, 122.4, 121.8, 80.2, 80.8, 121.8, 123.2, 15.8, 36.7, 41.3]",None,0.0,OK,,,None,"[1, 1, 1, 1, 1, 1, 1, 1, 1, 1]"
1869761,82832W080PKENGEN,"[456, 0]","[31, 0]",11:06:00,20260417,0.0,None,"[28.1, 36.9, 38.4, 51.6, 61.2, 78.0, 98.1, 97.5, 86.6, 84.9, 13.5]",None,0.0,OK,None,,Null,"[1, 1, 1, 1, 1, 1, 1, 1, 1, 1, 1]"
1869760,8462284S00,"[1092, 9]","[240, 3]",11:05:31,20260417,0.0,10823,"[12.7, 127.9, 128.1, 128.2, 128.9, 128.6, 127.8, 12.5, 794.6]",None,0.0,OK,None,7,00024533,"[1, 1, 1, 1, 1, 1, 1, 1, 1]"
1869759,8462284S00,"[1091, 9]","[239, 3]",11:05:22,20260417,0.0,10823,"[12.6, 127.1, 128.6, 129.0, 126.8, 129.0, 127.6, 12.7, 793.4]",None,0.0,OK,None,7,00024533,"[1, 1, 1, 1, 1, 1, 1, 1, 1]"
1869758,8462284S00,"[1090, 9]","[238, 3]",11:05:13,20260417,0.0,10823,"[12.1, 127.8, 128.7, 127.9, 128.1, 128.4, 127.6, 13.2, 793.9]",None,0.0,OK,None,7,00024533,"[1, 1, 1, 1, 1, 1, 1, 1, 1]"
1869757,8462284S00,"[1089, 9]","[237, 3]",11:05:06,20260417,0.0,10823,"[12.3, 127.6, 128.8, 125.8, 129.2, 129.0, 127.3, 12.9, 793.0]",None,0.0,NG,CLIP PITCH NG,7,00024533,"[1, 1, 1, 0, 1, 1, 1, 1, 1]"
1869756,8462284S00,"[1089, 8]","[237, 2]",11:04:56,20260417,0.0,10823,"[12.3, 127.8, 128.2, 128.4, 128.2, 128.6, 127.4, 12.9, 793.8]",None,0.0,OK,None,7,00024533,"[1, 1, 1, 1, 1, 1, 1, 1, 1]"
1869755,82832W080PKENGEN,"[455, 0]","[30, 0]",11:04:55,20260417,0.0,None,"[28.0, 36.9, 37.9, 51.8, 61.2, 77.5, 98.1, 97.6, 86.5, 84.2, 13.6]",None,0.0,OK,None,,Null,"[1, 1, 1, 1, 1, 1, 1, 1, 1, 1, 1]"
1869754,8462284S00,"[1088, 8]","[236, 2]",11:04:47,20260417,0.0,10823,"[12.3, 128.3, 127.9, 128.6, 128.1, 128.6, 127.3, 12.8, 793.9]",None,0.0,OK,None,7,00024533,"[1, 1, 1, 1, 1, 1, 1, 1, 1]"
1869753,82832W080PKENGEN,"[454, 0]","[29, 0]",11:04:29,20260417,0.0,None,"[28.0, 36.9, 38.4, 51.5, 60.6, 77.7, 98.3, 97.5, 87.1, 84.2, 13.8]",None,0.0,OK,None,,Null,"[1, 1, 1, 1, 1, 1, 1, 1, 1, 1, 1]"
1869752,8462284S00,"[1087, 8]","[235, 2]",11:04:12,20260417,0.0,10823,"[12.9, 127.9, 128.2, 128.4, 128.6, 128.7, 127.9, 12.6, 795.2]",None,0.0,OK,None,7,00024533,"[1, 1, 1, 1, 1, 1, 1, 1, 1]"
1869751,658207UA0A,"[790, 0]","[290, 0]",11:04:12,20260417,0.0,10821,"[15.2, 74.3, 88.6, 116.8, 14.7, 309.7]","[1, 1, 1, 1]",0.0,OK,,,None,"[1, 1, 1, 1, 1, 1]"
1869750,658207UA0A,"[789, 0]","[289, 0]",11:04:07,20260417,0.0,10821,"[16.0, 74.3, 88.1, 117.4, 15.0, 310.9]","[1, 1, 1, 1]",0.0,OK,,,None,"[1, 1, 1, 1, 1, 1]"
1869749,658207UA0A,"[788, 0]","[288, 0]",11:04:03,20260417,0.0,10821,"[15.4, 74.8, 88.1, 117.5, 15.1, 311.0]","[1, 1, 1, 1]",0.0,OK,,,None,"[1, 1, 1, 1, 1, 1]"
1869748,8462284S00,"[1086, 8]","[234, 2]",11:04:01,20260417,0.0,10823,"[12.5, 127.8, 127.9, 128.1, 128.6, 128.4, 127.6, 13.1, 794.0]",None,0.0,OK,None,7,00024533,"[1, 1, 1, 1, 1, 1, 1, 1, 1]"
1869747,82832W080PKENGEN,"[453, 0]","[28, 0]",11:03:59,20260417,0.0,None,"[28.0, 37.1, 38.2, 51.6, 60.7, 78.1, 98.1, 97.6, 86.9, 84.5, 13.8]",None,0.0,OK,None,,Null,"[1, 1, 1, 1, 1, 1, 1, 1, 1, 1, 1]"
1869746,658207UA0A,"[787, 0]","[287, 0]",11:03:58,20260417,0.0,10821,"[15.7, 74.3, 88.6, 117.3, 15.1, 311.1]","[1, 1, 1, 1]",0.0,OK,,,None,"[1, 1, 1, 1, 1, 1]"
1869745,658207UA0A,"[786, 0]","[286, 0]",11:03:52,20260417,0.0,10821,"[15.7, 74.7, 87.8, 117.4, 15.4, 311.0]","[1, 1, 1, 1]",0.0,OK,,,None,"[1, 1, 1, 1, 1, 1]"
1869744,658207UA0A,"[785, 0]","[285, 0]",11:03:48,20260417,0.0,10821,"[15.7, 74.3, 88.4, 116.7, 15.5, 310.7]","[1, 1, 1, 1]",0.0,OK,,,None,"[1, 1, 1, 1, 1, 1]"
1869740,808387UA0A,"[181, 7]","[95, 0]",11:03:46,20260417,0.0,10819,"[14.8, 122.0, 121.4, 80.4, 80.8, 122.0, 123.4, 15.2, 38.0, 40.3]",None,0.0,OK,,,None,"[1, 1, 1, 1, 1, 1, 1, 1, 1, 1]"
1869738,808387UA0A,"[181, 7]","[95, 0]",11:03:46,20260417,0.0,10819,"[15.0, 122.4, 121.2, 80.8, 79.6, 123.4, 123.0, 14.8, 37.6, 40.9]",None,0.0,OK,,,None,"[1, 1, 1, 1, 1, 1, 1, 1, 1, 1]"
1869739,808387UA0A,"[181, 7]","[95, 0]",11:03:46,20260417,0.0,10819,"[14.6, 122.6, 121.8, 80.6, 79.4, 123.8, 123.2, 16.4, 38.1, 39.9]",None,0.0,OK,,,None,"[1, 1, 1, 1, 1, 1, 1, 1, 1, 1]"
1869741,808387UA0A,"[181, 7]","[95, 0]",11:03:46,20260417,0.0,10819,"[15.4, 122.0, 120.8, 80.4, 79.8, 122.8, 122.8, 15.2, 37.0, 40.5]",None,0.0,OK,,,None,"[1, 1, 1, 1, 1, 1, 1, 1, 1, 1]"
1869742,808387UA0A,"[181, 7]","[95, 0]",11:03:46,20260417,0.0,10819,"[15.2, 122.0, 121.4, 80.4, 79.4, 123.2, 122.8, 15.8, 36.7, 40.7]",None,0.0,OK,,,None,"[1, 1, 1, 1, 1, 1, 1, 1, 1, 1]"
1869743,8462284S00,"[1085, 8]","[233, 2]",11:03:46,20260417,0.0,10823,"[12.0, 127.8, 128.3, 128.4, 128.7, 128.7, 127.4, 12.5, 793.8]",None,0.0,OK,None,7,00024533,"[1, 1, 1, 1, 1, 1, 1, 1, 1]"
1869737,658207UA0A,"[784, 0]","[284, 0]",11:03:43,20260417,0.0,10821,"[15.7, 74.7, 88.0, 116.8, 15.0, 310.2]","[1, 1, 1, 1]",0.0,OK,,,None,"[1, 1, 1, 1, 1, 1]"
1869736,658207UA0A,"[783, 0]","[283, 0]",11:03:39,20260417,0.0,10821,"[16.1, 74.7, 88.0, 117.5, 15.0, 311.2]","[1, 1, 1, 1]",0.0,OK,,,None,"[1, 1, 1, 1, 1, 1]"
1869735,82832W080PKENGEN,"[452, 0]","[27, 0]",11:03:36,20260417,0.0,None,"[27.8, 37.1, 38.4, 51.6, 61.0, 78.1, 98.0, 97.8, 86.6, 84.9, 13.5]",None,0.0,OK,None,,Null,"[1, 1, 1, 1, 1, 1, 1, 1, 1, 1, 1]"
1869734,658207UA0A,"[782, 0]","[282, 0]",11:03:34,20260417,0.0,10821,"[15.8, 74.5, 88.3, 116.2, 14.5, 309.3]","[1, 1, 1, 1]",0.0,OK,,,None,"[1, 1, 1, 1, 1, 1]"
1869733,8462284S00,"[1084, 8]","[232, 2]",11:03:33,20260417,0.0,10823,"[12.1, 127.8, 128.2, 128.2, 128.6, 128.7, 127.3, 12.4, 793.3]",None,0.0,OK,None,7,00024533,"[1, 1, 1, 1, 1, 1, 1, 1, 1]"
1869732,658207UA0A,"[781, 0]","[281, 0]",11:03:30,20260417,0.0,10821,"[15.9, 74.7, 88.3, 117.6, 15.0, 311.4]","[1, 1, 1, 1]",0.0,OK,,,None,"[1, 1, 1, 1, 1, 1]"
1869731,8462284S00,"[1083, 8]","[231, 2]",11:03:18,20260417,0.0,10823,"[11.8, 127.4, 128.2, 127.9, 128.6, 128.7, 127.8, 12.7, 793.1]",None,0.0,OK,None,7,00024533,"[1, 1, 1, 1, 1, 1, 1, 1, 1]"
1869730,8462284S00,"[1082, 8]","[230, 2]",11:03:11,20260417,0.0,10823,"[0, 0, 0, 0, 0, 0, 0, 0, 0]",None,0.0,NG,NUMBER OF CLIP MISMATCH,7,00024533,"[0, 0, 0, 0, 0, 0, 0, 0, 0]"
1869729,82832W080PKENGEN,"[451, 0]","[26, 0]",11:02:56,20260417,0.0,None,"[28.0, 36.9, 38.4, 51.5, 61.0, 78.3, 97.8, 97.6, 86.6, 84.7, 13.8]",None,0.0,OK,None,,Null,"[1, 1, 1, 1, 1, 1, 1, 1, 1, 1, 1]"
1869728,8462284S00,"[1082, 7]","[230, 1]",11:02:38,20260417,0.0,10823,"[13.2, 127.4, 128.1, 128.6, 128.1, 128.6, 127.8, 12.5, 794.1]",None,0.0,OK,None,7,00024533,"[1, 1, 1, 1, 1, 1, 1, 1, 1]"
1869727,82832W080PKENGEN,"[450, 0]","[25, 0]",11:02:34,20260417,0.0,None,"[28.0, 36.9, 38.4, 51.5, 61.4, 77.8, 98.4, 98.1, 86.5, 84.9, 13.6]",None,0.0,OK,None,,Null,"[1, 1, 1, 1, 1, 1, 1, 1, 1, 1, 1]"
1869726,658207UA0A,"[780, 0]","[280, 0]",11:02:33,20260417,0.0,10821,"[15.9, 74.5, 87.8, 117.4, 14.5, 310.2]","[1, 1, 1, 1]",0.0,OK,,,None,"[1, 1, 1, 1, 1, 1]"
1869724,658207UA0A,"[779, 0]","[279, 0]",11:02:29,20260417,0.0,10821,"[15.7, 74.7, 88.4, 117.5, 14.8, 311.0]","[1, 1, 1, 1]",0.0,OK,,,None,"[1, 1, 1, 1, 1, 1]"
1869725,8462284S00,"[1081, 7]","[229, 1]",11:02:29,20260417,0.0,10823,"[12.1, 127.6, 128.2, 128.7, 128.6, 128.6, 127.4, 12.4, 793.5]",None,0.0,OK,None,7,00024533,"[1, 1, 1, 1, 1, 1, 1, 1, 1]"
1869723,658207UA0A,"[778, 0]","[278, 0]",11:02:24,20260417,0.0,10821,"[16.0, 74.3, 88.4, 117.1, 14.9, 310.8]","[1, 1, 1, 1]",0.0,OK,,,None,"[1, 1, 1, 1, 1, 1]"
1869722,658207UA0A,"[777, 0]","[277, 0]",11:02:19,20260417,0.0,10821,"[16.0, 74.8, 87.8, 116.8, 15.1, 310.6]","[1, 1, 1, 1]",0.0,OK,,,None,"[1, 1, 1, 1, 1, 1]"
1869721,8462284S00,"[1080, 7]","[228, 1]",11:02:16,20260417,0.0,10823,"[12.5, 127.5, 127.8, 128.1, 128.6, 128.4, 127.8, 12.3, 792.8]",None,0.0,OK,None,7,00024533,"[1, 1, 1, 1, 1, 1, 1, 1, 1]"
1869720,658207UA0A,"[776, 0]","[276, 0]",11:02:14,20260417,0.0,10821,"[15.8, 75.0, 88.0, 116.8, 15.4, 311.0]","[1, 1, 1, 1]",0.0,OK,,,None,"[1, 1, 1, 1, 1, 1]"
1869719,82832W080PKENGEN,"[449, 0]","[24, 0]",11:02:10,20260417,0.0,None,"[28.0, 36.8, 38.5, 51.5, 61.0, 77.8, 98.1, 97.8, 86.8, 84.9, 13.6]",None,0.0,OK,None,,Null,"[1, 1, 1, 1, 1, 1, 1, 1, 1, 1, 1]"
1869718,658207UA0A,"[775, 0]","[275, 0]",11:02:09,20260417,0.0,10821,"[16.0, 75.0, 87.8, 117.6, 15.1, 311.5]","[1, 1, 1, 1]",0.0,OK,,,None,"[1, 1, 1, 1, 1, 1]"
1869717,8462284S00,"[1079, 7]","[227, 1]",11:02:02,20260417,0.0,10823,"[12.7, 127.6, 128.4, 128.4, 128.6, 128.4, 127.9, 12.0, 794.0]",None,0.0,OK,None,7,00024533,"[1, 1, 1, 1, 1, 1, 1, 1, 1]"
1869716,658207UA0A,"[774, 0]","[274, 0]",11:02:02,20260417,0.0,10821,"[15.8, 74.7, 88.0, 117.4, 14.9, 310.8]","[1, 1, 1, 1]",0.0,OK,,,None,"[1, 1, 1, 1, 1, 1]"
1869715,658207UA0A,"[773, 0]","[273, 0]",11:01:56,20260417,0.0,10821,"[16.1, 75.1, 88.0, 117.1, 15.3, 311.7]","[1, 1, 1, 1]",0.0,OK,,,None,"[1, 1, 1, 1, 1, 1]"
1869713,658207UA0A,"[772, 0]","[272, 0]",11:01:50,20260417,0.0,10821,"[15.9, 74.5, 88.1, 117.5, 15.3, 311.3]","[1, 1, 1, 1]",0.0,OK,,,None,"[1, 1, 1, 1, 1, 1]"
1869714,8462284S00,"[1078, 7]","[226, 1]",11:01:49,20260417,0.0,10823,"[12.4, 127.8, 127.9, 128.6, 128.4, 128.4, 127.3, 12.6, 793.3]",None,0.0,OK,None,7,00024533,"[1, 1, 1, 1, 1, 1, 1, 1, 1]"
1869712,658207UA0A,"[771, 0]","[271, 0]",11:01:44,20260417,0.0,10821,"[15.9, 74.3, 88.4, 116.5, 15.4, 310.6]","[1, 1, 1, 1]",0.0,OK,,,None,"[1, 1, 1, 1, 1, 1]"
1869711,82832W080PKENGEN,"[448, 0]","[23, 0]",11:01:42,20260417,0.0,None,"[27.8, 36.8, 38.2, 51.6, 60.9, 78.0, 97.8, 98.0, 86.3, 85.0, 13.8]",None,0.0,OK,None,,Null,"[1, 1, 1, 1, 1, 1, 1, 1, 1, 1, 1]"
1869710,8462284S00,"[1077, 7]","[225, 1]",11:01:39,20260417,0.0,10823,"[12.1, 127.6, 128.4, 128.2, 128.1, 128.7, 127.6, 12.8, 793.6]",None,0.0,OK,None,7,00024533,"[1, 1, 1, 1, 1, 1, 1, 1, 1]"
1869709,658207UA0A,"[770, 0]","[270, 0]",11:01:39,20260417,0.0,10821,"[15.8, 74.5, 88.3, 117.1, 15.3, 311.0]","[1, 1, 1, 1]",0.0,OK,,,None,"[1, 1, 1, 1, 1, 1]"
1869708,658207UA0A,"[769, 0]","[269, 0]",11:01:34,20260417,0.0,10821,"[15.5, 74.5, 87.7, 117.9, 15.2, 310.8]","[1, 1, 1, 1]",0.0,OK,,,None,"[1, 1, 1, 1, 1, 1]"
1869707,658207UA0A,"[768, 0]","[268, 0]",11:01:30,20260417,0.0,10821,"[15.6, 74.3, 88.1, 117.6, 15.4, 311.0]","[1, 1, 1, 1]",0.0,OK,,,None,"[1, 1, 1, 1, 1, 1]"
1869706,658207UA0A,"[767, 0]","[267, 0]",11:01:24,20260417,0.0,10821,"[16.1, 74.8, 88.3, 117.1, 14.6, 310.9]","[1, 1, 1, 1]",0.0,OK,,,None,"[1, 1, 1, 1, 1, 1]"
1869705,8462284S00,"[1076, 7]","[224, 1]",11:01:18,20260417,0.0,10823,"[12.2, 128.1, 127.9, 128.7, 128.2, 128.2, 127.6, 12.7, 793.7]",None,0.0,OK,None,7,00024533,"[1, 1, 1, 1, 1, 1, 1, 1, 1]"
1869704,658207UA0A,"[766, 0]","[266, 0]",11:01:18,20260417,0.0,10821,"[16.0, 74.7, 88.3, 117.3, 14.9, 311.1]","[1, 1, 1, 1]",0.0,OK,,,None,"[1, 1, 1, 1, 1, 1]"
1869703,808397UA0A,"[179, 7]","[107, 3]",11:01:18,20260417,0.0,10819,"[15.6, 123.2, 122.2, 80.2, 81.4, 122.2, 123.6, 15.8, 37.3, 40.3]",None,0.0,OK,,,None,"[1, 1, 1, 1, 1, 1, 1, 1, 1, 1]"
1869699,808397UA0A,"[179, 7]","[107, 3]",11:01:17,20260417,0.0,10819,"[15.8, 122.4, 122.0, 80.2, 80.6, 122.0, 123.6, 15.6, 36.8, 41.1]",None,0.0,OK,,,None,"[1, 1, 1, 1, 1, 1, 1, 1, 1, 1]"
1869700,808397UA0A,"[179, 7]","[107, 3]",11:01:17,20260417,0.0,10819,"[15.2, 123.2, 122.2, 79.8, 80.8, 122.0, 123.2, 15.8, 37.7, 41.3]",None,0.0,OK,,,None,"[1, 1, 1, 1, 1, 1, 1, 1, 1, 1]"
1869701,808397UA0A,"[179, 7]","[107, 3]",11:01:17,20260417,0.0,10819,"[16.0, 123.2, 121.8, 80.2, 80.8, 121.8, 123.4, 15.8, 36.1, 40.7]",None,0.0,OK,,,None,"[1, 1, 1, 1, 1, 1, 1, 1, 1, 1]"
1869702,808397UA0A,"[179, 7]","[107, 3]",11:01:17,20260417,0.0,10819,"[15.4, 123.2, 122.2, 81.0, 80.6, 122.2, 123.6, 15.6, 37.6, 40.1]",None,0.0,OK,,,None,"[1, 1, 1, 1, 1, 1, 1, 1, 1, 1]"
1869698,658207UA0A,"[765, 0]","[265, 0]",11:01:14,20260417,0.0,10821,"[15.9, 75.0, 88.1, 117.3, 15.0, 311.3]","[1, 1, 1, 1]",0.0,OK,,,None,"[1, 1, 1, 1, 1, 1]"
1869697,82832W080PKENGEN,"[447, 0]","[22, 0]",11:01:10,20260417,0.0,None,"[27.8, 36.8, 38.4, 51.9, 60.9, 77.7, 98.0, 98.0, 86.5, 84.2, 13.6]",None,0.0,OK,None,,Null,"[1, 1, 1, 1, 1, 1, 1, 1, 1, 1, 1]"
1869696,658207UA0A,"[764, 0]","[264, 0]",11:01:09,20260417,0.0,10821,"[15.5, 74.5, 87.8, 117.6, 14.9, 310.3]","[1, 1, 1, 1]",0.0,OK,,,None,"[1, 1, 1, 1, 1, 1]"
1869695,8462284S00,"[1075, 7]","[223, 1]",11:01:07,20260417,0.0,10823,"[12.2, 127.9, 128.1, 128.7, 128.4, 128.4, 127.8, 12.5, 794.0]",None,0.0,OK,None,7,00024533,"[1, 1, 1, 1, 1, 1, 1, 1, 1]"
1869694,658207UA0A,"[763, 0]","[263, 0]",11:01:05,20260417,0.0,10821,"[15.7, 75.0, 87.8, 118.1, 15.2, 311.7]","[1, 1, 1, 1]",0.0,OK,,,None,"[1, 1, 1, 1, 1, 1]"
1869693,8462284S00,"[1074, 7]","[222, 1]",11:00:59,20260417,0.0,10823,"[12.4, 127.8, 128.1, 128.4, 128.6, 128.6, 127.8, 12.9, 794.4]",None,0.0,OK,None,7,00024533,"[1, 1, 1, 1, 1, 1, 1, 1, 1]"
1869692,658207UA0A,"[762, 0]","[262, 0]",11:00:59,20260417,0.0,10821,"[15.5, 74.7, 88.0, 117.1, 14.8, 310.1]","[1, 1, 1, 1]",0.0,OK,,,None,"[1, 1, 1, 1, 1, 1]"
1869691,658207UA0A,"[761, 0]","[261, 0]",11:00:51,20260417,0.0,10821,"[16.2, 74.8, 88.0, 117.6, 15.1, 311.7]","[1, 1, 1, 1]",0.0,OK,,,None,"[1, 1, 1, 1, 1, 1]"
1869690,8462284S00,"[1073, 7]","[221, 1]",11:00:48,20260417,0.0,10823,"[12.6, 127.6, 128.2, 128.6, 128.7, 128.6, 127.6, 12.5, 794.3]",None,0.0,OK,None,7,00024533,"[1, 1, 1, 1, 1, 1, 1, 1, 1]"
1869689,82832W080PKENGEN,"[446, 0]","[21, 0]",11:00:42,20260417,0.0,None,"[27.8, 36.8, 38.4, 51.6, 61.2, 78.3, 98.0, 98.0, 87.3, 84.2, 13.8]",None,0.0,OK,None,,Null,"[1, 1, 1, 1, 1, 1, 1, 1, 1, 1, 1]"
1869688,8462284S00,"[1072, 7]","[220, 1]",11:00:14,20260417,0.0,10823,"[12.4, 127.8, 128.4, 128.4, 128.6, 128.6, 127.4, 12.7, 794.3]",None,0.0,OK,None,7,00024533,"[1, 1, 1, 1, 1, 1, 1, 1, 1]"
1869687,8462284S00,"[1071, 7]","[219, 1]",11:00:05,20260417,0.0,10823,"[12.2, 127.9, 128.2, 128.4, 128.6, 128.4, 127.6, 12.5, 793.8]",None,0.0,OK,None,7,00024533,"[1, 1, 1, 1, 1, 1, 1, 1, 1]"
1869686,8462284S00,"[1070, 7]","[218, 1]",10:59:33,20260417,0.0,10823,"[12.1, 128.1, 127.9, 128.6, 128.9, 128.1, 127.6, 12.8, 794.0]",None,0.0,OK,None,7,00024533,"[1, 1, 1, 1, 1, 1, 1, 1, 1]"
1869685,8462284S00,"[1069, 7]","[217, 1]",10:59:21,20260417,0.0,10823,"[12.6, 127.9, 127.9, 128.4, 128.9, 128.7, 127.6, 12.6, 794.6]",None,0.0,OK,None,7,00024533,"[1, 1, 1, 1, 1, 1, 1, 1, 1]"
1869684,8462284S00,"[1068, 7]","[216, 1]",10:59:09,20260417,0.0,10823,"[11.9, 127.8, 128.4, 128.4, 128.2, 128.9, 127.6, 12.4, 793.6]",None,0.0,OK,None,7,00024533,"[1, 1, 1, 1, 1, 1, 1, 1, 1]"
1869682,808387UA0A,"[176, 7]","[90, 0]",10:59:04,20260417,0.0,10819,"[15.0, 122.2, 120.8, 80.6, 79.4, 123.4, 123.4, 15.4, 36.4, 40.7]",None,0.0,OK,,,None,"[1, 1, 1, 1, 1, 1, 1, 1, 1, 1]"
1869679,808387UA0A,"[176, 7]","[90, 0]",10:59:04,20260417,0.0,10819,"[14.8, 122.2, 121.2, 80.4, 81.0, 122.0, 123.4, 15.4, 37.7, 40.7]",None,0.0,OK,,,None,"[1, 1, 1, 1, 1, 1, 1, 1, 1, 1]"
1869680,808387UA0A,"[176, 7]","[90, 0]",10:59:04,20260417,0.0,10819,"[14.8, 122.6, 120.6, 80.4, 80.0, 122.6, 122.8, 15.8, 37.9, 40.5]",None,0.0,OK,,,None,"[1, 1, 1, 1, 1, 1, 1, 1, 1, 1]"
1869681,808387UA0A,"[176, 7]","[90, 0]",10:59:04,20260417,0.0,10819,"[15.4, 121.8, 120.8, 80.6, 80.0, 122.6, 122.8, 15.0, 37.4, 40.5]",None,0.0,OK,,,None,"[1, 1, 1, 1, 1, 1, 1, 1, 1, 1]"
1869683,808387UA0A,"[176, 7]","[90, 0]",10:59:04,20260417,0.0,10819,"[15.2, 122.0, 121.6, 80.0, 79.6, 123.2, 123.0, 15.6, 36.3, 40.5]",None,0.0,OK,,,None,"[1, 1, 1, 1, 1, 1, 1, 1, 1, 1]"
1869678,8462284S00,"[1067, 7]","[215, 1]",10:58:45,20260417,0.0,10823,"[12.2, 127.8, 128.2, 128.2, 128.6, 128.6, 127.6, 12.8, 793.9]",None,0.0,OK,None,7,00024533,"[1, 1, 1, 1, 1, 1, 1, 1, 1]"
1869677,8462284S00,"[1066, 7]","[214, 1]",10:58:35,20260417,0.0,10823,"[12.2, 127.9, 128.4, 128.4, 128.7, 128.9, 127.4, 12.4, 794.4]",None,0.0,OK,None,7,00024533,"[1, 1, 1, 1, 1, 1, 1, 1, 1]"
1869676,8462284S00,"[1065, 7]","[213, 1]",10:58:25,20260417,0.0,10823,"[12.1, 127.9, 127.8, 128.4, 128.7, 128.4, 127.6, 12.6, 793.5]",None,0.0,OK,None,7,00024533,"[1, 1, 1, 1, 1, 1, 1, 1, 1]"
1869675,8462284S00,"[1064, 7]","[212, 1]",10:58:14,20260417,0.0,10823,"[12.2, 127.6, 128.4, 128.6, 128.7, 128.6, 127.4, 12.3, 793.7]",None,0.0,OK,None,7,00024533,"[1, 1, 1, 1, 1, 1, 1, 1, 1]"
1869674,82832W080PKENGEN,"[445, 0]","[20, 0]",10:57:42,20260417,0.0,None,"[28.3, 36.8, 38.4, 51.8, 61.2, 77.8, 98.4, 97.8, 86.5, 85.0, 13.6]",None,0.0,OK,None,,Null,"[1, 1, 1, 1, 1, 1, 1, 1, 1, 1, 1]"
1869673,8462284S00,"[1063, 7]","[211, 1]",10:57:38,20260417,0.0,10823,"[12.5, 127.3, 128.2, 128.7, 128.1, 128.4, 127.5, 13.0, 793.6]",None,0.0,OK,None,7,00024533,"[1, 1, 1, 1, 1, 1, 1, 1, 1]"
1869672,8462284S00,"[1062, 7]","[210, 1]",10:57:26,20260417,0.0,10823,"[11.9, 127.8, 128.2, 128.2, 128.7, 128.6, 127.6, 12.2, 793.2]",None,0.0,OK,None,7,00024533,"[1, 1, 1, 1, 1, 1, 1, 1, 1]"
1869671,658207UA0A,"[760, 0]","[260, 0]",10:57:20,20260417,0.0,10821,MANUAL,MANUAL,0.0,MANUAL,MANUAL,,Null,MANUAL
1869670,82832W080PKENGEN,"[444, 0]","[19, 0]",10:57:19,20260417,0.0,None,"[28.0, 36.9, 38.4, 51.6, 60.9, 77.8, 97.8, 97.8, 86.6, 84.5, 13.6]",None,0.0,OK,None,,Null,"[1, 1, 1, 1, 1, 1, 1, 1, 1, 1, 1]"
1869668,658207UA0A,"[760, 1]","[260, 1]",10:57:18,20260417,0.0,10821,"[15.8, 74.5, 88.1, 117.4, 15.1, 311.0]","[1, 1, 1, 1]",0.0,OK,,,None,"[1, 1, 1, 1, 1, 1]"
1869669,8462284S00,"[1061, 7]","[209, 1]",10:57:16,20260417,0.0,10823,"[12.1, 127.4, 128.3, 128.6, 128.7, 128.6, 127.6, 12.4, 793.6]",None,0.0,OK,None,7,00024533,"[1, 1, 1, 1, 1, 1, 1, 1, 1]"
1869667,658207UA0A,"[759, 1]","[259, 1]",10:57:13,20260417,0.0,10821,"[15.7, 74.8, 88.0, 117.4, 15.1, 311.0]","[1, 1, 1, 1]",0.0,OK,,,None,"[1, 1, 1, 1, 1, 1]"
1869666,658207UA0A,"[758, 1]","[258, 1]",10:57:10,20260417,0.0,10821,"[0, 0, 0, 0, 0, 0]",[],0.0,NG,PART IS NOT FOUND,,None,"[0, 0, 0, 0, 0, 0]"
1869665,8462284S00,"[1060, 7]","[208, 1]",10:57:05,20260417,0.0,10823,"[12.3, 127.9, 128.1, 128.2, 128.4, 128.9, 127.6, 12.7, 794.1]",None,0.0,OK,None,7,00024533,"[1, 1, 1, 1, 1, 1, 1, 1, 1]"
1869664,658207UA0A,"[758, 0]","[258, 0]",10:57:05,20260417,0.0,10821,"[16.0, 74.8, 88.3, 117.3, 14.9, 311.2]","[1, 1, 1, 1]",0.0,OK,,,None,"[1, 1, 1, 1, 1, 1]"
1869663,658207UA0A,"[757, 0]","[257, 0]",10:57:01,20260417,0.0,10821,"[15.8, 74.2, 88.1, 116.8, 15.6, 310.6]","[1, 1, 1, 1]",0.0,OK,,,None,"[1, 1, 1, 1, 1, 1]"
1869662,658207UA0A,"[756, 0]","[256, 0]",10:56:57,20260417,0.0,10821,"[15.8, 74.2, 88.4, 117.1, 14.5, 310.0]","[1, 1, 1, 1]",0.0,OK,,,None,"[1, 1, 1, 1, 1, 1]"
1869661,8462284S00,"[1059, 7]","[207, 1]",10:56:55,20260417,0.0,10823,"[12.7, 127.6, 127.9, 128.4, 128.7, 128.4, 127.9, 12.6, 794.1]",None,0.0,OK,None,7,00024533,"[1, 1, 1, 1, 1, 1, 1, 1, 1]"
1869660,658207UA0A,"[755, 0]","[255, 0]",10:56:51,20260417,0.0,10821,"[14.6, 74.7, 87.5, 117.1, 15.7, 309.5]","[1, 1, 1, 1]",0.0,OK,,,None,"[1, 1, 1, 1, 1, 1]"
1869659,82832W080PKENGEN,"[443, 0]","[18, 0]",10:56:48,20260417,0.0,None,"[27.8, 36.9, 38.5, 51.5, 60.9, 78.0, 98.0, 97.8, 86.8, 84.5, 13.7]",None,0.0,OK,None,,Null,"[1, 1, 1, 1, 1, 1, 1, 1, 1, 1, 1]"
1869658,658207UA0A,"[754, 0]","[254, 0]",10:56:48,20260417,0.0,10821,"[15.0, 74.7, 88.1, 117.3, 15.4, 310.5]","[1, 1, 1, 1]",0.0,OK,,,None,"[1, 1, 1, 1, 1, 1]"
1869657,8462284S00,"[1058, 7]","[206, 1]",10:56:45,20260417,0.0,10823,"[12.9, 127.8, 128.4, 128.4, 128.2, 128.6, 127.8, 12.6, 794.7]",None,0.0,OK,None,7,00024533,"[1, 1, 1, 1, 1, 1, 1, 1, 1]"
1869656,658207UA0A,"[753, 0]","[253, 0]",10:56:43,20260417,0.0,10821,"[15.8, 74.3, 88.3, 117.4, 14.6, 310.4]","[1, 1, 1, 1]",0.0,OK,,,None,"[1, 1, 1, 1, 1, 1]"
1869655,658207UA0A,"[752, 0]","[252, 0]",10:56:39,20260417,0.0,10821,"[16.0, 74.0, 88.6, 117.3, 14.6, 310.6]","[1, 1, 1, 1]",0.0,OK,,,None,"[1, 1, 1, 1, 1, 1]"
1869654,8462284S00,"[1057, 7]","[205, 1]",10:56:34,20260417,0.0,10823,"[12.4, 127.8, 128.1, 128.6, 128.3, 128.6, 127.8, 12.9, 794.3]",None,0.0,OK,None,7,00024533,"[1, 1, 1, 1, 1, 1, 1, 1, 1]"
1869653,658207UA0A,"[751, 0]","[251, 0]",10:56:34,20260417,0.0,10821,"[15.8, 75.1, 87.7, 117.3, 14.9, 310.8]","[1, 1, 1, 1]",0.0,OK,,,None,"[1, 1, 1, 1, 1, 1]"
1869652,658207UA0A,"[750, 0]","[250, 0]",10:56:29,20260417,0.0,10821,"[14.9, 74.7, 88.0, 117.1, 15.3, 310.0]","[1, 1, 1, 1]",0.0,OK,,,None,"[1, 1, 1, 1, 1, 1]"
1869651,8462284S00,"[1056, 7]","[204, 1]",10:56:25,20260417,0.0,10823,"[12.4, 127.4, 128.1, 129.4, 128.2, 128.7, 127.4, 12.7, 794.4]",None,0.0,OK,None,7,00024533,"[1, 1, 1, 1, 1, 1, 1, 1, 1]"
1869650,658207UA0A,"[749, 0]","[249, 0]",10:56:22,20260417,0.0,10821,"[16.1, 74.5, 88.0, 117.9, 15.1, 311.5]","[1, 1, 1, 1]",0.0,OK,,,None,"[1, 1, 1, 1, 1, 1]"
1869648,658207UA0A,"[748, 0]","[248, 0]",10:56:17,20260417,0.0,10821,"[16.2, 74.7, 88.3, 117.5, 15.0, 311.6]","[1, 1, 1, 1]",0.0,OK,,,None,"[1, 1, 1, 1, 1, 1]"
1869649,82832W080PKENGEN,"[442, 0]","[17, 0]",10:56:16,20260417,0.0,None,"[27.8, 36.9, 38.4, 51.5, 60.9, 77.8, 98.0, 97.5, 86.9, 84.2, 13.8]",None,0.0,OK,None,,Null,"[1, 1, 1, 1, 1, 1, 1, 1, 1, 1, 1]"
1869647,808397UA0A,"[174, 7]","[102, 3]",10:56:13,20260417,0.0,10819,"[16.0, 123.2, 121.0, 81.0, 80.8, 122.0, 123.6, 15.8, 37.6, 39.9]",None,0.0,OK,,,None,"[1, 1, 1, 1, 1, 1, 1, 1, 1, 1]"
1869646,808397UA0A,"[174, 7]","[102, 3]",10:56:13,20260417,0.0,10819,"[15.8, 123.0, 121.6, 80.2, 80.4, 122.4, 123.6, 16.0, 37.7, 40.3]",None,0.0,OK,,,None,"[1, 1, 1, 1, 1, 1, 1, 1, 1, 1]"
1869645,808397UA0A,"[174, 7]","[102, 3]",10:56:13,20260417,0.0,10819,"[15.6, 123.2, 121.6, 80.4, 80.6, 122.2, 123.4, 15.8, 36.7, 40.7]",None,0.0,OK,,,None,"[1, 1, 1, 1, 1, 1, 1, 1, 1, 1]"
1869644,808397UA0A,"[174, 7]","[102, 3]",10:56:13,20260417,0.0,10819,"[15.6, 123.2, 122.6, 79.8, 80.4, 122.0, 123.2, 16.0, 36.7, 41.5]",None,0.0,OK,,,None,"[1, 1, 1, 1, 1, 1, 1, 1, 1, 1]"
1869643,808397UA0A,"[174, 7]","[102, 3]",10:56:13,20260417,0.0,10819,"[16.2, 122.8, 121.6, 80.2, 80.6, 121.8, 123.0, 15.8, 37.0, 41.1]",None,0.0,OK,,,None,"[1, 1, 1, 1, 1, 1, 1, 1, 1, 1]"
1869642,8462284S00,"[1055, 7]","[203, 1]",10:56:10,20260417,0.0,10823,"[12.2, 127.8, 128.4, 128.6, 128.1, 128.4, 127.4, 12.7, 793.6]",None,0.0,OK,None,7,00024533,"[1, 1, 1, 1, 1, 1, 1, 1, 1]"
1869641,658207UA0A,"[747, 0]","[247, 0]",10:56:10,20260417,0.0,10821,"[15.9, 74.7, 88.0, 117.6, 15.0, 311.1]","[1, 1, 1, 1]",0.0,OK,,,None,"[1, 1, 1, 1, 1, 1]"
1869640,658207UA0A,"[746, 0]","[246, 0]",10:55:59,20260417,0.0,10821,"[15.6, 74.5, 88.1, 117.0, 14.6, 309.8]","[1, 1, 1, 1]",0.0,OK,,,None,"[1, 1, 1, 1, 1, 1]"
1869639,8462284S00,"[1054, 7]","[202, 1]",10:55:58,20260417,0.0,10823,"[12.4, 128.3, 127.8, 128.6, 128.7, 128.7, 127.9, 12.5, 794.9]",None,0.0,OK,None,7,00024533,"[1, 1, 1, 1, 1, 1, 1, 1, 1]"
1869638,658207UA0A,"[745, 0]","[245, 0]",10:55:54,20260417,0.0,10821,"[15.7, 74.8, 88.1, 117.3, 14.6, 310.5]","[1, 1, 1, 1]",0.0,OK,,,None,"[1, 1, 1, 1, 1, 1]"
1869637,82832W080PKENGEN,"[441, 0]","[16, 0]",10:55:52,20260417,0.0,None,"[28.1, 36.9, 38.2, 51.5, 60.9, 77.7, 98.0, 97.8, 86.1, 84.4, 13.6]",None,0.0,OK,None,,Null,"[1, 1, 1, 1, 1, 1, 1, 1, 1, 1, 1]"
1869636,8462284S00,"[1053, 7]","[201, 1]",10:55:48,20260417,0.0,10823,"[12.3, 127.8, 128.4, 128.4, 128.1, 128.7, 127.6, 12.2, 793.5]",None,0.0,OK,None,7,00024533,"[1, 1, 1, 1, 1, 1, 1, 1, 1]"
1869635,658207UA0A,"[744, 0]","[244, 0]",10:55:48,20260417,0.0,10821,"[15.7, 74.3, 88.1, 117.5, 14.8, 310.4]","[1, 1, 1, 1]",0.0,OK,,,None,"[1, 1, 1, 1, 1, 1]"
1869634,658207UA0A,"[743, 0]","[243, 0]",10:55:42,20260417,0.0,10821,"[15.8, 74.5, 88.3, 117.6, 14.8, 311.0]","[1, 1, 1, 1]",0.0,OK,,,None,"[1, 1, 1, 1, 1, 1]"
1869633,658207UA0A,"[742, 0]","[242, 0]",10:55:38,20260417,0.0,10821,"[15.5, 74.5, 88.1, 117.3, 15.4, 310.8]","[1, 1, 1, 1]",0.0,OK,,,None,"[1, 1, 1, 1, 1, 1]"
1869632,658207UA0A,"[741, 0]","[241, 0]",10:55:33,20260417,0.0,10821,"[16.1, 74.5, 88.0, 117.1, 15.0, 310.6]","[1, 1, 1, 1]",0.0,OK,,,None,"[1, 1, 1, 1, 1, 1]"
1869631,82832W080PKENGEN,"[440, 0]","[15, 0]",10:54:44,20260417,0.0,None,"[27.8, 37.2, 38.4, 51.6, 61.2, 78.1, 98.0, 97.5, 87.1, 84.4, 13.8]",None,0.0,OK,None,,Null,"[1, 1, 1, 1, 1, 1, 1, 1, 1, 1, 1]"
1869630,8462284S00,"[1052, 7]","[200, 1]",10:54:25,20260417,0.0,10823,"[12.6, 127.8, 128.2, 128.7, 128.2, 128.9, 127.8, 12.6, 794.9]",None,0.0,OK,None,7,00024533,"[1, 1, 1, 1, 1, 1, 1, 1, 1]"
1869629,82832W080PKENGEN,"[439, 0]","[14, 0]",10:54:19,20260417,0.0,None,"[28.3, 36.9, 38.4, 51.5, 61.0, 78.0, 98.3, 98.0, 86.8, 84.9, 13.7]",None,0.0,OK,None,,Null,"[1, 1, 1, 1, 1, 1, 1, 1, 1, 1, 1]"
1869628,8462284S00,"[1051, 7]","[199, 1]",10:54:14,20260417,0.0,10823,"[12.2, 127.4, 128.1, 128.6, 128.1, 128.4, 127.3, 12.7, 792.7]",None,0.0,OK,None,7,00024533,"[1, 1, 1, 1, 1, 1, 1, 1, 1]"
1869627,658207UA0A,"[740, 0]","[240, 0]",10:54:07,20260417,0.0,10821,"[15.5, 74.3, 88.0, 117.0, 15.4, 310.1]","[1, 1, 1, 1]",0.0,OK,,,None,"[1, 1, 1, 1, 1, 1]"
1869626,8462284S00,"[1050, 7]","[198, 1]",10:54:05,20260417,0.0,10823,"[12.3, 127.6, 128.2, 128.7, 128.3, 128.4, 127.8, 12.7, 794.0]",None,0.0,OK,None,7,00024533,"[1, 1, 1, 1, 1, 1, 1, 1, 1]"
1869625,658207UA0A,"[739, 0]","[239, 0]",10:54:03,20260417,0.0,10821,"[15.9, 74.8, 88.0, 117.6, 15.2, 311.5]","[1, 1, 1, 1]",0.0,OK,,,None,"[1, 1, 1, 1, 1, 1]"
1869624,658207UA0A,"[738, 0]","[238, 0]",10:53:58,20260417,0.0,10821,"[16.3, 74.8, 88.1, 117.5, 14.9, 311.5]","[1, 1, 1, 1]",0.0,OK,,,None,"[1, 1, 1, 1, 1, 1]"
1869623,82832W080PKENGEN,"[438, 0]","[13, 0]",10:53:55,20260417,0.0,None,"[27.8, 36.9, 38.4, 51.6, 60.9, 77.5, 98.0, 97.6, 86.3, 84.4, 13.5]",None,0.0,OK,None,,Null,"[1, 1, 1, 1, 1, 1, 1, 1, 1, 1, 1]"
1869622,8462284S00,"[1049, 7]","[197, 1]",10:53:55,20260417,0.0,10823,"[11.7, 128.4, 128.2, 128.4, 128.2, 128.7, 127.4, 12.7, 793.8]",None,0.0,OK,None,7,00024533,"[1, 1, 1, 1, 1, 1, 1, 1, 1]"
1869621,658207UA0A,"[737, 0]","[237, 0]",10:53:53,20260417,0.0,10821,"[15.6, 74.5, 87.3, 117.9, 15.3, 310.7]","[1, 1, 1, 1]",0.0,OK,,,None,"[1, 1, 1, 1, 1, 1]"
1869619,658207UA0A,"[736, 0]","[236, 0]",10:53:48,20260417,0.0,10821,"[15.8, 74.5, 88.1, 117.3, 15.6, 311.3]","[1, 1, 1, 1]",0.0,OK,,,None,"[1, 1, 1, 1, 1, 1]"
1869620,8462284S00,"[1048, 7]","[196, 1]",10:53:44,20260417,0.0,10823,"[12.4, 127.6, 128.1, 128.7, 128.6, 128.6, 127.6, 12.9, 794.4]",None,0.0,OK,None,7,00024533,"[1, 1, 1, 1, 1, 1, 1, 1, 1]"
1869618,658207UA0A,"[735, 0]","[235, 0]",10:53:43,20260417,0.0,10821,"[15.7, 74.3, 88.3, 117.5, 14.8, 310.5]","[1, 1, 1, 1]",0.0,OK,,,None,"[1, 1, 1, 1, 1, 1]"
1869617,658207UA0A,"[734, 0]","[234, 0]",10:53:38,20260417,0.0,10821,"[16.2, 74.3, 88.4, 117.3, 15.1, 311.3]","[1, 1, 1, 1]",0.0,OK,,,None,"[1, 1, 1, 1, 1, 1]"
1869616,8462284S00,"[1047, 7]","[195, 1]",10:53:34,20260417,0.0,10823,"[12.1, 127.8, 127.9, 128.1, 128.3, 128.2, 127.8, 12.5, 792.6]",None,0.0,OK,None,7,00024533,"[1, 1, 1, 1, 1, 1, 1, 1, 1]"
1869615,658207UA0A,"[733, 0]","[233, 0]",10:53:33,20260417,0.0,10821,"[15.8, 75.1, 88.0, 117.1, 15.2, 311.2]","[1, 1, 1, 1]",0.0,OK,,,None,"[1, 1, 1, 1, 1, 1]"
1869614,658207UA0A,"[732, 0]","[232, 0]",10:53:28,20260417,0.0,10821,"[15.6, 74.8, 88.1, 117.3, 15.5, 311.3]","[1, 1, 1, 1]",0.0,OK,,,None,"[1, 1, 1, 1, 1, 1]"
1869613,8462284S00,"[1046, 7]","[194, 1]",10:53:23,20260417,0.0,10823,"[12.7, 127.6, 128.1, 127.9, 128.7, 128.2, 127.7, 12.7, 793.7]",None,0.0,OK,None,7,00024533,"[1, 1, 1, 1, 1, 1, 1, 1, 1]"
1869611,658207UA0A,"[731, 0]","[231, 0]",10:53:23,20260417,0.0,10821,"[16.1, 74.7, 88.0, 117.1, 15.1, 311.0]","[1, 1, 1, 1]",0.0,OK,,,None,"[1, 1, 1, 1, 1, 1]"
1869612,82832W080PKENGEN,"[437, 0]","[12, 0]",10:53:22,20260417,0.0,None,"[28.3, 36.9, 38.2, 51.6, 60.9, 78.0, 98.1, 98.0, 86.6, 84.7, 13.7]",None,0.0,OK,None,,Null,"[1, 1, 1, 1, 1, 1, 1, 1, 1, 1, 1]"
1869610,658207UA0A,"[730, 0]","[230, 0]",10:53:17,20260417,0.0,10821,"[16.0, 74.3, 88.1, 117.4, 15.1, 311.0]","[1, 1, 1, 1]",0.0,OK,,,None,"[1, 1, 1, 1, 1, 1]"
1869609,658207UA0A,"[729, 0]","[229, 0]",10:53:12,20260417,0.0,10821,"[16.0, 74.5, 88.1, 117.0, 15.4, 311.0]","[1, 1, 1, 1]",0.0,OK,,,None,"[1, 1, 1, 1, 1, 1]"
1869608,808387UA0A,"[171, 7]","[85, 0]",10:53:09,20260417,0.0,10819,"[15.0, 122.2, 121.0, 80.0, 79.6, 122.8, 123.2, 16.2, 37.0, 40.5]",None,0.0,OK,,,None,"[1, 1, 1, 1, 1, 1, 1, 1, 1, 1]"
1869607,808387UA0A,"[171, 7]","[85, 0]",10:53:09,20260417,0.0,10819,"[15.4, 122.2, 120.6, 80.2, 79.8, 123.2, 123.0, 16.2, 37.2, 40.1]",None,0.0,OK,,,None,"[1, 1, 1, 1, 1, 1, 1, 1, 1, 1]"
1869606,808387UA0A,"[171, 7]","[85, 0]",10:53:08,20260417,0.0,10819,"[15.0, 122.2, 120.6, 80.8, 80.8, 121.8, 123.0, 15.2, 37.8, 40.7]",None,0.0,OK,,,None,"[1, 1, 1, 1, 1, 1, 1, 1, 1, 1]"
1869603,808387UA0A,"[171, 7]","[85, 0]",10:53:08,20260417,0.0,10819,"[15.4, 122.0, 121.2, 80.4, 79.4, 123.8, 123.0, 15.4, 37.1, 40.5]",None,0.0,OK,,,None,"[1, 1, 1, 1, 1, 1, 1, 1, 1, 1]"
1869605,808387UA0A,"[171, 7]","[85, 0]",10:53:08,20260417,0.0,10819,"[15.0, 122.4, 121.0, 80.6, 79.4, 123.4, 123.4, 15.2, 37.3, 40.3]",None,0.0,OK,,,None,"[1, 1, 1, 1, 1, 1, 1, 1, 1, 1]"
1869604,658207UA0A,"[728, 0]","[228, 0]",10:53:07,20260417,0.0,10821,"[15.4, 74.7, 88.1, 117.1, 15.2, 310.6]","[1, 1, 1, 1]",0.0,OK,,,None,"[1, 1, 1, 1, 1, 1]"
1869602,658207UA0A,"[727, 0]","[227, 0]",10:53:02,20260417,0.0,10821,"[15.6, 74.7, 88.1, 117.0, 15.6, 311.0]","[1, 1, 1, 1]",0.0,OK,,,None,"[1, 1, 1, 1, 1, 1]"
1869601,658207UA0A,"[726, 0]","[226, 0]",10:52:57,20260417,0.0,10821,"[15.6, 75.0, 88.0, 117.3, 15.1, 310.9]","[1, 1, 1, 1]",0.0,OK,,,None,"[1, 1, 1, 1, 1, 1]"
1869600,82832W080PKENGEN,"[436, 0]","[11, 0]",10:52:53,20260417,0.0,None,"[27.8, 36.9, 37.9, 51.6, 60.7, 78.3, 97.6, 97.6, 86.5, 84.5, 13.6]",None,0.0,OK,None,,Null,"[1, 1, 1, 1, 1, 1, 1, 1, 1, 1, 1]"
1869599,658207UA0A,"[725, 0]","[225, 0]",10:52:52,20260417,0.0,10821,"[16.1, 74.5, 88.4, 117.3, 15.0, 311.3]","[1, 1, 1, 1]",0.0,OK,,,None,"[1, 1, 1, 1, 1, 1]"
1869598,658207UA0A,"[724, 0]","[224, 0]",10:52:47,20260417,0.0,10821,"[15.9, 74.7, 88.3, 116.8, 15.3, 310.9]","[1, 1, 1, 1]",0.0,OK,,,None,"[1, 1, 1, 1, 1, 1]"
1869597,658207UA0A,"[723, 0]","[223, 0]",10:52:43,20260417,0.0,10821,"[15.5, 74.8, 87.8, 117.6, 15.0, 310.8]","[1, 1, 1, 1]",0.0,OK,,,None,"[1, 1, 1, 1, 1, 1]"
1869596,658207UA0A,"[722, 0]","[222, 0]",10:52:38,20260417,0.0,10821,"[15.6, 74.8, 88.0, 117.9, 14.8, 311.2]","[1, 1, 1, 1]",0.0,OK,,,None,"[1, 1, 1, 1, 1, 1]"
1869595,658207UA0A,"[721, 0]","[221, 0]",10:52:33,20260417,0.0,10821,"[15.7, 74.7, 88.1, 117.6, 15.4, 311.5]","[1, 1, 1, 1]",0.0,OK,,,None,"[1, 1, 1, 1, 1, 1]"
1869594,8462284S00,"[1045, 7]","[193, 1]",10:52:19,20260417,0.0,10823,"[12.2, 127.9, 127.8, 128.2, 128.6, 128.2, 127.6, 12.5, 793.1]",None,0.0,OK,None,7,00024533,"[1, 1, 1, 1, 1, 1, 1, 1, 1]"
1869593,82832W080PKENGEN,"[435, 0]","[10, 0]",10:52:12,20260417,0.0,None,"[27.6, 36.9, 38.2, 51.6, 61.0, 78.0, 97.8, 97.8, 86.8, 85.0, 13.4]",None,0.0,OK,None,,Null,"[1, 1, 1, 1, 1, 1, 1, 1, 1, 1, 1]"
1869592,8462284S00,"[1044, 7]","[192, 1]",10:52:08,20260417,0.0,10823,"[12.5, 127.8, 128.2, 128.6, 127.6, 128.6, 127.8, 12.9, 793.9]",None,0.0,OK,None,7,00024533,"[1, 1, 1, 1, 1, 1, 1, 1, 1]"
1869591,8462284S00,"[1043, 7]","[191, 1]",10:51:54,20260417,0.0,10823,"[12.1, 127.8, 128.6, 128.4, 128.4, 128.2, 127.8, 12.2, 793.4]",None,0.0,OK,None,7,00024533,"[1, 1, 1, 1, 1, 1, 1, 1, 1]"
1869590,82832W080PKENGEN,"[434, 0]","[9, 0]",10:51:52,20260417,0.0,None,"[28.3, 36.9, 38.0, 51.8, 61.1, 77.8, 98.3, 97.6, 86.6, 85.0, 13.3]",None,0.0,OK,None,,Null,"[1, 1, 1, 1, 1, 1, 1, 1, 1, 1, 1]"
1869589,82832W080PKENGEN,"[433, 0]","[8, 0]",10:51:22,20260417,0.0,None,"[28.0, 36.8, 38.2, 51.6, 61.2, 78.1, 98.0, 97.5, 86.8, 85.2, 13.6]",None,0.0,OK,None,,Null,"[1, 1, 1, 1, 1, 1, 1, 1, 1, 1, 1]"
1869588,8462284S00,"[1042, 7]","[190, 1]",10:51:08,20260417,0.0,10823,"[11.2, 127.9, 128.4, 128.7, 127.3, 128.4, 127.4, 12.5, 791.9]",None,0.0,OK,None,7,00024533,"[1, 1, 1, 1, 1, 1, 1, 1, 1]"
1869587,658207UA0A,"[720, 0]","[220, 0]",10:51:00,20260417,0.0,10821,"[15.8, 74.7, 88.3, 117.3, 15.1, 311.1]","[1, 1, 1, 1]",0.0,OK,,,None,"[1, 1, 1, 1, 1, 1]"
1869586,82832W080PKENGEN,"[432, 0]","[7, 0]",10:50:55,20260417,0.0,None,"[28.1, 37.1, 38.2, 51.6, 61.2, 78.1, 98.0, 97.8, 86.3, 84.7, 13.8]",None,0.0,OK,None,,Null,"[1, 1, 1, 1, 1, 1, 1, 1, 1, 1, 1]"
1869585,658207UA0A,"[719, 0]","[219, 0]",10:50:53,20260417,0.0,10821,"[16.0, 74.8, 88.1, 117.3, 15.1, 311.3]","[1, 1, 1, 1]",0.0,OK,,,None,"[1, 1, 1, 1, 1, 1]"
1869584,8462284S00,"[1041, 7]","[189, 1]",10:50:48,20260417,0.0,10823,"[12.6, 127.6, 127.8, 128.3, 128.6, 128.4, 127.6, 12.7, 793.4]",None,0.0,OK,None,7,00024533,"[1, 1, 1, 1, 1, 1, 1, 1, 1]"
1869583,658207UA0A,"[718, 0]","[218, 0]",10:50:48,20260417,0.0,10821,"[16.2, 74.3, 88.4, 117.1, 15.4, 311.4]","[1, 1, 1, 1]",0.0,OK,,,None,"[1, 1, 1, 1, 1, 1]"
1869582,658207UA0A,"[717, 0]","[217, 0]",10:50:42,20260417,0.0,10821,"[15.6, 75.1, 88.0, 117.4, 14.9, 311.0]","[1, 1, 1, 1]",0.0,OK,,,None,"[1, 1, 1, 1, 1, 1]"
1869580,658207UA0A,"[716, 0]","[216, 0]",10:50:36,20260417,0.0,10821,"[15.8, 74.8, 88.0, 117.6, 15.0, 311.2]","[1, 1, 1, 1]",0.0,OK,,,None,"[1, 1, 1, 1, 1, 1]"
1869581,8462284S00,"[1040, 7]","[188, 1]",10:50:36,20260417,0.0,10823,"[12.4, 128.1, 127.8, 128.6, 128.6, 128.2, 127.8, 12.0, 793.3]",None,0.0,OK,None,7,00024533,"[1, 1, 1, 1, 1, 1, 1, 1, 1]"
1869579,658207UA0A,"[715, 0]","[215, 0]",10:50:31,20260417,0.0,10821,"[15.7, 75.0, 88.1, 117.5, 14.9, 311.1]","[1, 1, 1, 1]",0.0,OK,,,None,"[1, 1, 1, 1, 1, 1]"
1869578,82832W080PKENGEN,"[431, 0]","[6, 0]",10:50:27,20260417,0.0,None,"[27.8, 36.9, 38.0, 51.8, 60.9, 77.8, 98.1, 97.6, 86.3, 84.6, 13.8]",None,0.0,OK,None,,Null,"[1, 1, 1, 1, 1, 1, 1, 1, 1, 1, 1]"
1869577,658207UA0A,"[714, 0]","[214, 0]",10:50:26,20260417,0.0,10821,"[15.8, 74.7, 88.0, 117.1, 15.4, 311.0]","[1, 1, 1, 1]",0.0,OK,,,None,"[1, 1, 1, 1, 1, 1]"
1869570,808397UA0A,"[169, 7]","[97, 3]",10:50:22,20260417,0.0,10819,"[15.4, 123.2, 122.2, 79.8, 80.8, 122.2, 123.0, 15.4, 36.8, 41.1]",None,0.0,OK,,,None,"[1, 1, 1, 1, 1, 1, 1, 1, 1, 1]"
1869575,808397UA0A,"[169, 7]","[97, 3]",10:50:22,20260417,0.0,10819,"[15.2, 123.8, 121.8, 80.2, 80.8, 121.8, 123.2, 16.0, 36.3, 40.7]",None,0.0,OK,,,None,"[1, 1, 1, 1, 1, 1, 1, 1, 1, 1]"
1869574,808397UA0A,"[169, 7]","[97, 3]",10:50:22,20260417,0.0,10819,"[15.6, 123.2, 121.8, 80.4, 81.0, 123.0, 123.2, 16.0, 37.0, 40.9]",None,0.0,OK,,,None,"[1, 1, 1, 1, 1, 1, 1, 1, 1, 1]"
1869573,808397UA0A,"[169, 7]","[97, 3]",10:50:22,20260417,0.0,10819,"[15.2, 123.6, 122.0, 81.0, 81.6, 122.2, 123.4, 17.2, 36.3, 41.3]",None,0.0,OK,,,None,"[1, 1, 1, 1, 1, 1, 1, 1, 1, 1]"
1869571,808397UA0A,"[169, 7]","[97, 3]",10:50:22,20260417,0.0,10819,"[14.8, 124.0, 122.6, 80.2, 80.8, 122.2, 123.2, 15.8, 36.7, 41.3]",None,0.0,OK,,,None,"[1, 1, 1, 1, 1, 1, 1, 1, 1, 1]"
1869572,658207UA0A,"[713, 0]","[213, 0]",10:50:21,20260417,0.0,10821,"[15.8, 74.5, 88.4, 117.3, 14.8, 310.9]","[1, 1, 1, 1]",0.0,OK,,,None,"[1, 1, 1, 1, 1, 1]"
1869576,8462284S00,"[1039, 7]","[187, 1]",10:50:21,20260417,0.0,10823,"[12.4, 127.9, 128.4, 128.4, 128.2, 128.6, 127.4, 12.4, 793.7]",None,0.0,OK,None,7,00024533,"[1, 1, 1, 1, 1, 1, 1, 1, 1]"
1869569,658207UA0A,"[712, 0]","[212, 0]",10:50:15,20260417,0.0,10821,"[15.5, 74.2, 88.0, 117.1, 15.9, 310.8]","[1, 1, 1, 1]",0.0,OK,,,None,"[1, 1, 1, 1, 1, 1]"
1869567,658207UA0A,"[711, 0]","[211, 0]",10:50:11,20260417,0.0,10821,"[15.8, 74.8, 87.8, 117.3, 15.1, 310.8]","[1, 1, 1, 1]",0.0,OK,,,None,"[1, 1, 1, 1, 1, 1]"
1869568,8462284S00,"[1038, 7]","[186, 1]",10:50:10,20260417,0.0,10823,"[12.4, 127.9, 128.2, 128.6, 128.2, 128.7, 127.6, 12.7, 794.4]",None,0.0,OK,None,7,00024533,"[1, 1, 1, 1, 1, 1, 1, 1, 1]"
1869566,658207UA0A,"[710, 0]","[210, 0]",10:50:01,20260417,0.0,10821,"[16.0, 74.5, 88.1, 117.0, 14.8, 310.4]","[1, 1, 1, 1]",0.0,OK,,,None,"[1, 1, 1, 1, 1, 1]"
1869565,8462284S00,"[1037, 7]","[185, 1]",10:50:00,20260417,0.0,10823,"[12.3, 128.1, 129.2, 128.6, 128.7, 128.6, 127.4, 12.4, 795.2]",None,0.0,OK,None,7,00024533,"[1, 1, 1, 1, 1, 1, 1, 1, 1]"
1869564,82832W080PKENGEN,"[430, 0]","[5, 0]",10:50:00,20260417,0.0,None,"[28.0, 37.1, 38.4, 51.6, 61.0, 77.8, 98.3, 97.8, 86.6, 84.9, 13.5]",None,0.0,OK,None,,Null,"[1, 1, 1, 1, 1, 1, 1, 1, 1, 1, 1]"
1869563,658207UA0A,"[709, 0]","[209, 0]",10:49:55,20260417,0.0,10821,"[15.7, 74.5, 88.0, 117.0, 15.4, 310.6]","[1, 1, 1, 1]",0.0,OK,,,None,"[1, 1, 1, 1, 1, 1]"
1869562,658207UA0A,"[708, 0]","[208, 0]",10:49:50,20260417,0.0,10821,"[16.1, 75.0, 88.0, 117.4, 15.3, 311.7]","[1, 1, 1, 1]",0.0,OK,,,None,"[1, 1, 1, 1, 1, 1]"
1869561,658207UA0A,"[707, 0]","[207, 0]",10:49:45,20260417,0.0,10821,"[15.4, 75.0, 88.0, 116.8, 15.5, 310.7]","[1, 1, 1, 1]",0.0,OK,,,None,"[1, 1, 1, 1, 1, 1]"
1869560,8462284S00,"[1036, 7]","[184, 1]",10:49:42,20260417,0.0,10823,"[12.0, 127.1, 128.3, 127.9, 128.6, 128.4, 127.3, 12.4, 791.9]",None,0.0,OK,None,7,00024533,"[1, 1, 1, 1, 1, 1, 1, 1, 1]"
1869559,658207UA0A,"[706, 0]","[206, 0]",10:49:40,20260417,0.0,10821,"[15.8, 74.5, 88.1, 117.0, 14.9, 310.3]","[1, 1, 1, 1]",0.0,OK,,,None,"[1, 1, 1, 1, 1, 1]"
1869558,658207UA0A,"[705, 0]","[205, 0]",10:49:35,20260417,0.0,10821,MANUAL,MANUAL,0.0,MANUAL,MANUAL,,Null,MANUAL
1869557,658207UA0A,"[705, 1]","[205, 1]",10:49:31,20260417,0.0,10821,"[15.8, 74.0, 88.4, 117.0, 14.7, 309.9]","[1, 1, 1, 1]",0.0,OK,,,None,"[1, 1, 1, 1, 1, 1]"
1869556,8462284S00,"[1035, 7]","[183, 1]",10:49:30,20260417,0.0,10823,"[12.8, 127.8, 128.4, 128.7, 128.4, 128.2, 127.6, 12.7, 794.6]",None,0.0,OK,None,7,00024533,"[1, 1, 1, 1, 1, 1, 1, 1, 1]"
1869555,82832W080PKENGEN,"[429, 0]","[4, 0]",10:49:30,20260417,0.0,None,"[28.1, 36.8, 38.4, 51.8, 60.9, 78.0, 98.0, 98.0, 86.6, 84.5, 13.6]",None,0.0,OK,None,,Null,"[1, 1, 1, 1, 1, 1, 1, 1, 1, 1, 1]"
1869554,658207UA0A,"[704, 1]","[204, 1]",10:49:25,20260417,0.0,10821,"[15.8, 74.7, 88.6, 117.3, 14.8, 311.2]","[1, 1, 1, 1]",0.0,OK,,,None,"[1, 1, 1, 1, 1, 1]"
1869552,658207UA0A,"[703, 1]","[203, 1]",10:49:22,20260417,0.0,10821,"[0, 0, 0, 0, 0, 0]","[0, 0, 0, 0]",0.0,NG,HOLE NOT FACING RIGHT DIRECTION,,None,"[0, 0, 0, 0, 0, 0]"
1869553,8462284S00,"[1034, 7]","[182, 1]",10:49:21,20260417,0.0,10823,"[12.2, 127.8, 127.9, 128.2, 128.7, 128.6, 127.6, 12.9, 793.8]",None,0.0,OK,None,7,00024533,"[1, 1, 1, 1, 1, 1, 1, 1, 1]"
1869551,658207UA0A,"[703, 0]","[203, 0]",10:49:17,20260417,0.0,10821,"[16.1, 75.0, 88.0, 117.3, 15.1, 311.4]","[1, 1, 1, 1]",0.0,OK,,,None,"[1, 1, 1, 1, 1, 1]"
1869550,8462284S00,"[1033, 7]","[181, 1]",10:49:11,20260417,0.0,10823,"[12.8, 127.6, 128.1, 128.3, 128.6, 128.1, 127.1, 12.8, 793.2]",None,0.0,OK,None,7,00024533,"[1, 1, 1, 1, 1, 1, 1, 1, 1]"
1869549,658207UA0A,"[702, 0]","[202, 0]",10:49:11,20260417,0.0,10821,"[15.6, 74.3, 88.3, 117.1, 14.9, 310.3]","[1, 1, 1, 1]",0.0,OK,,,None,"[1, 1, 1, 1, 1, 1]"
1869548,82832W080PKENGEN,"[428, 0]","[3, 0]",10:49:07,20260417,0.0,None,"[27.8, 36.9, 38.4, 51.9, 61.2, 77.7, 98.0, 98.0, 86.6, 84.9, 13.8]",None,0.0,OK,None,,Null,"[1, 1, 1, 1, 1, 1, 1, 1, 1, 1, 1]"
1869547,658207UA0A,"[701, 0]","[201, 0]",10:49:06,20260417,0.0,10821,"[15.8, 75.0, 88.1, 117.3, 15.5, 311.7]","[1, 1, 1, 1]",0.0,OK,,,None,"[1, 1, 1, 1, 1, 1]"
1869546,82832W080PKENGEN,"[427, 0]","[2, 0]",10:48:41,20260417,0.0,None,"[27.8, 36.9, 38.2, 51.6, 61.0, 78.1, 98.1, 98.0, 86.3, 84.9, 13.6]",None,0.0,OK,None,,Null,"[1, 1, 1, 1, 1, 1, 1, 1, 1, 1, 1]"
1869545,8462284S00,"[1032, 7]","[180, 1]",10:48:15,20260417,0.0,10823,"[12.0, 127.6, 128.6, 128.4, 128.4, 128.6, 127.6, 12.4, 793.5]",None,0.0,OK,None,7,00024533,"[1, 1, 1, 1, 1, 1, 1, 1, 1]"
1869544,82832W080PKENGEN,"[426, 0]","[1, 0]",10:48:15,20260417,0.0,None,"[28.1, 36.8, 37.9, 51.3, 61.1, 78.3, 98.0, 97.6, 86.6, 84.7, 13.5]",None,0.0,OK,None,,Null,"[1, 1, 1, 1, 1, 1, 1, 1, 1, 1, 1]"
1869543,8462284S00,"[1031, 7]","[179, 1]",10:48:01,20260417,0.0,10823,"[12.5, 127.9, 127.9, 128.2, 128.4, 128.9, 127.1, 12.3, 793.3]",None,0.0,OK,None,7,00024533,"[1, 1, 1, 1, 1, 1, 1, 1, 1]"
1869542,8462284S00,"[1030, 7]","[178, 1]",10:47:51,20260417,0.0,10823,"[12.3, 127.6, 128.1, 128.2, 128.6, 128.6, 127.4, 12.9, 793.7]",None,0.0,OK,None,7,00024533,"[1, 1, 1, 1, 1, 1, 1, 1, 1]"
1869541,8462284S00,"[1029, 7]","[177, 1]",10:47:41,20260417,0.0,10823,"[12.4, 127.8, 128.1, 128.2, 129.0, 128.6, 127.4, 12.4, 793.9]",None,0.0,OK,None,7,00024533,"[1, 1, 1, 1, 1, 1, 1, 1, 1]"
1869539,808387UA0A,"[166, 7]","[80, 0]",10:47:32,20260417,0.0,10819,"[15.2, 122.0, 121.0, 80.3, 80.4, 123.0, 123.0, 15.2, 37.5, 40.3]",None,0.0,OK,,,None,"[1, 1, 1, 1, 1, 1, 1, 1, 1, 1]"
1869540,808387UA0A,"[166, 7]","[80, 0]",10:47:32,20260417,0.0,10819,"[15.2, 121.8, 121.6, 80.0, 79.6, 123.0, 123.2, 15.8, 38.0, 40.5]",None,0.0,OK,,,None,"[1, 1, 1, 1, 1, 1, 1, 1, 1, 1]"
1869538,808387UA0A,"[166, 7]","[80, 0]",10:47:31,20260417,0.0,10819,"[15.0, 122.2, 120.8, 80.7, 81.2, 121.4, 122.8, 14.8, 37.8, 40.1]",None,0.0,OK,,,None,"[1, 1, 1, 1, 1, 1, 1, 1, 1, 1]"
1869537,808387UA0A,"[166, 7]","[80, 0]",10:47:31,20260417,0.0,10819,"[14.8, 122.2, 121.0, 80.4, 79.6, 123.2, 123.2, 15.4, 37.3, 40.7]",None,0.0,OK,,,None,"[1, 1, 1, 1, 1, 1, 1, 1, 1, 1]"
1869536,808387UA0A,"[166, 7]","[80, 0]",10:47:31,20260417,0.0,10819,"[14.6, 122.6, 121.2, 80.6, 79.8, 123.4, 123.2, 14.8, 37.7, 40.7]",None,0.0,OK,,,None,"[1, 1, 1, 1, 1, 1, 1, 1, 1, 1]"
1869535,8462284S00,"[1028, 7]","[176, 1]",10:47:29,20260417,0.0,10823,"[12.5, 127.9, 127.9, 128.9, 128.4, 129.0, 127.6, 12.7, 794.9]",None,0.0,OK,None,7,00024533,"[1, 1, 1, 1, 1, 1, 1, 1, 1]"
1869534,658207UA0A,"[700, 0]","[200, 0]",10:47:13,20260417,0.0,10821,"[16.0, 74.8, 88.1, 117.6, 15.0, 311.5]","[1, 1, 1, 1]",0.0,OK,,,None,"[1, 1, 1, 1, 1, 1]"
1869533,8462284S00,"[1027, 7]","[175, 1]",10:47:07,20260417,0.0,10823,"[12.3, 127.8, 128.2, 128.2, 128.7, 128.2, 127.4, 12.7, 793.6]",None,0.0,OK,None,7,00024533,"[1, 1, 1, 1, 1, 1, 1, 1, 1]"
1869532,658207UA0A,"[699, 0]","[199, 0]",10:47:03,20260417,0.0,10821,"[15.5, 73.9, 88.1, 117.0, 15.9, 310.4]","[1, 1, 1, 1]",0.0,OK,,,None,"[1, 1, 1, 1, 1, 1]"
1869531,658207UA0A,"[698, 0]","[198, 0]",10:46:57,20260417,0.0,10821,"[15.8, 74.7, 88.0, 117.8, 14.6, 310.8]","[1, 1, 1, 1]",0.0,OK,,,None,"[1, 1, 1, 1, 1, 1]"
1869530,8462284S00,"[1026, 7]","[174, 1]",10:46:55,20260417,0.0,10823,"[12.2, 127.8, 127.8, 128.6, 128.6, 128.6, 127.8, 12.9, 794.1]",None,0.0,OK,None,7,00024533,"[1, 1, 1, 1, 1, 1, 1, 1, 1]"
1869529,658207UA0A,"[697, 0]","[197, 0]",10:46:51,20260417,0.0,10821,"[16.0, 74.7, 88.4, 117.0, 15.2, 311.3]","[1, 1, 1, 1]",0.0,OK,,,None,"[1, 1, 1, 1, 1, 1]"
1869528,8462284S00,"[1025, 7]","[173, 1]",10:46:47,20260417,0.0,10823,"[12.2, 127.9, 128.4, 127.3, 128.6, 128.3, 127.8, 12.5, 792.8]",None,0.0,OK,None,7,00024533,"[1, 1, 1, 1, 1, 1, 1, 1, 1]"
1869527,658207UA0A,"[696, 0]","[196, 0]",10:46:46,20260417,0.0,10821,"[16.0, 75.1, 87.8, 117.1, 15.3, 311.3]","[1, 1, 1, 1]",0.0,OK,,,None,"[1, 1, 1, 1, 1, 1]"
1869526,658207UA0A,"[695, 0]","[195, 0]",10:46:40,20260417,0.0,10821,"[15.4, 74.7, 88.3, 117.1, 15.2, 310.7]","[1, 1, 1, 1]",0.0,OK,,,None,"[1, 1, 1, 1, 1, 1]"
1869525,8462284S00,"[1024, 7]","[172, 1]",10:46:36,20260417,0.0,10823,"[12.5, 127.6, 128.1, 128.2, 128.6, 128.7, 127.6, 12.3, 793.5]",None,0.0,OK,None,7,00024533,"[1, 1, 1, 1, 1, 1, 1, 1, 1]"
1869524,658207UA0A,"[694, 0]","[194, 0]",10:46:34,20260417,0.0,10821,"[15.9, 74.8, 88.0, 117.8, 14.9, 311.4]","[1, 1, 1, 1]",0.0,OK,,,None,"[1, 1, 1, 1, 1, 1]"
1869523,658207UA0A,"[693, 0]","[193, 0]",10:46:27,20260417,0.0,10821,"[16.0, 75.0, 88.0, 117.3, 15.0, 311.2]","[1, 1, 1, 1]",0.0,OK,,,None,"[1, 1, 1, 1, 1, 1]"
1869522,8462284S00,"[1023, 7]","[171, 1]",10:46:24,20260417,0.0,10823,"[12.2, 127.8, 128.4, 128.1, 128.6, 128.4, 127.4, 12.3, 793.2]",None,0.0,OK,None,7,00024533,"[1, 1, 1, 1, 1, 1, 1, 1, 1]"
1869521,658207UA0A,"[692, 0]","[192, 0]",10:46:22,20260417,0.0,10821,"[15.9, 74.8, 88.0, 117.9, 15.4, 312.0]","[1, 1, 1, 1]",0.0,OK,,,None,"[1, 1, 1, 1, 1, 1]"
1869520,658207UA0A,"[691, 0]","[191, 0]",10:46:17,20260417,0.0,10821,"[16.0, 74.8, 87.8, 117.3, 15.5, 311.4]","[1, 1, 1, 1]",0.0,OK,,,None,"[1, 1, 1, 1, 1, 1]"
1869519,658207UA0A,"[690, 0]","[190, 0]",10:46:11,20260417,0.0,10821,"[16.0, 75.1, 88.0, 117.6, 15.1, 311.8]","[1, 1, 1, 1]",0.0,OK,,,None,"[1, 1, 1, 1, 1, 1]"
1869518,658207UA0A,"[689, 0]","[189, 0]",10:46:05,20260417,0.0,10821,"[15.9, 75.0, 88.0, 117.1, 14.9, 310.9]","[1, 1, 1, 1]",0.0,OK,,,None,"[1, 1, 1, 1, 1, 1]"
1869517,658207UA0A,"[688, 0]","[188, 0]",10:45:59,20260417,0.0,10821,"[15.4, 75.0, 88.0, 117.0, 15.3, 310.6]","[1, 1, 1, 1]",0.0,OK,,,None,"[1, 1, 1, 1, 1, 1]"
1869516,658207UA0A,"[687, 0]","[187, 0]",10:45:53,20260417,0.0,10821,"[15.6, 74.8, 87.8, 117.3, 15.2, 310.7]","[1, 1, 1, 1]",0.0,OK,,,None,"[1, 1, 1, 1, 1, 1]"
1869515,8462284S00,"[1022, 7]","[170, 1]",10:45:46,20260417,0.0,10823,"[12.4, 127.8, 128.4, 128.6, 128.4, 128.6, 127.6, 12.5, 794.2]",None,0.0,OK,None,7,00024533,"[1, 1, 1, 1, 1, 1, 1, 1, 1]"
1869514,658207UA0A,"[686, 0]","[186, 0]",10:45:43,20260417,0.0,10821,"[15.3, 75.3, 88.0, 117.6, 15.0, 311.2]","[1, 1, 1, 1]",0.0,OK,,,None,"[1, 1, 1, 1, 1, 1]"
1869513,658207UA0A,"[685, 0]","[185, 0]",10:45:36,20260417,0.0,10821,"[15.4, 75.0, 88.3, 117.3, 14.9, 310.9]","[1, 1, 1, 1]",0.0,OK,,,None,"[1, 1, 1, 1, 1, 1]"
1869512,8462284S00,"[1021, 7]","[169, 1]",10:45:35,20260417,0.0,10823,"[12.9, 127.4, 127.9, 128.1, 128.1, 128.6, 127.6, 12.3, 792.9]",None,0.0,OK,None,7,00024533,"[1, 1, 1, 1, 1, 1, 1, 1, 1]"
1869511,658207UA0A,"[684, 0]","[184, 0]",10:45:31,20260417,0.0,10821,"[15.4, 74.7, 88.1, 117.4, 15.4, 311.0]","[1, 1, 1, 1]",0.0,OK,,,None,"[1, 1, 1, 1, 1, 1]"
1869510,658207UA0A,"[683, 0]","[183, 0]",10:45:25,20260417,0.0,10821,"[15.6, 75.0, 88.0, 117.3, 15.2, 311.1]","[1, 1, 1, 1]",0.0,OK,,,None,"[1, 1, 1, 1, 1, 1]"
1869509,8462284S00,"[1020, 7]","[168, 1]",10:45:23,20260417,0.0,10823,"[12.2, 127.6, 128.1, 128.6, 128.7, 128.4, 127.6, 12.6, 793.7]",None,0.0,OK,None,7,00024533,"[1, 1, 1, 1, 1, 1, 1, 1, 1]"
1869508,658207UA0A,"[682, 0]","[182, 0]",10:45:20,20260417,0.0,10821,"[16.2, 74.7, 88.1, 117.5, 15.0, 311.5]","[1, 1, 1, 1]",0.0,OK,,,None,"[1, 1, 1, 1, 1, 1]"
1869507,658207UA0A,"[681, 0]","[181, 0]",10:45:14,20260417,0.0,10821,"[15.8, 74.8, 87.8, 117.6, 15.1, 311.2]","[1, 1, 1, 1]",0.0,OK,,,None,"[1, 1, 1, 1, 1, 1]"
1869506,8462284S00,"[1019, 7]","[167, 1]",10:45:11,20260417,0.0,10823,"[12.4, 127.3, 129.0, 128.9, 128.2, 128.2, 127.5, 12.4, 793.9]",None,0.0,OK,None,7,00024533,"[1, 1, 1, 1, 1, 1, 1, 1, 1]"
1869505,8462284S00,"[1018, 7]","[166, 1]",10:44:53,20260417,0.0,10823,"[12.3, 127.6, 128.2, 128.1, 128.7, 128.2, 127.1, 13.0, 793.2]",None,0.0,OK,None,7,00024533,"[1, 1, 1, 1, 1, 1, 1, 1, 1]"
1869504,808397UA0A,"[164, 7]","[92, 3]",10:44:50,20260417,0.0,10819,"[15.8, 123.2, 121.6, 80.4, 81.0, 122.0, 123.4, 16.2, 37.6, 40.1]",None,0.0,OK,,,None,"[1, 1, 1, 1, 1, 1, 1, 1, 1, 1]"
1869503,808397UA0A,"[164, 7]","[92, 3]",10:44:49,20260417,0.0,10819,"[16.0, 123.2, 121.6, 81.0, 80.9, 122.0, 123.6, 16.0, 37.3, 40.5]",None,0.0,OK,,,None,"[1, 1, 1, 1, 1, 1, 1, 1, 1, 1]"
1869502,808397UA0A,"[164, 7]","[92, 3]",10:44:49,20260417,0.0,10819,"[15.8, 123.2, 122.4, 80.4, 80.6, 122.4, 123.0, 15.8, 36.8, 40.7]",None,0.0,OK,,,None,"[1, 1, 1, 1, 1, 1, 1, 1, 1, 1]"
1869501,808397UA0A,"[164, 7]","[92, 3]",10:44:49,20260417,0.0,10819,"[15.6, 123.2, 122.4, 80.2, 80.7, 122.8, 123.0, 16.0, 37.4, 41.3]",None,0.0,OK,,,None,"[1, 1, 1, 1, 1, 1, 1, 1, 1, 1]"
1869500,808397UA0A,"[164, 7]","[92, 3]",10:44:49,20260417,0.0,10819,"[15.2, 123.0, 122.4, 80.4, 80.8, 122.2, 123.0, 16.0, 36.6, 41.3]",None,0.0,OK,,,None,"[1, 1, 1, 1, 1, 1, 1, 1, 1, 1]"
1869499,8462284S00,"[1017, 7]","[165, 1]",10:44:42,20260417,0.0,10823,"[12.1, 127.9, 128.1, 128.2, 128.1, 128.7, 128.0, 13.0, 794.1]",None,0.0,OK,None,7,00024533,"[1, 1, 1, 1, 1, 1, 1, 1, 1]"
1869498,8462284S00,"[1016, 7]","[164, 1]",10:44:32,20260417,0.0,10823,"[12.4, 127.6, 127.9, 128.6, 128.4, 128.6, 127.8, 12.1, 793.2]",None,0.0,OK,None,7,00024533,"[1, 1, 1, 1, 1, 1, 1, 1, 1]"
1869497,8462284S00,"[1015, 7]","[163, 1]",10:44:22,20260417,0.0,10823,"[12.1, 127.9, 127.9, 128.1, 128.9, 128.1, 128.0, 12.5, 793.6]",None,0.0,OK,None,7,00024533,"[1, 1, 1, 1, 1, 1, 1, 1, 1]"
1869496,8462284S00,"[1014, 7]","[162, 1]",10:44:12,20260417,0.0,10823,"[12.3, 128.1, 128.2, 128.7, 128.4, 128.4, 127.9, 12.3, 794.3]",None,0.0,OK,None,7,00024533,"[1, 1, 1, 1, 1, 1, 1, 1, 1]"
1869495,658207UA0A,"[680, 0]","[180, 0]",10:44:04,20260417,0.0,10821,"[15.8, 74.7, 88.1, 117.1, 15.0, 310.7]","[1, 1, 1, 1]",0.0,OK,,,None,"[1, 1, 1, 1, 1, 1]"
1869494,8462284S00,"[1013, 7]","[161, 1]",10:44:01,20260417,0.0,10823,"[12.9, 127.8, 128.2, 128.3, 128.4, 128.7, 127.4, 12.6, 794.3]",None,0.0,OK,None,7,00024533,"[1, 1, 1, 1, 1, 1, 1, 1, 1]"
1869493,658207UA0A,"[679, 0]","[179, 0]",10:43:58,20260417,0.0,10821,"[16.2, 74.7, 88.1, 117.0, 15.0, 310.9]","[1, 1, 1, 1]",0.0,OK,,,None,"[1, 1, 1, 1, 1, 1]"
1869492,658207UA0A,"[678, 0]","[178, 0]",10:43:52,20260417,0.0,10821,"[16.1, 74.8, 88.0, 117.6, 14.6, 311.0]","[1, 1, 1, 1]",0.0,OK,,,None,"[1, 1, 1, 1, 1, 1]"
1869491,658207UA0A,"[677, 0]","[177, 0]",10:43:46,20260417,0.0,10821,"[16.0, 74.5, 88.1, 117.3, 15.4, 311.2]","[1, 1, 1, 1]",0.0,OK,,,None,"[1, 1, 1, 1, 1, 1]"
1869490,658207UA0A,"[676, 0]","[176, 0]",10:43:41,20260417,0.0,10821,"[15.7, 74.8, 88.0, 117.3, 14.8, 310.6]","[1, 1, 1, 1]",0.0,OK,,,None,"[1, 1, 1, 1, 1, 1]"
1869489,658207UA0A,"[675, 0]","[175, 0]",10:43:35,20260417,0.0,10821,"[16.2, 74.7, 87.8, 117.3, 14.9, 310.8]","[1, 1, 1, 1]",0.0,OK,,,None,"[1, 1, 1, 1, 1, 1]"
1869488,658207UA0A,"[674, 0]","[174, 0]",10:43:29,20260417,0.0,10821,"[15.8, 74.7, 88.1, 117.1, 14.9, 310.6]","[1, 1, 1, 1]",0.0,OK,,,None,"[1, 1, 1, 1, 1, 1]"
1869487,8462284S00,"[1012, 7]","[160, 1]",10:43:25,20260417,0.0,10823,"[12.0, 127.9, 128.2, 128.6, 128.6, 128.7, 127.6, 12.7, 794.4]",None,0.0,OK,None,7,00024533,"[1, 1, 1, 1, 1, 1, 1, 1, 1]"
1869486,658207UA0A,"[673, 0]","[173, 0]",10:43:24,20260417,0.0,10821,"[15.9, 74.8, 88.0, 117.1, 14.9, 310.7]","[1, 1, 1, 1]",0.0,OK,,,None,"[1, 1, 1, 1, 1, 1]"
1869485,658207UA0A,"[672, 0]","[172, 0]",10:43:18,20260417,0.0,10821,"[15.9, 74.5, 88.1, 117.4, 15.1, 311.1]","[1, 1, 1, 1]",0.0,OK,,,None,"[1, 1, 1, 1, 1, 1]"
1869484,8462284S00,"[1011, 7]","[159, 1]",10:43:13,20260417,0.0,10823,"[12.2, 127.9, 128.1, 128.6, 128.2, 128.4, 127.6, 12.6, 793.6]",None,0.0,OK,None,7,00024533,"[1, 1, 1, 1, 1, 1, 1, 1, 1]"
1869483,658207UA0A,"[671, 0]","[171, 0]",10:43:10,20260417,0.0,10821,"[16.1, 74.7, 88.1, 117.1, 14.9, 311.0]","[1, 1, 1, 1]",0.0,OK,,,None,"[1, 1, 1, 1, 1, 1]"
1869482,658207UA0A,"[670, 0]","[170, 0]",10:43:04,20260417,0.0,10821,"[16.1, 74.3, 88.0, 117.5, 15.1, 311.0]","[1, 1, 1, 1]",0.0,OK,,,None,"[1, 1, 1, 1, 1, 1]"
1869481,8462284S00,"[1010, 7]","[158, 1]",10:43:03,20260417,0.0,10823,"[12.3, 127.8, 127.9, 128.2, 128.6, 128.6, 127.3, 12.6, 793.3]",None,0.0,OK,None,7,00024533,"[1, 1, 1, 1, 1, 1, 1, 1, 1]"
1869480,658207UA0A,"[669, 0]","[169, 0]",10:42:57,20260417,0.0,10821,"[15.1, 74.2, 88.0, 117.0, 15.5, 309.7]","[1, 1, 1, 1]",0.0,OK,,,None,"[1, 1, 1, 1, 1, 1]"
1869479,8462284S00,"[1009, 7]","[157, 1]",10:42:53,20260417,0.0,10823,"[12.0, 127.8, 128.1, 128.4, 128.7, 128.6, 127.4, 12.7, 793.6]",None,0.0,OK,None,7,00024533,"[1, 1, 1, 1, 1, 1, 1, 1, 1]"
1869478,658207UA0A,"[668, 0]","[168, 0]",10:42:51,20260417,0.0,10821,"[15.3, 74.3, 88.6, 116.8, 14.7, 309.8]","[1, 1, 1, 1]",0.0,OK,,,None,"[1, 1, 1, 1, 1, 1]"
1869476,8462284S00,"[1008, 7]","[156, 1]",10:42:44,20260417,0.0,10823,"[12.7, 127.6, 127.9, 128.2, 128.4, 128.4, 127.4, 12.7, 793.4]",None,0.0,OK,None,7,00024533,"[1, 1, 1, 1, 1, 1, 1, 1, 1]"
1869475,658207UA0A,"[667, 0]","[167, 0]",10:42:44,20260417,0.0,10821,"[15.9, 74.5, 87.8, 117.5, 15.1, 310.8]","[1, 1, 1, 1]",0.0,OK,,,None,"[1, 1, 1, 1, 1, 1]"
1869477,82832W080PKENGEN,"[425, 0]","[0, 0]",10:42:42,20260417,0.0,None,COUNTERRESET,COUNTERRESET,0.0,COUNTERRESET,COUNTERRESET,,Null,COUNTERRESET
1869474,658207UA0A,"[666, 0]","[166, 0]",10:42:38,20260417,0.0,10821,"[16.1, 74.5, 88.1, 117.6, 14.6, 310.9]","[1, 1, 1, 1]",0.0,OK,,,None,"[1, 1, 1, 1, 1, 1]"
1869472,808387UA0A,"[161, 7]","[75, 0]",10:42:37,20260417,0.0,10819,"[15.0, 122.2, 121.0, 80.4, 80.2, 122.8, 123.2, 15.2, 37.1, 40.7]",None,0.0,OK,,,None,"[1, 1, 1, 1, 1, 1, 1, 1, 1, 1]"
1869469,808387UA0A,"[161, 7]","[75, 0]",10:42:37,20260417,0.0,10819,"[15.0, 122.2, 121.6, 80.4, 80.2, 123.2, 122.6, 15.6, 37.4, 40.3]",None,0.0,OK,,,None,"[1, 1, 1, 1, 1, 1, 1, 1, 1, 1]"
1869470,808387UA0A,"[161, 7]","[75, 0]",10:42:37,20260417,0.0,10819,"[15.0, 122.0, 121.8, 80.0, 79.4, 123.4, 123.4, 15.6, 37.0, 40.7]",None,0.0,OK,,,None,"[1, 1, 1, 1, 1, 1, 1, 1, 1, 1]"
1869471,808387UA0A,"[161, 7]","[75, 0]",10:42:37,20260417,0.0,10819,"[15.2, 122.0, 121.4, 80.0, 80.8, 122.2, 123.2, 15.0, 37.7, 39.7]",None,0.0,OK,,,None,"[1, 1, 1, 1, 1, 1, 1, 1, 1, 1]"
1869473,808387UA0A,"[161, 7]","[75, 0]",10:42:37,20260417,0.0,10819,"[15.2, 122.0, 121.2, 80.2, 79.4, 123.2, 123.2, 16.0, 36.6, 40.9]",None,0.0,OK,,,None,"[1, 1, 1, 1, 1, 1, 1, 1, 1, 1]"
1869468,8462284S00,"[1007, 7]","[155, 1]",10:42:34,20260417,0.0,10823,"[12.4, 127.4, 128.4, 128.4, 128.2, 128.4, 128.1, 12.6, 793.9]",None,0.0,OK,None,7,00024533,"[1, 1, 1, 1, 1, 1, 1, 1, 1]"
1869467,658207UA0A,"[665, 0]","[165, 0]",10:42:33,20260417,0.0,10821,"[16.3, 75.0, 87.8, 117.4, 15.4, 311.9]","[1, 1, 1, 1]",0.0,OK,,,None,"[1, 1, 1, 1, 1, 1]"
1869466,658207UA0A,"[664, 0]","[164, 0]",10:42:27,20260417,0.0,10821,"[15.5, 74.8, 88.0, 117.6, 15.0, 311.0]","[1, 1, 1, 1]",0.0,OK,,,None,"[1, 1, 1, 1, 1, 1]"
1869465,8462284S00,"[1006, 7]","[154, 1]",10:42:22,20260417,0.0,10823,"[12.1, 127.9, 127.9, 128.9, 128.2, 128.2, 127.6, 12.6, 793.5]",None,0.0,OK,None,7,00024533,"[1, 1, 1, 1, 1, 1, 1, 1, 1]"
1869464,658207UA0A,"[663, 0]","[163, 0]",10:42:21,20260417,0.0,10821,"[15.5, 74.7, 88.1, 116.0, 15.8, 310.1]","[1, 1, 1, 1]",0.0,OK,,,None,"[1, 1, 1, 1, 1, 1]"
1869463,658207UA0A,"[662, 0]","[162, 0]",10:42:15,20260417,0.0,10821,"[15.9, 74.8, 87.7, 117.5, 15.2, 311.1]","[1, 1, 1, 1]",0.0,OK,,,None,"[1, 1, 1, 1, 1, 1]"
1869462,8462284S00,"[1005, 7]","[153, 1]",10:42:12,20260417,0.0,10823,"[12.2, 127.6, 127.9, 128.4, 128.6, 128.4, 127.4, 12.4, 792.9]",None,0.0,OK,None,7,00024533,"[1, 1, 1, 1, 1, 1, 1, 1, 1]"
1869461,658207UA0A,"[661, 0]","[161, 0]",10:42:09,20260417,0.0,10821,"[15.8, 75.0, 88.0, 117.4, 14.7, 310.9]","[1, 1, 1, 1]",0.0,OK,,,None,"[1, 1, 1, 1, 1, 1]"
1869460,82832W080PKENGEN,"[425, 0]","[200, 0]",10:42:00,20260417,0.0,None,"[28.0, 36.8, 38.2, 51.8, 61.2, 77.8, 98.3, 97.8, 86.6, 84.7, 13.6]",None,0.0,OK,None,,Null,"[1, 1, 1, 1, 1, 1, 1, 1, 1, 1, 1]"
1869459,8462284S00,"[1004, 7]","[152, 1]",10:42:00,20260417,0.0,10823,"[12.4, 127.8, 128.1, 128.2, 128.4, 128.9, 127.6, 12.7, 794.0]",None,0.0,OK,None,7,00024533,"[1, 1, 1, 1, 1, 1, 1, 1, 1]"
1869458,82832W080PKENGEN,"[424, 0]","[199, 0]",10:41:35,20260417,0.0,None,"[28.0, 36.9, 38.5, 51.5, 60.9, 77.8, 97.6, 97.6, 86.5, 84.5, 13.3]",None,0.0,OK,None,,Null,"[1, 1, 1, 1, 1, 1, 1, 1, 1, 1, 1]"
1869457,82832W080PKENGEN,"[423, 0]","[198, 0]",10:41:13,20260417,0.0,None,"[28.1, 36.9, 38.4, 51.3, 60.7, 78.3, 97.8, 97.5, 86.8, 84.9, 13.6]",None,0.0,OK,None,,Null,"[1, 1, 1, 1, 1, 1, 1, 1, 1, 1, 1]"
1869456,658207UA0A,"[660, 0]","[160, 0]",10:40:57,20260417,0.0,10821,MANUAL,MANUAL,0.0,MANUAL,MANUAL,,Null,MANUAL
1869455,658207UA0A,"[660, 1]","[160, 1]",10:40:55,20260417,0.0,10821,"[15.9, 74.7, 87.8, 117.9, 15.0, 311.3]","[1, 1, 1, 1]",0.0,OK,,,None,"[1, 1, 1, 1, 1, 1]"
1869454,658207UA0A,"[659, 1]","[159, 1]",10:40:52,20260417,0.0,10821,"[15.5, 74.8, 87.8, 117.9, 52.0, 348.1]","[1, 1, 1, 1]",0.0,NG,CLIP PITCH NG,,None,"[1, 1, 1, 1, 0, 0]"
1869453,82832W080PKENGEN,"[422, 0]","[197, 0]",10:40:50,20260417,0.0,None,"[28.0, 36.8, 38.4, 51.6, 61.0, 77.8, 98.1, 97.8, 86.5, 84.7, 13.4]",None,0.0,OK,None,,Null,"[1, 1, 1, 1, 1, 1, 1, 1, 1, 1, 1]"
1869452,658207UA0A,"[659, 0]","[159, 0]",10:40:47,20260417,0.0,10821,"[15.8, 74.7, 87.8, 117.5, 15.2, 311.0]","[1, 1, 1, 1]",0.0,OK,,,None,"[1, 1, 1, 1, 1, 1]"
1869451,658207UA0A,"[658, 0]","[158, 0]",10:40:42,20260417,0.0,10821,"[15.6, 75.1, 87.7, 117.9, 15.1, 311.4]","[1, 1, 1, 1]",0.0,OK,,,None,"[1, 1, 1, 1, 1, 1]"
1869450,658207UA0A,"[657, 0]","[157, 0]",10:40:36,20260417,0.0,10821,"[16.0, 74.8, 88.4, 117.0, 14.9, 311.1]","[1, 1, 1, 1]",0.0,OK,,,None,"[1, 1, 1, 1, 1, 1]"
1869449,658207UA0A,"[656, 0]","[156, 0]",10:40:31,20260417,0.0,10821,"[15.8, 74.5, 88.0, 117.3, 15.2, 310.8]","[1, 1, 1, 1]",0.0,OK,,,None,"[1, 1, 1, 1, 1, 1]"
1869448,82832W080PKENGEN,"[421, 0]","[196, 0]",10:40:28,20260417,0.0,None,"[28.0, 36.9, 38.4, 51.8, 60.9, 78.0, 98.1, 97.3, 87.1, 84.4, 13.5]",None,0.0,OK,None,,Null,"[1, 1, 1, 1, 1, 1, 1, 1, 1, 1, 1]"
1869447,658207UA0A,"[655, 0]","[155, 0]",10:40:25,20260417,0.0,10821,"[15.9, 74.8, 88.0, 117.4, 14.9, 311.0]","[1, 1, 1, 1]",0.0,OK,,,None,"[1, 1, 1, 1, 1, 1]"
1869446,658207UA0A,"[654, 0]","[154, 0]",10:40:20,20260417,0.0,10821,"[15.6, 74.8, 88.0, 117.5, 14.7, 310.6]","[1, 1, 1, 1]",0.0,OK,,,None,"[1, 1, 1, 1, 1, 1]"
1869445,808397UA0A,"[159, 7]","[87, 3]",10:40:20,20260417,0.0,10819,"[15.6, 123.2, 121.8, 80.6, 80.8, 122.4, 123.6, 15.8, 36.8, 40.3]",None,0.0,OK,,,None,"[1, 1, 1, 1, 1, 1, 1, 1, 1, 1]"
1869444,808397UA0A,"[159, 7]","[87, 3]",10:40:19,20260417,0.0,10819,"[15.4, 123.4, 122.2, 80.8, 80.8, 122.6, 123.0, 16.2, 36.8, 40.3]",None,0.0,OK,,,None,"[1, 1, 1, 1, 1, 1, 1, 1, 1, 1]"
1869443,808397UA0A,"[159, 7]","[87, 3]",10:40:19,20260417,0.0,10819,"[15.6, 123.2, 122.0, 80.0, 81.6, 122.0, 123.8, 16.2, 36.0, 41.1]",None,0.0,OK,,,None,"[1, 1, 1, 1, 1, 1, 1, 1, 1, 1]"
1869442,808397UA0A,"[159, 7]","[87, 3]",10:40:19,20260417,0.0,10819,"[15.4, 123.0, 121.8, 80.0, 81.0, 122.2, 123.2, 16.2, 37.0, 41.1]",None,0.0,OK,,,None,"[1, 1, 1, 1, 1, 1, 1, 1, 1, 1]"
1869441,808397UA0A,"[159, 7]","[87, 3]",10:40:19,20260417,0.0,10819,"[16.0, 122.6, 121.6, 80.4, 81.0, 122.0, 123.2, 15.8, 37.3, 40.9]",None,0.0,OK,,,None,"[1, 1, 1, 1, 1, 1, 1, 1, 1, 1]"
1869440,658207UA0A,"[653, 0]","[153, 0]",10:40:13,20260417,0.0,10821,MANUAL,MANUAL,0.0,MANUAL,MANUAL,,Null,MANUAL
1869439,658207UA0A,"[653, 1]","[153, 1]",10:40:10,20260417,0.0,10821,"[15.8, 75.0, 87.8, 117.6, 15.4, 311.6]","[1, 1, 1, 1]",0.0,OK,,,None,"[1, 1, 1, 1, 1, 1]"
1869438,82832W080PKENGEN,"[420, 0]","[195, 0]",10:40:05,20260417,0.0,None,"[27.8, 36.6, 38.4, 51.8, 61.0, 77.8, 98.0, 97.5, 86.6, 85.0, 13.6]",None,0.0,OK,None,,Null,"[1, 1, 1, 1, 1, 1, 1, 1, 1, 1, 1]"
1869437,658207UA0A,"[652, 1]","[152, 1]",10:40:05,20260417,0.0,10821,"[0, 0, 0, 0, 0, 0]",[],0.0,NG,PART IS NOT FOUND,,None,"[0, 0, 0, 0, 0, 0]"
1869436,658207UA0A,"[652, 0]","[152, 0]",10:39:58,20260417,0.0,10821,"[15.8, 74.7, 88.1, 117.0, 15.1, 310.7]","[1, 1, 1, 1]",0.0,OK,,,None,"[1, 1, 1, 1, 1, 1]"
1869435,658207UA0A,"[651, 0]","[151, 0]",10:39:52,20260417,0.0,10821,"[16.0, 74.5, 88.1, 117.6, 14.7, 310.9]","[1, 1, 1, 1]",0.0,OK,,,None,"[1, 1, 1, 1, 1, 1]"
1869434,658207UA0A,"[650, 0]","[150, 0]",10:39:45,20260417,0.0,10821,"[15.2, 75.3, 88.0, 117.3, 15.1, 310.8]","[1, 1, 1, 1]",0.0,OK,,,None,"[1, 1, 1, 1, 1, 1]"
1869433,82832W080PKENGEN,"[419, 0]","[194, 0]",10:39:40,20260417,0.0,None,"[27.8, 36.8, 38.4, 51.9, 61.1, 77.8, 97.8, 98.1, 86.6, 84.7, 13.7]",None,0.0,OK,None,,Null,"[1, 1, 1, 1, 1, 1, 1, 1, 1, 1, 1]"
1869432,658207UA0A,"[649, 0]","[149, 0]",10:39:40,20260417,0.0,10821,"[15.4, 74.8, 88.0, 116.8, 15.1, 310.1]","[1, 1, 1, 1]",0.0,OK,,,None,"[1, 1, 1, 1, 1, 1]"
1869431,658207UA0A,"[648, 0]","[148, 0]",10:39:35,20260417,0.0,10821,"[15.8, 74.8, 88.1, 117.1, 14.9, 310.7]","[1, 1, 1, 1]",0.0,OK,,,None,"[1, 1, 1, 1, 1, 1]"
1869430,658207UA0A,"[647, 0]","[147, 0]",10:39:29,20260417,0.0,10821,"[15.5, 75.0, 87.8, 117.9, 15.1, 311.3]","[1, 1, 1, 1]",0.0,OK,,,None,"[1, 1, 1, 1, 1, 1]"
1869429,658207UA0A,"[646, 0]","[146, 0]",10:39:25,20260417,0.0,10821,"[15.9, 74.5, 88.1, 117.0, 15.7, 311.2]","[1, 1, 1, 1]",0.0,OK,,,None,"[1, 1, 1, 1, 1, 1]"
1869428,658207UA0A,"[645, 0]","[145, 0]",10:39:19,20260417,0.0,10821,"[16.0, 74.7, 88.0, 117.6, 14.8, 311.1]","[1, 1, 1, 1]",0.0,OK,,,None,"[1, 1, 1, 1, 1, 1]"
1869427,658207UA0A,"[644, 0]","[144, 0]",10:39:14,20260417,0.0,10821,"[16.2, 74.5, 87.8, 117.5, 15.5, 311.4]","[1, 1, 1, 1]",0.0,OK,,,None,"[1, 1, 1, 1, 1, 1]"
1869426,82832W080PKENGEN,"[418, 0]","[193, 0]",10:39:13,20260417,0.0,None,"[28.1, 36.8, 38.5, 51.5, 61.2, 77.8, 98.4, 97.6, 86.8, 84.2, 13.6]",None,0.0,OK,None,,Null,"[1, 1, 1, 1, 1, 1, 1, 1, 1, 1, 1]"
1869425,658207UA0A,"[643, 0]","[143, 0]",10:39:09,20260417,0.0,10821,"[15.9, 74.8, 87.5, 118.2, 14.7, 311.2]","[1, 1, 1, 1]",0.0,OK,,,None,"[1, 1, 1, 1, 1, 1]"
1869424,658207UA0A,"[642, 0]","[142, 0]",10:39:02,20260417,0.0,10821,"[15.8, 75.3, 88.0, 117.3, 15.0, 311.3]","[1, 1, 1, 1]",0.0,OK,,,None,"[1, 1, 1, 1, 1, 1]"
1869423,658207UA0A,"[641, 0]","[141, 0]",10:38:57,20260417,0.0,10821,"[16.2, 74.5, 88.0, 117.3, 14.8, 310.8]","[1, 1, 1, 1]",0.0,OK,,,None,"[1, 1, 1, 1, 1, 1]"
1869422,82832W080PKENGEN,"[417, 0]","[192, 0]",10:38:44,20260417,0.0,None,"[28.0, 36.8, 38.5, 51.6, 61.2, 77.8, 98.0, 97.5, 86.6, 84.2, 13.8]",None,0.0,OK,None,,Null,"[1, 1, 1, 1, 1, 1, 1, 1, 1, 1, 1]"
1869421,82832W080PKENGEN,"[416, 0]","[191, 0]",10:38:15,20260417,0.0,None,"[28.3, 36.9, 38.5, 51.3, 61.2, 77.5, 98.1, 97.6, 86.6, 84.4, 13.5]",None,0.0,OK,None,,Null,"[1, 1, 1, 1, 1, 1, 1, 1, 1, 1, 1]"
1869420,82832W080PKENGEN,"[415, 0]","[190, 0]",10:37:54,20260417,0.0,None,"[28.1, 36.8, 38.5, 51.8, 61.2, 78.0, 98.8, 97.8, 86.9, 84.5, 13.7]",None,0.0,OK,None,,Null,"[1, 1, 1, 1, 1, 1, 1, 1, 1, 1, 1]"
1869419,658207UA0A,"[640, 0]","[140, 0]",10:37:47,20260417,0.0,10821,"[16.2, 74.7, 88.0, 117.5, 15.1, 311.4]","[1, 1, 1, 1]",0.0,OK,,,None,"[1, 1, 1, 1, 1, 1]"
1869418,658207UA0A,"[639, 0]","[139, 0]",10:37:43,20260417,0.0,10821,"[15.9, 74.8, 87.8, 117.1, 15.4, 311.0]","[1, 1, 1, 1]",0.0,OK,,,None,"[1, 1, 1, 1, 1, 1]"
1869417,658207UA0A,"[638, 0]","[138, 0]",10:37:38,20260417,0.0,10821,"[15.7, 74.8, 88.3, 117.4, 14.7, 311.0]","[1, 1, 1, 1]",0.0,OK,,,None,"[1, 1, 1, 1, 1, 1]"
1869416,658207UA0A,"[637, 0]","[137, 0]",10:37:34,20260417,0.0,10821,"[15.8, 74.5, 88.4, 117.6, 13.9, 310.2]","[1, 1, 1, 1]",0.0,OK,,,None,"[1, 1, 1, 1, 1, 1]"
1869415,82832W080PKENGEN,"[414, 0]","[189, 0]",10:37:30,20260417,0.0,None,"[27.8, 37.1, 38.5, 51.5, 61.1, 78.3, 98.4, 98.0, 86.9, 85.0, 13.6]",None,0.0,OK,None,,Null,"[1, 1, 1, 1, 1, 1, 1, 1, 1, 1, 1]"
1869414,658207UA0A,"[636, 0]","[136, 0]",10:37:29,20260417,0.0,10821,"[15.9, 74.3, 88.4, 116.8, 15.2, 310.7]","[1, 1, 1, 1]",0.0,OK,,,None,"[1, 1, 1, 1, 1, 1]"
1869413,658207UA0A,"[635, 0]","[135, 0]",10:37:25,20260417,0.0,10821,"[16.0, 74.7, 88.3, 117.1, 15.2, 311.3]","[1, 1, 1, 1]",0.0,OK,,,None,"[1, 1, 1, 1, 1, 1]"
1869412,8462284S00,"[1003, 7]","[151, 1]",10:37:21,20260417,0.0,10823,"[12.9, 127.9, 128.4, 128.4, 128.9, 128.4, 127.9, 11.9, 794.6]",None,0.0,OK,None,7,00024533,"[1, 1, 1, 1, 1, 1, 1, 1, 1]"
1869411,658207UA0A,"[634, 0]","[134, 0]",10:37:20,20260417,0.0,10821,"[16.0, 74.8, 88.3, 117.3, 14.7, 311.2]","[1, 1, 1, 1]",0.0,OK,,,None,"[1, 1, 1, 1, 1, 1]"
1869410,658207UA0A,"[633, 0]","[133, 0]",10:37:16,20260417,0.0,10821,"[16.1, 74.8, 88.1, 117.1, 15.2, 311.4]","[1, 1, 1, 1]",0.0,OK,,,None,"[1, 1, 1, 1, 1, 1]"
1869409,8462284S00,"[1002, 7]","[150, 1]",10:37:11,20260417,0.0,10823,"[12.4, 127.6, 128.1, 128.6, 128.2, 128.6, 127.8, 12.1, 793.3]",None,0.0,OK,None,7,00024533,"[1, 1, 1, 1, 1, 1, 1, 1, 1]"
1869408,658207UA0A,"[632, 0]","[132, 0]",10:37:10,20260417,0.0,10821,"[16.1, 74.7, 88.0, 117.6, 14.9, 311.3]","[1, 1, 1, 1]",0.0,OK,,,None,"[1, 1, 1, 1, 1, 1]"
1869407,658207UA0A,"[631, 0]","[131, 0]",10:37:05,20260417,0.0,10821,"[16.0, 74.5, 87.8, 117.5, 15.1, 310.9]","[1, 1, 1, 1]",0.0,OK,,,None,"[1, 1, 1, 1, 1, 1]"
1869406,8462284S00,"[1001, 7]","[149, 1]",10:37:02,20260417,0.0,10823,"[12.6, 127.6, 127.9, 127.9, 128.4, 128.9, 127.6, 12.8, 793.7]",None,0.0,OK,None,7,00024533,"[1, 1, 1, 1, 1, 1, 1, 1, 1]"
1869405,658207UA0A,"[630, 0]","[130, 0]",10:37:00,20260417,0.0,10821,"[15.7, 74.8, 88.0, 117.0, 15.4, 310.9]","[1, 1, 1, 1]",0.0,OK,,,None,"[1, 1, 1, 1, 1, 1]"
1869404,808387UA0A,"[156, 7]","[70, 0]",10:36:57,20260417,0.0,10819,"[15.2, 122.2, 120.8, 80.2, 79.2, 123.2, 123.2, 15.8, 36.6, 41.1]",None,0.0,OK,,,None,"[1, 1, 1, 1, 1, 1, 1, 1, 1, 1]"
1869403,808387UA0A,"[156, 7]","[70, 0]",10:36:57,20260417,0.0,10819,"[15.0, 122.2, 121.4, 80.0, 80.2, 122.6, 123.0, 15.2, 37.7, 40.5]",None,0.0,OK,,,None,"[1, 1, 1, 1, 1, 1, 1, 1, 1, 1]"
1869402,808387UA0A,"[156, 7]","[70, 0]",10:36:57,20260417,0.0,10819,"[15.2, 122.0, 121.6, 80.4, 79.8, 122.8, 123.4, 15.0, 37.9, 40.3]",None,0.0,OK,,,None,"[1, 1, 1, 1, 1, 1, 1, 1, 1, 1]"
1869401,808387UA0A,"[156, 7]","[70, 0]",10:36:56,20260417,0.0,10819,"[14.8, 122.4, 121.2, 80.6, 79.8, 123.2, 123.0, 15.6, 37.3, 40.1]",None,0.0,OK,,,None,"[1, 1, 1, 1, 1, 1, 1, 1, 1, 1]"
1869400,808387UA0A,"[156, 7]","[70, 0]",10:36:56,20260417,0.0,10819,"[15.2, 121.6, 121.6, 80.6, 79.6, 123.6, 122.8, 16.2, 37.6, 41.1]",None,0.0,OK,,,None,"[1, 1, 1, 1, 1, 1, 1, 1, 1, 1]"
1869399,658207UA0A,"[629, 0]","[129, 0]",10:36:55,20260417,0.0,10821,"[15.5, 74.2, 88.4, 117.1, 14.5, 309.7]","[1, 1, 1, 1]",0.0,OK,,,None,"[1, 1, 1, 1, 1, 1]"
1869398,82832W080PKENGEN,"[413, 0]","[188, 0]",10:36:51,20260417,0.0,None,"[28.1, 36.9, 38.4, 51.5, 61.2, 78.1, 98.1, 97.8, 86.5, 84.5, 13.5]",None,0.0,OK,None,,Null,"[1, 1, 1, 1, 1, 1, 1, 1, 1, 1, 1]"
1869397,8462284S00,"[1000, 7]","[148, 1]",10:36:50,20260417,0.0,10823,"[12.4, 128.1, 128.7, 128.4, 128.4, 128.6, 127.1, 12.9, 794.6]",None,0.0,OK,None,7,00024533,"[1, 1, 1, 1, 1, 1, 1, 1, 1]"
1869396,658207UA0A,"[628, 0]","[128, 0]",10:36:50,20260417,0.0,10821,"[15.3, 74.3, 88.3, 117.1, 14.9, 310.0]","[1, 1, 1, 1]",0.0,OK,,,None,"[1, 1, 1, 1, 1, 1]"
1869395,658207UA0A,"[627, 0]","[127, 0]",10:36:45,20260417,0.0,10821,"[16.0, 74.7, 88.3, 117.8, 15.0, 311.7]","[1, 1, 1, 1]",0.0,OK,,,None,"[1, 1, 1, 1, 1, 1]"
1869394,658207UA0A,"[626, 0]","[126, 0]",10:36:40,20260417,0.0,10821,"[16.2, 74.5, 88.0, 117.8, 15.2, 311.6]","[1, 1, 1, 1]",0.0,OK,,,None,"[1, 1, 1, 1, 1, 1]"
1869393,658207UA0A,"[625, 0]","[125, 0]",10:36:36,20260417,0.0,10821,"[16.1, 74.7, 88.4, 117.1, 15.3, 311.6]","[1, 1, 1, 1]",0.0,OK,,,None,"[1, 1, 1, 1, 1, 1]"
1869392,8462284S00,"[999, 7]","[147, 1]",10:36:32,20260417,0.0,10823,"[12.2, 127.4, 128.4, 128.7, 128.6, 128.6, 127.6, 12.2, 793.6]",None,0.0,OK,None,7,00024533,"[1, 1, 1, 1, 1, 1, 1, 1, 1]"
1869391,658207UA0A,"[624, 0]","[124, 0]",10:36:32,20260417,0.0,10821,"[15.8, 75.6, 87.3, 117.3, 15.0, 311.1]","[1, 1, 1, 1]",0.0,OK,,,None,"[1, 1, 1, 1, 1, 1]"
1869390,658207UA0A,"[623, 0]","[123, 0]",10:36:27,20260417,0.0,10821,"[16.0, 74.7, 88.1, 117.3, 15.8, 311.9]","[1, 1, 1, 1]",0.0,OK,,,None,"[1, 1, 1, 1, 1, 1]"
1869389,658207UA0A,"[622, 0]","[122, 0]",10:36:23,20260417,0.0,10821,"[16.1, 74.5, 88.1, 117.5, 15.3, 311.5]","[1, 1, 1, 1]",0.0,OK,,,None,"[1, 1, 1, 1, 1, 1]"
1869388,8462284S00,"[998, 7]","[146, 1]",10:36:21,20260417,0.0,10823,"[12.4, 127.1, 128.2, 128.2, 128.6, 128.6, 127.8, 12.3, 793.2]",None,0.0,OK,None,7,00024533,"[1, 1, 1, 1, 1, 1, 1, 1, 1]"
1869387,82832W080PKENGEN,"[412, 0]","[187, 0]",10:36:19,20260417,0.0,None,"[28.0, 36.9, 38.7, 51.8, 61.0, 78.0, 98.1, 97.6, 86.3, 84.4, 13.6]",None,0.0,OK,None,,Null,"[1, 1, 1, 1, 1, 1, 1, 1, 1, 1, 1]"
1869386,658207UA0A,"[621, 0]","[121, 0]",10:36:18,20260417,0.0,10821,"[15.9, 74.7, 88.3, 117.1, 15.3, 311.3]","[1, 1, 1, 1]",0.0,OK,,,None,"[1, 1, 1, 1, 1, 1]"
1869385,8462284S00,"[997, 7]","[145, 1]",10:36:10,20260417,0.0,10823,"[12.3, 127.8, 128.1, 128.4, 128.6, 128.7, 127.4, 12.7, 793.9]",None,0.0,OK,None,7,00024533,"[1, 1, 1, 1, 1, 1, 1, 1, 1]"
1869384,8462284S00,"[996, 7]","[144, 1]",10:36:00,20260417,0.0,10823,"[12.0, 128.2, 127.9, 128.4, 128.6, 128.1, 127.4, 12.5, 793.1]",None,0.0,OK,None,7,00024533,"[1, 1, 1, 1, 1, 1, 1, 1, 1]"
1869383,82832W080PKENGEN,"[411, 0]","[186, 0]",10:35:53,20260417,0.0,None,"[28.1, 36.9, 38.2, 51.5, 61.2, 77.5, 98.3, 97.8, 86.5, 84.9, 13.5]",None,0.0,OK,None,,Null,"[1, 1, 1, 1, 1, 1, 1, 1, 1, 1, 1]"
1869382,8462284S00,"[995, 7]","[143, 1]",10:35:49,20260417,0.0,10823,"[12.0, 127.9, 128.2, 128.1, 128.4, 128.2, 128.6, 12.4, 793.9]",None,0.0,OK,None,7,00024533,"[1, 1, 1, 1, 1, 1, 1, 1, 1]"
1869381,8462284S00,"[994, 7]","[142, 1]",10:35:39,20260417,0.0,10823,"[11.4, 127.4, 128.2, 128.4, 127.6, 128.4, 127.1, 12.5, 791.1]",None,0.0,OK,None,7,00024533,"[1, 1, 1, 1, 1, 1, 1, 1, 1]"
1869380,8462284S00,"[993, 7]","[141, 1]",10:35:15,20260417,0.0,10823,"[12.3, 127.6, 128.2, 128.6, 128.2, 128.2, 128.3, 12.6, 794.1]",None,0.0,OK,None,7,00024533,"[1, 1, 1, 1, 1, 1, 1, 1, 1]"
1869379,658207UA0A,"[620, 0]","[120, 0]",10:34:53,20260417,0.0,10821,"[16.2, 74.5, 88.0, 117.6, 15.2, 311.4]","[1, 1, 1, 1]",0.0,OK,,,None,"[1, 1, 1, 1, 1, 1]"
1869378,658207UA0A,"[619, 0]","[119, 0]",10:34:47,20260417,0.0,10821,"[15.9, 74.5, 88.0, 116.8, 15.4, 310.6]","[1, 1, 1, 1]",0.0,OK,,,None,"[1, 1, 1, 1, 1, 1]"
1869377,658207UA0A,"[618, 0]","[118, 0]",10:34:42,20260417,0.0,10821,"[15.7, 74.7, 88.1, 117.3, 15.0, 310.7]","[1, 1, 1, 1]",0.0,OK,,,None,"[1, 1, 1, 1, 1, 1]"
1869376,658207UA0A,"[617, 0]","[117, 0]",10:34:34,20260417,0.0,10821,"[16.0, 75.0, 88.0, 117.1, 14.9, 311.0]","[1, 1, 1, 1]",0.0,OK,,,None,"[1, 1, 1, 1, 1, 1]"
1869375,658207UA0A,"[616, 0]","[116, 0]",10:34:29,20260417,0.0,10821,"[15.8, 74.2, 88.8, 116.7, 14.9, 310.2]","[1, 1, 1, 1]",0.0,OK,,,None,"[1, 1, 1, 1, 1, 1]"
1869373,658207UA0A,"[615, 0]","[115, 0]",10:34:24,20260417,0.0,10821,"[15.8, 74.7, 88.1, 117.0, 15.8, 311.4]","[1, 1, 1, 1]",0.0,OK,,,None,"[1, 1, 1, 1, 1, 1]"
1869374,8462284S00,"[992, 7]","[140, 1]",10:34:24,20260417,0.0,10823,"[12.0, 127.4, 128.4, 128.1, 128.6, 128.4, 127.4, 9.8, 790.1]",None,0.0,OK,None,7,00024533,"[1, 1, 1, 1, 1, 1, 1, 1, 1]"
1869372,658207UA0A,"[614, 0]","[114, 0]",10:34:19,20260417,0.0,10821,"[15.5, 74.8, 88.0, 117.6, 14.6, 310.5]","[1, 1, 1, 1]",0.0,OK,,,None,"[1, 1, 1, 1, 1, 1]"
1869371,658207UA0A,"[613, 0]","[113, 0]",10:34:14,20260417,0.0,10821,"[15.8, 74.7, 88.1, 117.5, 14.7, 310.8]","[1, 1, 1, 1]",0.0,OK,,,None,"[1, 1, 1, 1, 1, 1]"
1869370,808397UA0A,"[154, 7]","[82, 3]",10:34:09,20260417,0.0,10819,"[15.0, 123.6, 122.4, 81.0, 81.2, 122.4, 123.4, 15.6, 37.5, 40.1]",None,0.0,OK,,,None,"[1, 1, 1, 1, 1, 1, 1, 1, 1, 1]"
1869369,808397UA0A,"[154, 7]","[82, 3]",10:34:09,20260417,0.0,10819,"[15.8, 123.0, 121.8, 81.0, 80.6, 122.6, 123.6, 15.6, 38.3, 40.7]",None,0.0,OK,,,None,"[1, 1, 1, 1, 1, 1, 1, 1, 1, 1]"
1869368,808397UA0A,"[154, 7]","[82, 3]",10:34:09,20260417,0.0,10819,"[15.8, 123.4, 121.6, 80.6, 80.6, 122.2, 123.0, 15.6, 37.0, 41.1]",None,0.0,OK,,,None,"[1, 1, 1, 1, 1, 1, 1, 1, 1, 1]"
1869367,808397UA0A,"[154, 7]","[82, 3]",10:34:08,20260417,0.0,10819,"[15.0, 123.6, 122.8, 79.8, 80.6, 122.0, 122.8, 16.2, 36.9, 41.1]",None,0.0,OK,,,None,"[1, 1, 1, 1, 1, 1, 1, 1, 1, 1]"
1869366,808397UA0A,"[154, 7]","[82, 3]",10:34:08,20260417,0.0,10819,"[16.0, 122.0, 122.8, 80.2, 80.4, 121.8, 123.6, 16.0, 36.1, 41.3]",None,0.0,OK,,,None,"[1, 1, 1, 1, 1, 1, 1, 1, 1, 1]"
1869365,8462284S00,"[991, 7]","[139, 1]",10:33:56,20260417,0.0,10823,"[12.3, 128.1, 127.6, 128.6, 128.9, 128.4, 127.8, 12.9, 794.4]",None,0.0,OK,None,7,00024533,"[1, 1, 1, 1, 1, 1, 1, 1, 1]"
1869364,8462284S00,"[990, 7]","[138, 1]",10:33:46,20260417,0.0,10823,"[12.0, 127.3, 128.2, 127.6, 128.6, 128.6, 127.6, 12.7, 792.5]",None,0.0,OK,None,7,00024533,"[1, 1, 1, 1, 1, 1, 1, 1, 1]"
1869363,8462284S00,"[989, 7]","[137, 1]",10:33:22,20260417,0.0,10823,"[12.2, 127.4, 127.9, 128.7, 128.2, 128.1, 127.6, 12.4, 792.6]",None,0.0,OK,None,7,00024533,"[1, 1, 1, 1, 1, 1, 1, 1, 1]"
1869362,8462284S00,"[988, 7]","[136, 1]",10:33:10,20260417,0.0,10823,"[12.3, 127.6, 128.1, 128.1, 128.0, 128.6, 127.3, 12.8, 792.6]",None,0.0,OK,None,7,00024533,"[1, 1, 1, 1, 1, 1, 1, 1, 1]"
1869361,8462284S00,"[987, 7]","[135, 1]",10:32:55,20260417,0.0,10823,"[11.6, 128.4, 128.1, 127.9, 128.4, 128.4, 127.4, 12.5, 792.8]",None,0.0,OK,None,7,00024533,"[1, 1, 1, 1, 1, 1, 1, 1, 1]"
1869360,8462284S00,"[986, 7]","[134, 1]",10:32:33,20260417,0.0,10823,"[12.2, 127.6, 128.2, 128.1, 128.7, 128.2, 127.4, 12.4, 792.8]",None,0.0,OK,None,7,00024533,"[1, 1, 1, 1, 1, 1, 1, 1, 1]"
1869359,808387UA0A,"[151, 7]","[65, 0]",10:32:32,20260417,0.0,10819,None,None,0.0,NOPART,None,,None,None
1869356,808387UA0A,"[151, 7]","[65, 0]",10:32:31,20260417,0.0,10819,None,None,0.0,NOPART,None,,None,None
1869355,808387UA0A,"[151, 7]","[65, 0]",10:32:31,20260417,0.0,10819,None,None,0.0,NOPART,None,,None,None
1869358,808387UA0A,"[151, 7]","[65, 0]",10:32:31,20260417,0.0,10819,"[15.4, 121.8, 121.4, 80.4, 79.2, 123.6, 123.0, 16.0, 37.6, 40.9]",None,0.0,OK,,,None,"[1, 1, 1, 1, 1, 1, 1, 1, 1, 1]"
1869357,808387UA0A,"[151, 7]","[65, 0]",10:32:31,20260417,0.0,10819,None,None,0.0,NOPART,None,,None,None
1869354,808387UA0A,"[150, 7]","[64, 0]",10:32:29,20260417,0.0,10819,MANUAL,MANUAL,0.0,MANUAL,MANUAL,,MANUAL,MANUAL
1869353,8462284S00,"[985, 7]","[133, 1]",10:32:21,20260417,0.0,10823,"[12.3, 127.3, 127.9, 128.4, 128.4, 128.6, 127.4, 12.4, 792.6]",None,0.0,OK,None,7,00024533,"[1, 1, 1, 1, 1, 1, 1, 1, 1]"
1869352,8462284S00,"[984, 7]","[132, 1]",10:32:04,20260417,0.0,10823,"[11.7, 127.9, 127.9, 128.4, 128.6, 128.6, 127.3, 10.5, 790.8]",None,0.0,OK,None,7,00024533,"[1, 1, 1, 1, 1, 1, 1, 1, 1]"
1869351,8462284S00,"[983, 7]","[131, 1]",10:31:33,20260417,0.0,10823,"[12.2, 127.6, 128.1, 128.6, 128.4, 128.2, 127.9, 12.4, 793.4]",None,0.0,OK,None,7,00024533,"[1, 1, 1, 1, 1, 1, 1, 1, 1]"
1869348,808387UA0A,"[150, 8]","[64, 1]",10:31:25,20260417,0.0,10819,"[15.2, 122.2, 121.2, 80.0, 80.0, 123.0, 123.0, 15.2, 37.3, 40.3]",None,0.0,OK,,,None,"[1, 1, 1, 1, 1, 1, 1, 1, 1, 1]"
1869346,808387UA0A,"[150, 8]","[64, 1]",10:31:25,20260417,0.0,10819,"[15.4, 122.0, 121.4, 80.6, 79.8, 122.6, 123.0, 15.6, 36.6, 40.3]",None,0.0,OK,,,None,"[1, 1, 1, 1, 1, 1, 1, 1, 1, 1]"
1869347,808387UA0A,"[150, 8]","[64, 1]",10:31:25,20260417,0.0,10819,"[15.2, 122.0, 121.4, 80.4, 79.6, 123.4, 123.0, 15.6, 37.7, 40.1]",None,0.0,OK,,,None,"[1, 1, 1, 1, 1, 1, 1, 1, 1, 1]"
1869349,808387UA0A,"[150, 8]","[64, 1]",10:31:25,20260417,0.0,10819,"[15.2, 122.0, 121.4, 80.4, 79.8, 122.8, 123.2, 15.6, 37.5, 40.7]",None,0.0,OK,,,None,"[1, 1, 1, 1, 1, 1, 1, 1, 1, 1]"
1869350,808387UA0A,"[150, 8]","[64, 1]",10:31:25,20260417,0.0,10819,"[15.4, 121.6, 121.4, 80.4, 78.8, 123.4, 123.2, 16.2, 37.4, 40.7]",None,0.0,NG,CLIP PITCH NG,,None,"[1, 1, 1, 1, 0, 1, 1, 1, 1, 1]"
1869345,8462284S00,"[982, 7]","[130, 1]",10:30:52,20260417,0.0,10823,"[12.2, 127.8, 127.9, 128.6, 128.4, 128.4, 127.6, 12.5, 793.3]",None,0.0,OK,None,7,00024533,"[1, 1, 1, 1, 1, 1, 1, 1, 1]"
1869344,8462284S00,"[981, 7]","[129, 1]",10:30:40,20260417,0.0,10823,"[12.3, 128.1, 128.1, 128.7, 128.6, 128.9, 128.1, 12.4, 795.1]",None,0.0,OK,None,7,00024533,"[1, 1, 1, 1, 1, 1, 1, 1, 1]"
1869343,8462284S00,"[980, 7]","[128, 1]",10:30:21,20260417,0.0,10823,"[12.8, 127.9, 127.8, 128.4, 128.7, 128.4, 127.4, 12.7, 794.2]",None,0.0,OK,None,7,00024533,"[1, 1, 1, 1, 1, 1, 1, 1, 1]"
1869342,8462284S00,"[979, 7]","[127, 1]",10:30:08,20260417,0.0,10823,"[12.2, 127.8, 128.1, 127.9, 128.2, 128.4, 127.6, 12.5, 792.7]",None,0.0,OK,None,7,00024533,"[1, 1, 1, 1, 1, 1, 1, 1, 1]"
1869341,8462284S00,"[978, 7]","[126, 1]",10:29:54,20260417,0.0,10823,"[12.0, 127.6, 128.1, 128.1, 128.4, 128.2, 127.1, 12.5, 792.0]",None,0.0,OK,None,7,00024533,"[1, 1, 1, 1, 1, 1, 1, 1, 1]"
1869340,8462284S00,"[977, 7]","[125, 1]",10:29:43,20260417,0.0,10823,"[11.9, 127.8, 128.2, 128.4, 128.6, 128.4, 127.8, 12.6, 793.5]",None,0.0,OK,None,7,00024533,"[1, 1, 1, 1, 1, 1, 1, 1, 1]"
1869339,8462284S00,"[976, 7]","[124, 1]",10:29:32,20260417,0.0,10823,"[12.0, 127.8, 127.9, 128.6, 127.9, 128.4, 127.8, 12.6, 792.9]",None,0.0,OK,None,7,00024533,"[1, 1, 1, 1, 1, 1, 1, 1, 1]"
1869338,8462284S00,"[975, 7]","[123, 1]",10:29:18,20260417,0.0,10823,"[12.0, 128.1, 128.1, 128.6, 128.4, 128.2, 127.4, 12.5, 793.3]",None,0.0,OK,None,7,00024533,"[1, 1, 1, 1, 1, 1, 1, 1, 1]"
1869337,8462284S00,"[974, 7]","[122, 1]",10:29:06,20260417,0.0,10823,"[12.2, 128.1, 128.1, 127.8, 128.7, 128.4, 127.3, 12.8, 793.2]",None,0.0,OK,None,7,00024533,"[1, 1, 1, 1, 1, 1, 1, 1, 1]"
1869335,808397UA0A,"[149, 7]","[77, 3]",10:28:52,20260417,0.0,10819,"[15.8, 123.2, 121.8, 80.0, 81.4, 122.4, 123.6, 15.6, 37.3, 40.3]",None,0.0,OK,,,None,"[1, 1, 1, 1, 1, 1, 1, 1, 1, 1]"
1869334,808397UA0A,"[149, 7]","[77, 3]",10:28:52,20260417,0.0,10819,"[15.8, 123.0, 121.8, 80.4, 80.8, 122.0, 123.0, 15.8, 36.8, 40.1]",None,0.0,OK,,,None,"[1, 1, 1, 1, 1, 1, 1, 1, 1, 1]"
1869333,808397UA0A,"[149, 7]","[77, 3]",10:28:52,20260417,0.0,10819,"[15.4, 123.4, 122.2, 80.2, 80.6, 122.2, 123.8, 15.8, 36.1, 40.5]",None,0.0,OK,,,None,"[1, 1, 1, 1, 1, 1, 1, 1, 1, 1]"
1869336,8462284S00,"[973, 7]","[121, 1]",10:28:51,20260417,0.0,10823,"[13.0, 127.6, 127.8, 128.1, 128.6, 128.4, 127.1, 13.1, 793.6]",None,0.0,OK,None,7,00024533,"[1, 1, 1, 1, 1, 1, 1, 1, 1]"
1869332,808397UA0A,"[149, 7]","[77, 3]",10:28:51,20260417,0.0,10819,"[15.6, 123.0, 122.6, 80.0, 81.1, 122.4, 123.6, 15.6, 37.2, 41.3]",None,0.0,OK,,,None,"[1, 1, 1, 1, 1, 1, 1, 1, 1, 1]"
1869331,808397UA0A,"[149, 7]","[77, 3]",10:28:51,20260417,0.0,10819,"[15.2, 123.4, 123.2, 80.0, 80.6, 122.2, 123.4, 15.8, 36.4, 41.7]",None,0.0,OK,,,None,"[1, 1, 1, 1, 1, 1, 1, 1, 1, 1]"
1869330,658207UA0A,"[612, 0]","[112, 0]",10:28:49,20260417,0.0,10821,"[15.6, 75.1, 88.0, 116.3, 15.8, 310.8]","[1, 1, 1, 1]",0.0,OK,,,None,"[1, 1, 1, 1, 1, 1]"
1869329,658207UA0A,"[611, 0]","[111, 0]",10:28:44,20260417,0.0,10821,"[15.4, 75.1, 88.1, 117.0, 15.9, 311.6]","[1, 1, 1, 1]",0.0,OK,,,None,"[1, 1, 1, 1, 1, 1]"
1869328,658207UA0A,"[610, 0]","[110, 0]",10:28:38,20260417,0.0,10821,"[15.9, 75.1, 88.1, 116.7, 16.2, 312.0]","[1, 1, 1, 1]",0.0,OK,,,None,"[1, 1, 1, 1, 1, 1]"
1869327,658207UA0A,"[609, 0]","[109, 0]",10:28:32,20260417,0.0,10821,"[15.7, 75.1, 88.1, 116.7, 15.7, 311.3]","[1, 1, 1, 1]",0.0,OK,,,None,"[1, 1, 1, 1, 1, 1]"
1869326,658207UA0A,"[608, 0]","[108, 0]",10:28:27,20260417,0.0,10821,"[15.8, 75.0, 87.8, 116.8, 16.4, 311.8]","[1, 1, 1, 1]",0.0,OK,,,None,"[1, 1, 1, 1, 1, 1]"
1869325,658207UA0A,"[607, 0]","[107, 0]",10:28:21,20260417,0.0,10821,"[15.2, 75.1, 88.3, 116.2, 16.0, 310.8]","[1, 1, 1, 1]",0.0,OK,,,None,"[1, 1, 1, 1, 1, 1]"
1869324,658207UA0A,"[606, 0]","[106, 0]",10:28:12,20260417,0.0,10821,"[15.5, 75.6, 88.0, 116.5, 15.6, 311.2]","[1, 1, 1, 1]",0.0,OK,,,None,"[1, 1, 1, 1, 1, 1]"
1869323,8462284S00,"[972, 7]","[120, 1]",10:28:08,20260417,0.0,10823,"[12.2, 127.8, 127.9, 128.6, 128.7, 128.4, 127.3, 12.6, 793.4]",None,0.0,OK,None,7,00024533,"[1, 1, 1, 1, 1, 1, 1, 1, 1]"
1869322,658207UA0A,"[605, 0]","[105, 0]",10:28:06,20260417,0.0,10821,"[15.3, 75.6, 88.3, 116.2, 16.1, 311.5]","[1, 1, 1, 1]",0.0,OK,,,None,"[1, 1, 1, 1, 1, 1]"
1869321,658207UA0A,"[604, 0]","[104, 0]",10:27:59,20260417,0.0,10821,"[15.3, 75.3, 87.8, 117.0, 16.1, 311.5]","[1, 1, 1, 1]",0.0,OK,,,None,"[1, 1, 1, 1, 1, 1]"
1869320,82832W080PKENGEN,"[410, 0]","[185, 0]",10:27:56,20260417,0.0,None,"[28.0, 37.2, 38.4, 51.6, 61.2, 78.0, 98.0, 97.6, 86.8, 84.5, 13.5]",None,0.0,OK,None,,Null,"[1, 1, 1, 1, 1, 1, 1, 1, 1, 1, 1]"
1869319,8462284S00,"[971, 7]","[119, 1]",10:27:56,20260417,0.0,10823,"[12.2, 127.6, 128.1, 128.4, 128.2, 128.9, 127.3, 12.5, 793.2]",None,0.0,OK,None,7,00024533,"[1, 1, 1, 1, 1, 1, 1, 1, 1]"
1869318,658207UA0A,"[603, 0]","[103, 0]",10:27:52,20260417,0.0,10821,"[15.7, 75.3, 87.8, 116.7, 16.2, 311.7]","[1, 1, 1, 1]",0.0,OK,,,None,"[1, 1, 1, 1, 1, 1]"
1869317,8462284S00,"[970, 7]","[118, 1]",10:27:46,20260417,0.0,10823,"[12.7, 127.4, 128.2, 128.6, 128.4, 128.6, 127.4, 12.8, 794.1]",None,0.0,OK,None,7,00024533,"[1, 1, 1, 1, 1, 1, 1, 1, 1]"
1869316,658207UA0A,"[602, 0]","[102, 0]",10:27:46,20260417,0.0,10821,"[15.7, 75.1, 88.3, 116.2, 16.3, 311.6]","[1, 1, 1, 1]",0.0,OK,,,None,"[1, 1, 1, 1, 1, 1]"
1869315,8462284S00,"[969, 7]","[117, 1]",10:27:33,20260417,0.0,10823,"[12.6, 127.9, 128.3, 128.4, 128.6, 128.4, 127.4, 12.5, 794.0]",None,0.0,OK,None,7,00024533,"[1, 1, 1, 1, 1, 1, 1, 1, 1]"
1869314,82832W080PKENGEN,"[409, 0]","[184, 0]",10:27:29,20260417,0.0,None,"[28.0, 37.2, 38.4, 51.5, 61.0, 77.8, 98.3, 97.5, 86.6, 83.9, 13.8]",None,0.0,OK,None,,Null,"[1, 1, 1, 1, 1, 1, 1, 1, 1, 1, 1]"
1869312,658207UA0A,"[601, 0]","[101, 0]",10:27:21,20260417,0.0,10821,"[15.5, 75.1, 88.6, 116.5, 15.2, 311.0]","[1, 1, 1, 1]",0.0,OK,,,None,"[1, 1, 1, 1, 1, 1]"
1869313,8462284S00,"[968, 7]","[116, 1]",10:27:20,20260417,0.0,10823,"[12.4, 127.8, 127.9, 128.6, 128.4, 128.6, 127.4, 12.5, 793.5]",None,0.0,OK,None,7,00024533,"[1, 1, 1, 1, 1, 1, 1, 1, 1]"
1869311,8462284S00,"[967, 7]","[115, 1]",10:27:10,20260417,0.0,10823,"[11.6, 127.8, 128.1, 128.4, 128.2, 128.6, 127.1, 13.3, 793.1]",None,0.0,OK,None,7,00024533,"[1, 1, 1, 1, 1, 1, 1, 1, 1]"
1869310,82832W080PKENGEN,"[408, 0]","[183, 0]",10:27:01,20260417,0.0,None,"[28.0, 36.9, 38.4, 51.6, 61.0, 78.0, 98.0, 97.6, 86.9, 84.5, 13.5]",None,0.0,OK,None,,Null,"[1, 1, 1, 1, 1, 1, 1, 1, 1, 1, 1]"
1869309,8462284S00,"[966, 7]","[114, 1]",10:26:47,20260417,0.0,10823,"[12.3, 127.8, 128.1, 128.7, 128.4, 128.4, 127.6, 12.5, 793.7]",None,0.0,OK,None,7,00024533,"[1, 1, 1, 1, 1, 1, 1, 1, 1]"
1869308,82832W080PKENGEN,"[407, 0]","[182, 0]",10:26:37,20260417,0.0,None,"[28.1, 36.8, 38.7, 51.5, 61.0, 78.0, 98.6, 97.5, 86.9, 84.5, 13.4]",None,0.0,OK,None,,Null,"[1, 1, 1, 1, 1, 1, 1, 1, 1, 1, 1]"
1869307,8462284S00,"[965, 7]","[113, 1]",10:26:20,20260417,0.0,10823,"[12.2, 127.9, 127.9, 128.4, 128.4, 128.7, 127.3, 12.6, 793.4]",None,0.0,OK,None,7,00024533,"[1, 1, 1, 1, 1, 1, 1, 1, 1]"
1869306,82832W080PKENGEN,"[406, 0]","[181, 0]",10:26:10,20260417,0.0,None,"[27.8, 36.9, 38.4, 51.5, 61.4, 77.7, 98.1, 97.5, 87.1, 85.0, 13.8]",None,0.0,OK,None,,Null,"[1, 1, 1, 1, 1, 1, 1, 1, 1, 1, 1]"
1869305,8462284S00,"[964, 7]","[112, 1]",10:26:07,20260417,0.0,10823,"[12.4, 127.6, 127.6, 128.6, 128.6, 128.6, 127.4, 12.3, 793.0]",None,0.0,OK,None,7,00024533,"[1, 1, 1, 1, 1, 1, 1, 1, 1]"
1869304,8462284S00,"[963, 7]","[111, 1]",10:25:53,20260417,0.0,10823,"[11.8, 127.8, 128.4, 128.2, 128.7, 128.6, 127.6, 12.6, 793.6]",None,0.0,OK,None,7,00024533,"[1, 1, 1, 1, 1, 1, 1, 1, 1]"
1869303,8462284S00,"[962, 7]","[110, 1]",10:25:15,20260417,0.0,10823,"[12.1, 127.6, 128.1, 128.6, 128.7, 128.2, 127.6, 12.3, 793.2]",None,0.0,OK,None,7,00024533,"[1, 1, 1, 1, 1, 1, 1, 1, 1]"
1869302,8462284S00,"[961, 7]","[109, 1]",10:25:04,20260417,0.0,10823,"[11.7, 127.9, 128.1, 128.1, 128.4, 128.4, 127.4, 12.7, 792.7]",None,0.0,OK,None,7,00024533,"[1, 1, 1, 1, 1, 1, 1, 1, 1]"
1869301,82832W080PKENGEN,"[405, 0]","[180, 0]",10:24:57,20260417,0.0,None,"[28.1, 37.2, 38.4, 51.6, 60.9, 77.8, 98.0, 97.8, 86.8, 85.0, 13.4]",None,0.0,OK,None,,Null,"[1, 1, 1, 1, 1, 1, 1, 1, 1, 1, 1]"
1869300,8462284S00,"[960, 7]","[108, 1]",10:24:54,20260417,0.0,10823,"[11.1, 127.9, 127.8, 128.4, 128.4, 128.2, 127.1, 12.7, 791.6]",None,0.0,OK,None,7,00024533,"[1, 1, 1, 1, 1, 1, 1, 1, 1]"
1869299,82832W080PKENGEN,"[404, 0]","[179, 0]",10:24:39,20260417,0.0,None,"[28.0, 37.1, 37.9, 51.9, 61.4, 78.0, 98.1, 97.6, 86.5, 85.2, 13.8]",None,0.0,OK,None,,Null,"[1, 1, 1, 1, 1, 1, 1, 1, 1, 1, 1]"
1869298,8462284S00,"[959, 7]","[107, 1]",10:24:35,20260417,0.0,10823,"[11.9, 127.8, 128.1, 128.2, 128.7, 128.6, 127.0, 12.4, 792.6]",None,0.0,OK,None,7,00024533,"[1, 1, 1, 1, 1, 1, 1, 1, 1]"
1869297,8462284S00,"[958, 7]","[106, 1]",10:24:22,20260417,0.0,10823,"[12.2, 127.6, 127.6, 128.2, 128.7, 128.4, 127.3, 13.0, 793.0]",None,0.0,OK,None,7,00024533,"[1, 1, 1, 1, 1, 1, 1, 1, 1]"
1869296,82832W080PKENGEN,"[403, 0]","[178, 0]",10:24:16,20260417,0.0,None,"[28.1, 36.9, 38.2, 51.6, 61.0, 77.8, 98.3, 97.6, 86.6, 84.7, 13.6]",None,0.0,OK,None,,Null,"[1, 1, 1, 1, 1, 1, 1, 1, 1, 1, 1]"
1869295,8462284S00,"[957, 7]","[105, 1]",10:24:10,20260417,0.0,10823,"[12.3, 127.8, 127.9, 128.5, 128.6, 128.3, 127.4, 12.5, 793.3]",None,0.0,OK,None,7,00024533,"[1, 1, 1, 1, 1, 1, 1, 1, 1]"
1869294,8462284S00,"[956, 7]","[104, 1]",10:23:58,20260417,0.0,10823,"[11.2, 127.6, 128.1, 128.4, 128.4, 128.7, 127.6, 13.0, 793.1]",None,0.0,OK,None,7,00024533,"[1, 1, 1, 1, 1, 1, 1, 1, 1]"
1869293,82832W080PKENGEN,"[402, 0]","[177, 0]",10:23:51,20260417,0.0,None,"[28.1, 36.8, 38.0, 51.8, 61.0, 77.8, 98.3, 97.8, 86.8, 84.9, 13.6]",None,0.0,OK,None,,Null,"[1, 1, 1, 1, 1, 1, 1, 1, 1, 1, 1]"
1869291,808387UA0A,"[146, 7]","[60, 0]",10:23:35,20260417,0.0,10819,"[15.4, 122.0, 121.4, 80.0, 79.4, 123.2, 123.0, 15.8, 35.9, 40.5]",None,0.0,OK,,,None,"[1, 1, 1, 1, 1, 1, 1, 1, 1, 1]"
1869288,808387UA0A,"[146, 7]","[60, 0]",10:23:34,20260417,0.0,10819,"[15.4, 122.0, 120.8, 80.6, 79.8, 122.8, 123.2, 15.2, 37.0, 40.3]",None,0.0,OK,,,None,"[1, 1, 1, 1, 1, 1, 1, 1, 1, 1]"
1869287,808387UA0A,"[146, 7]","[60, 0]",10:23:34,20260417,0.0,10819,"[15.2, 122.4, 120.8, 80.6, 79.6, 123.4, 123.0, 15.8, 37.0, 41.1]",None,0.0,OK,,,None,"[1, 1, 1, 1, 1, 1, 1, 1, 1, 1]"
1869289,808387UA0A,"[146, 7]","[60, 0]",10:23:34,20260417,0.0,10819,"[14.8, 122.4, 121.2, 80.4, 80.2, 123.0, 123.2, 15.0, 36.7, 39.7]",None,0.0,OK,,,None,"[1, 1, 1, 1, 1, 1, 1, 1, 1, 1]"
1869290,808387UA0A,"[146, 7]","[60, 0]",10:23:34,20260417,0.0,10819,"[15.4, 121.8, 121.4, 80.4, 80.2, 122.8, 123.2, 15.4, 36.6, 40.5]",None,0.0,OK,,,None,"[1, 1, 1, 1, 1, 1, 1, 1, 1, 1]"
1869292,8462284S00,"[955, 7]","[103, 1]",10:23:33,20260417,0.0,10823,"[12.5, 127.9, 127.6, 128.1, 128.7, 128.1, 127.3, 11.9, 792.1]",None,0.0,OK,None,7,00024533,"[1, 1, 1, 1, 1, 1, 1, 1, 1]"
1869286,82832W080PKENGEN,"[401, 0]","[176, 0]",10:23:25,20260417,0.0,None,"[27.8, 37.1, 38.4, 51.5, 60.9, 78.3, 98.1, 98.0, 86.8, 85.2, 13.8]",None,0.0,OK,None,,Null,"[1, 1, 1, 1, 1, 1, 1, 1, 1, 1, 1]"
1869285,8462284S00,"[954, 7]","[102, 1]",10:23:20,20260417,0.0,10823,"[11.0, 127.1, 128.7, 128.1, 128.4, 128.4, 127.5, 13.0, 792.3]",None,0.0,OK,None,7,00024533,"[1, 1, 1, 1, 1, 1, 1, 1, 1]"
1869284,82832W080PKENGEN,"[400, 0]","[175, 0]",10:23:00,20260417,0.0,None,"[28.0, 36.9, 38.4, 51.9, 60.9, 78.3, 98.1, 98.0, 86.8, 84.5, 13.8]",None,0.0,OK,None,,Null,"[1, 1, 1, 1, 1, 1, 1, 1, 1, 1, 1]"
1869283,8462284S00,"[953, 7]","[101, 1]",10:22:51,20260417,0.0,10823,"[12.2, 127.8, 127.9, 128.6, 127.8, 128.6, 127.8, 12.4, 792.9]",None,0.0,OK,None,7,00024533,"[1, 1, 1, 1, 1, 1, 1, 1, 1]"
1869282,82832W080PKENGEN,"[399, 0]","[174, 0]",10:22:34,20260417,0.0,None,"[28.3, 36.6, 38.5, 51.5, 60.7, 78.3, 98.1, 97.6, 86.5, 84.9, 13.8]",None,0.0,OK,None,,Null,"[1, 1, 1, 1, 1, 1, 1, 1, 1, 1, 1]"
1869281,658207UA0A,"[600, 0]","[100, 0]",10:22:34,20260417,0.0,10821,"[15.4, 75.4, 88.0, 116.2, 15.7, 310.7]","[1, 1, 1, 1]",0.0,OK,,,None,"[1, 1, 1, 1, 1, 1]"
1869280,658207UA0A,"[599, 0]","[99, 0]",10:22:29,20260417,0.0,10821,"[15.8, 75.3, 88.4, 116.3, 15.6, 311.5]","[1, 1, 1, 1]",0.0,OK,,,None,"[1, 1, 1, 1, 1, 1]"
1869279,658207UA0A,"[598, 0]","[98, 0]",10:22:23,20260417,0.0,10821,"[16.1, 74.8, 87.8, 116.4, 16.7, 311.9]","[1, 1, 1, 1]",0.0,OK,,,None,"[1, 1, 1, 1, 1, 1]"
1869278,658207UA0A,"[597, 0]","[97, 0]",10:22:17,20260417,0.0,10821,"[15.4, 75.1, 87.8, 117.5, 15.6, 311.4]","[1, 1, 1, 1]",0.0,OK,,,None,"[1, 1, 1, 1, 1, 1]"
1869277,658207UA0A,"[596, 0]","[96, 0]",10:22:13,20260417,0.0,10821,"[15.4, 75.0, 88.1, 116.8, 15.6, 311.0]","[1, 1, 1, 1]",0.0,OK,,,None,"[1, 1, 1, 1, 1, 1]"
1869276,8462284S00,"[952, 7]","[100, 1]",10:22:10,20260417,0.0,10823,"[12.4, 127.9, 127.6, 128.6, 128.4, 128.4, 127.1, 12.4, 792.7]",None,0.0,OK,None,7,00024533,"[1, 1, 1, 1, 1, 1, 1, 1, 1]"
1869275,658207UA0A,"[595, 0]","[95, 0]",10:22:07,20260417,0.0,10821,"[16.0, 75.0, 88.0, 116.5, 15.6, 311.0]","[1, 1, 1, 1]",0.0,OK,,,None,"[1, 1, 1, 1, 1, 1]"
1869273,658207UA0A,"[594, 0]","[94, 0]",10:22:03,20260417,0.0,10821,"[16.0, 75.0, 88.1, 116.0, 15.9, 311.0]","[1, 1, 1, 1]",0.0,OK,,,None,"[1, 1, 1, 1, 1, 1]"
1869274,82832W080PKENGEN,"[398, 0]","[173, 0]",10:22:03,20260417,0.0,None,"[28.3, 36.9, 38.0, 51.8, 61.4, 77.8, 98.3, 97.6, 86.6, 84.7, 13.6]",None,0.0,OK,None,,Null,"[1, 1, 1, 1, 1, 1, 1, 1, 1, 1, 1]"
1869272,8462284S00,"[951, 7]","[99, 1]",10:21:59,20260417,0.0,10823,"[12.6, 127.6, 127.9, 128.2, 128.6, 127.9, 127.4, 12.0, 792.3]",None,0.0,OK,None,7,00024533,"[1, 1, 1, 1, 1, 1, 1, 1, 1]"
1869271,658207UA0A,"[593, 0]","[93, 0]",10:21:56,20260417,0.0,10821,MANUAL,MANUAL,0.0,MANUAL,MANUAL,,Null,MANUAL
1869270,658207UA0A,"[593, 1]","[93, 1]",10:21:51,20260417,0.0,10821,"[15.3, 75.1, 88.0, 116.7, 16.1, 311.2]","[1, 1, 1, 1]",0.0,OK,,,None,"[1, 1, 1, 1, 1, 1]"
1869268,658207UA0A,"[592, 1]","[92, 1]",10:21:48,20260417,0.0,10821,"[0, 0, 0, 0, 0, 0]",[],0.0,NG,PART IS NOT FOUND,,None,"[0, 0, 0, 0, 0, 0]"
1869269,8462284S00,"[950, 7]","[98, 1]",10:21:47,20260417,0.0,10823,"[12.4, 127.6, 128.1, 128.2, 128.2, 128.6, 128.1, 11.9, 793.1]",None,0.0,OK,None,7,00024533,"[1, 1, 1, 1, 1, 1, 1, 1, 1]"
1869266,658207UA0A,"[592, 0]","[92, 0]",10:21:43,20260417,0.0,10821,"[15.9, 74.7, 88.3, 116.0, 15.8, 310.7]","[1, 1, 1, 1]",0.0,OK,,,None,"[1, 1, 1, 1, 1, 1]"
1869267,82832W080PKENGEN,"[397, 0]","[172, 0]",10:21:42,20260417,0.0,None,"[28.0, 36.8, 38.7, 51.8, 61.1, 77.7, 98.6, 97.8, 86.8, 84.9, 13.6]",None,0.0,OK,None,,Null,"[1, 1, 1, 1, 1, 1, 1, 1, 1, 1, 1]"
1869265,658207UA0A,"[591, 0]","[91, 0]",10:21:38,20260417,0.0,10821,"[15.5, 74.5, 87.8, 116.2, 16.7, 310.7]","[1, 1, 1, 1]",0.0,OK,,,None,"[1, 1, 1, 1, 1, 1]"
1869264,8462284S00,"[949, 7]","[97, 1]",10:21:33,20260417,0.0,10823,"[12.3, 127.8, 127.9, 128.6, 128.6, 128.4, 127.8, 12.5, 793.7]",None,0.0,OK,None,7,00024533,"[1, 1, 1, 1, 1, 1, 1, 1, 1]"
1869263,658207UA0A,"[590, 0]","[90, 0]",10:21:32,20260417,0.0,10821,"[15.4, 75.3, 88.3, 116.0, 15.8, 310.8]","[1, 1, 1, 1]",0.0,OK,,,None,"[1, 1, 1, 1, 1, 1]"
1869261,808397UA0A,"[144, 7]","[72, 3]",10:21:28,20260417,0.0,10819,"[15.6, 123.0, 122.4, 79.8, 81.0, 122.4, 123.6, 16.0, 37.2, 40.1]",None,0.0,OK,,,None,"[1, 1, 1, 1, 1, 1, 1, 1, 1, 1]"
1869257,808397UA0A,"[144, 7]","[72, 3]",10:21:27,20260417,0.0,10819,"[16.2, 122.8, 120.8, 81.2, 81.0, 121.6, 123.0, 16.2, 36.1, 41.7]",None,0.0,OK,,,None,"[1, 1, 1, 1, 1, 1, 1, 1, 1, 1]"
1869258,808397UA0A,"[144, 7]","[72, 3]",10:21:27,20260417,0.0,10819,"[16.0, 123.2, 122.2, 80.0, 80.6, 122.0, 123.2, 15.8, 36.7, 41.1]",None,0.0,OK,,,None,"[1, 1, 1, 1, 1, 1, 1, 1, 1, 1]"
1869259,808397UA0A,"[144, 7]","[72, 3]",10:21:27,20260417,0.0,10819,"[15.4, 123.2, 121.8, 80.6, 80.8, 122.2, 123.6, 16.0, 36.3, 40.9]",None,0.0,OK,,,None,"[1, 1, 1, 1, 1, 1, 1, 1, 1, 1]"
1869260,808397UA0A,"[144, 7]","[72, 3]",10:21:27,20260417,0.0,10819,"[15.4, 123.4, 122.0, 80.6, 80.8, 122.0, 123.2, 16.0, 37.7, 40.5]",None,0.0,OK,,,None,"[1, 1, 1, 1, 1, 1, 1, 1, 1, 1]"
1869262,658207UA0A,"[589, 0]","[89, 0]",10:21:27,20260417,0.0,10821,"[16.2, 75.3, 88.0, 116.5, 16.2, 312.2]","[1, 1, 1, 1]",0.0,OK,,,None,"[1, 1, 1, 1, 1, 1]"
1869256,658207UA0A,"[588, 0]","[88, 0]",10:21:22,20260417,0.0,10821,"[15.3, 76.2, 87.7, 116.5, 16.1, 311.9]","[1, 1, 1, 1]",0.0,OK,,,None,"[1, 1, 1, 1, 1, 1]"
1869255,8462284S00,"[948, 7]","[96, 1]",10:21:21,20260417,0.0,10823,"[12.4, 127.5, 128.4, 128.2, 128.2, 128.3, 127.6, 12.6, 793.3]",None,0.0,OK,None,7,00024533,"[1, 1, 1, 1, 1, 1, 1, 1, 1]"
1869254,82832W080PKENGEN,"[396, 0]","[171, 0]",10:21:19,20260417,0.0,None,"[28.0, 36.8, 38.4, 51.6, 60.6, 78.3, 98.0, 97.5, 87.1, 84.7, 13.6]",None,0.0,OK,None,,Null,"[1, 1, 1, 1, 1, 1, 1, 1, 1, 1, 1]"
1869253,658207UA0A,"[587, 0]","[87, 0]",10:21:18,20260417,0.0,10821,"[15.8, 75.0, 88.3, 116.7, 16.0, 311.7]","[1, 1, 1, 1]",0.0,OK,,,None,"[1, 1, 1, 1, 1, 1]"
1869251,658207UA0A,"[586, 0]","[86, 0]",10:21:13,20260417,0.0,10821,"[15.2, 75.1, 88.4, 116.2, 15.8, 310.8]","[1, 1, 1, 1]",0.0,OK,,,None,"[1, 1, 1, 1, 1, 1]"
1869252,8462284S00,"[947, 7]","[95, 1]",10:21:09,20260417,0.0,10823,"[12.6, 127.6, 128.2, 128.2, 128.4, 128.4, 127.4, 12.5, 793.5]",None,0.0,OK,None,7,00024533,"[1, 1, 1, 1, 1, 1, 1, 1, 1]"
1869250,658207UA0A,"[585, 0]","[85, 0]",10:21:08,20260417,0.0,10821,"[15.8, 75.3, 88.0, 116.3, 16.2, 311.6]","[1, 1, 1, 1]",0.0,OK,,,None,"[1, 1, 1, 1, 1, 1]"
1869249,658207UA0A,"[584, 0]","[84, 0]",10:21:01,20260417,0.0,10821,"[15.4, 75.0, 88.1, 116.5, 15.7, 310.7]","[1, 1, 1, 1]",0.0,OK,,,None,"[1, 1, 1, 1, 1, 1]"
1869248,82832W080PKENGEN,"[395, 0]","[170, 0]",10:20:59,20260417,0.0,None,"[27.8, 36.9, 38.2, 51.8, 60.9, 77.8, 98.0, 97.8, 86.8, 84.7, 13.6]",None,0.0,OK,None,,Null,"[1, 1, 1, 1, 1, 1, 1, 1, 1, 1, 1]"
1869247,8462284S00,"[946, 7]","[94, 1]",10:20:59,20260417,0.0,10823,"[12.0, 127.9, 128.1, 128.1, 128.6, 128.4, 127.4, 12.5, 793.0]",None,0.0,OK,None,7,00024533,"[1, 1, 1, 1, 1, 1, 1, 1, 1]"
1869246,658207UA0A,"[583, 0]","[83, 0]",10:20:56,20260417,0.0,10821,"[15.5, 75.4, 88.1, 116.0, 16.5, 311.7]","[1, 1, 1, 1]",0.0,OK,,,None,"[1, 1, 1, 1, 1, 1]"
1869245,658207UA0A,"[582, 0]","[82, 0]",10:20:51,20260417,0.0,10821,"[16.0, 75.1, 88.1, 116.5, 15.5, 311.3]","[1, 1, 1, 1]",0.0,OK,,,None,"[1, 1, 1, 1, 1, 1]"
1869244,8462284S00,"[945, 7]","[93, 1]",10:20:45,20260417,0.0,10823,"[11.9, 128.1, 128.1, 128.1, 128.3, 128.4, 127.6, 12.4, 792.8]",None,0.0,OK,None,7,00024533,"[1, 1, 1, 1, 1, 1, 1, 1, 1]"
1869243,658207UA0A,"[581, 0]","[81, 0]",10:20:45,20260417,0.0,10821,"[15.2, 75.6, 88.4, 115.9, 16.4, 311.5]","[1, 1, 1, 1]",0.0,OK,,,None,"[1, 1, 1, 1, 1, 1]"
1869242,82832W080PKENGEN,"[394, 0]","[169, 0]",10:20:37,20260417,0.0,None,"[27.5, 36.9, 38.2, 51.6, 60.7, 78.1, 98.1, 98.3, 86.9, 84.5, 13.6]",None,0.0,OK,None,,Null,"[1, 1, 1, 1, 1, 1, 1, 1, 1, 1, 1]"
1869241,8462284S00,"[944, 7]","[92, 1]",10:20:33,20260417,0.0,10823,"[12.5, 127.6, 128.6, 128.1, 128.3, 128.7, 127.4, 12.1, 793.3]",None,0.0,OK,None,7,00024533,"[1, 1, 1, 1, 1, 1, 1, 1, 1]"
1869240,82832W080PKENGEN,"[393, 0]","[168, 0]",10:20:10,20260417,0.0,None,"[28.0, 36.9, 38.4, 51.5, 61.4, 77.8, 98.1, 97.5, 86.6, 84.9, 13.6]",None,0.0,OK,None,,Null,"[1, 1, 1, 1, 1, 1, 1, 1, 1, 1, 1]"
1869239,8462284S00,"[943, 7]","[91, 1]",10:20:01,20260417,0.0,10823,"[12.7, 127.8, 127.9, 128.7, 128.4, 128.6, 127.8, 12.4, 794.2]",None,0.0,OK,None,7,00024533,"[1, 1, 1, 1, 1, 1, 1, 1, 1]"
1869238,82832W080PKENGEN,"[392, 0]","[167, 0]",10:19:48,20260417,0.0,None,"[28.1, 37.1, 38.2, 51.6, 61.0, 77.5, 98.4, 98.1, 86.9, 84.7, 13.6]",None,0.0,OK,None,,Null,"[1, 1, 1, 1, 1, 1, 1, 1, 1, 1, 1]"
1869237,82832W080PKENGEN,"[391, 0]","[166, 0]",10:19:27,20260417,0.0,None,"[27.8, 36.9, 38.2, 52.1, 60.9, 78.1, 98.4, 97.6, 86.6, 84.9, 13.4]",None,0.0,OK,None,,Null,"[1, 1, 1, 1, 1, 1, 1, 1, 1, 1, 1]"
1869236,8462284S00,"[942, 7]","[90, 1]",10:19:21,20260417,0.0,10823,"[11.1, 127.9, 127.6, 127.9, 128.6, 128.2, 127.3, 12.2, 790.8]",None,0.0,OK,None,7,00024533,"[1, 1, 1, 1, 1, 1, 1, 1, 1]"
1869231,808387UA0A,"[141, 7]","[55, 0]",10:19:16,20260417,0.0,10819,"[15.4, 122.0, 121.0, 80.4, 79.6, 123.0, 123.2, 15.2, 37.4, 40.3]",None,0.0,OK,,,None,"[1, 1, 1, 1, 1, 1, 1, 1, 1, 1]"
1869230,808387UA0A,"[141, 7]","[55, 0]",10:19:16,20260417,0.0,10819,"[14.8, 122.6, 121.2, 80.4, 79.6, 123.2, 123.0, 15.4, 37.4, 40.7]",None,0.0,OK,,,None,"[1, 1, 1, 1, 1, 1, 1, 1, 1, 1]"
1869232,808387UA0A,"[141, 7]","[55, 0]",10:19:16,20260417,0.0,10819,"[15.2, 122.2, 120.8, 80.4, 80.2, 122.0, 123.0, 15.2, 37.7, 40.7]",None,0.0,OK,,,None,"[1, 1, 1, 1, 1, 1, 1, 1, 1, 1]"
1869233,808387UA0A,"[141, 7]","[55, 0]",10:19:16,20260417,0.0,10819,"[15.0, 122.2, 121.2, 80.4, 80.0, 122.6, 123.4, 15.0, 37.2, 40.1]",None,0.0,OK,,,None,"[1, 1, 1, 1, 1, 1, 1, 1, 1, 1]"
1869234,808387UA0A,"[141, 7]","[55, 0]",10:19:16,20260417,0.0,10819,"[15.2, 122.2, 121.6, 80.4, 79.6, 123.2, 123.0, 15.4, 36.7, 40.9]",None,0.0,OK,,,None,"[1, 1, 1, 1, 1, 1, 1, 1, 1, 1]"
1869235,658207UA0A,"[580, 0]","[80, 0]",10:19:16,20260417,0.0,10821,"[15.9, 74.8, 88.1, 116.3, 15.3, 310.5]","[1, 1, 1, 1]",0.0,OK,,,None,"[1, 1, 1, 1, 1, 1]"
1869229,658207UA0A,"[579, 0]","[79, 0]",10:19:10,20260417,0.0,10821,"[16.1, 75.1, 88.3, 116.8, 15.2, 311.5]","[1, 1, 1, 1]",0.0,OK,,,None,"[1, 1, 1, 1, 1, 1]"
1869226,658207UA0A,"[578, 0]","[78, 0]",10:19:06,20260417,0.0,10821,"[15.8, 75.3, 88.4, 117.3, 15.0, 311.8]","[1, 1, 1, 1]",0.0,OK,,,None,"[1, 1, 1, 1, 1, 1]"
1869228,82832W080PKENGEN,"[390, 0]","[165, 0]",10:19:02,20260417,0.0,None,"[28.0, 37.1, 38.2, 51.6, 60.9, 78.3, 98.1, 97.6, 86.9, 84.9, 13.6]",None,0.0,OK,None,,Null,"[1, 1, 1, 1, 1, 1, 1, 1, 1, 1, 1]"
1869227,8462284S00,"[941, 7]","[89, 1]",10:19:01,20260417,0.0,10823,"[12.4, 127.4, 127.9, 128.6, 128.2, 128.1, 127.8, 12.0, 792.4]",None,0.0,OK,None,7,00024533,"[1, 1, 1, 1, 1, 1, 1, 1, 1]"
1869225,658207UA0A,"[577, 0]","[77, 0]",10:19:01,20260417,0.0,10821,"[15.6, 75.0, 88.0, 116.5, 16.1, 311.2]","[1, 1, 1, 1]",0.0,OK,,,None,"[1, 1, 1, 1, 1, 1]"
1869224,658207UA0A,"[576, 0]","[76, 0]",10:18:56,20260417,0.0,10821,"[15.6, 75.0, 88.0, 116.8, 16.2, 311.5]","[1, 1, 1, 1]",0.0,OK,,,None,"[1, 1, 1, 1, 1, 1]"
1869223,658207UA0A,"[575, 0]","[75, 0]",10:18:50,20260417,0.0,10821,"[15.6, 75.0, 88.3, 116.5, 15.6, 310.9]","[1, 1, 1, 1]",0.0,OK,,,None,"[1, 1, 1, 1, 1, 1]"
1869222,658207UA0A,"[574, 0]","[74, 0]",10:18:45,20260417,0.0,10821,"[15.9, 75.1, 88.3, 116.3, 16.2, 311.9]","[1, 1, 1, 1]",0.0,OK,,,None,"[1, 1, 1, 1, 1, 1]"
1869221,658207UA0A,"[573, 0]","[73, 0]",10:18:40,20260417,0.0,10821,"[15.3, 75.8, 88.3, 115.2, 16.6, 311.2]","[1, 1, 1, 1]",0.0,OK,,,None,"[1, 1, 1, 1, 1, 1]"
1869220,8462284S00,"[940, 7]","[88, 1]",10:18:37,20260417,0.0,10823,"[12.4, 127.4, 128.1, 127.8, 128.7, 128.6, 127.3, 12.5, 792.7]",None,0.0,OK,None,7,00024533,"[1, 1, 1, 1, 1, 1, 1, 1, 1]"
1869219,658207UA0A,"[572, 0]","[72, 0]",10:18:35,20260417,0.0,10821,"[15.9, 75.0, 88.1, 116.5, 15.9, 311.3]","[1, 1, 1, 1]",0.0,OK,,,None,"[1, 1, 1, 1, 1, 1]"
1869218,82832W080PKENGEN,"[389, 0]","[164, 0]",10:18:31,20260417,0.0,None,"[28.0, 37.2, 38.2, 51.6, 61.0, 77.7, 98.4, 97.3, 86.9, 84.5, 13.6]",None,0.0,OK,None,,Null,"[1, 1, 1, 1, 1, 1, 1, 1, 1, 1, 1]"
1869217,8462284S00,"[939, 7]","[87, 1]",10:18:27,20260417,0.0,10823,"[12.5, 127.4, 127.9, 128.2, 128.6, 128.1, 127.8, 12.1, 792.6]",None,0.0,OK,None,7,00024533,"[1, 1, 1, 1, 1, 1, 1, 1, 1]"
1869216,658207UA0A,"[571, 0]","[71, 0]",10:18:27,20260417,0.0,10821,"[16.1, 75.0, 88.0, 117.0, 15.9, 311.9]","[1, 1, 1, 1]",0.0,OK,,,None,"[1, 1, 1, 1, 1, 1]"
1869215,658207UA0A,"[570, 0]","[70, 0]",10:18:23,20260417,0.0,10821,"[16.0, 75.1, 88.0, 116.3, 16.3, 311.7]","[1, 1, 1, 1]",0.0,OK,,,None,"[1, 1, 1, 1, 1, 1]"
1869213,658207UA0A,"[569, 0]","[69, 0]",10:18:18,20260417,0.0,10821,"[15.5, 74.7, 88.3, 117.0, 15.6, 311.1]","[1, 1, 1, 1]",0.0,OK,,,None,"[1, 1, 1, 1, 1, 1]"
1869214,8462284S00,"[938, 7]","[86, 1]",10:18:17,20260417,0.0,10823,"[12.1, 127.8, 128.1, 127.6, 128.6, 128.4, 127.6, 12.4, 792.5]",None,0.0,OK,None,7,00024533,"[1, 1, 1, 1, 1, 1, 1, 1, 1]"
1869212,658207UA0A,"[568, 0]","[68, 0]",10:18:14,20260417,0.0,10821,"[15.7, 75.3, 88.1, 116.3, 16.2, 311.6]","[1, 1, 1, 1]",0.0,OK,,,None,"[1, 1, 1, 1, 1, 1]"
1869211,658207UA0A,"[567, 0]","[67, 0]",10:18:08,20260417,0.0,10821,"[15.6, 75.1, 88.3, 116.2, 16.2, 311.4]","[1, 1, 1, 1]",0.0,OK,,,None,"[1, 1, 1, 1, 1, 1]"
1869210,8462284S00,"[937, 7]","[85, 1]",10:18:04,20260417,0.0,10823,"[12.3, 127.6, 128.4, 128.1, 128.6, 128.7, 127.4, 12.5, 793.6]",None,0.0,OK,None,7,00024533,"[1, 1, 1, 1, 1, 1, 1, 1, 1]"
1869209,82832W080PKENGEN,"[388, 0]","[163, 0]",10:18:03,20260417,0.0,None,"[28.0, 36.9, 38.4, 51.8, 60.9, 77.5, 98.6, 97.8, 86.9, 84.2, 13.7]",None,0.0,OK,None,,Null,"[1, 1, 1, 1, 1, 1, 1, 1, 1, 1, 1]"
1869208,658207UA0A,"[566, 0]","[66, 0]",10:18:03,20260417,0.0,10821,"[15.9, 75.0, 88.4, 117.1, 15.2, 311.6]","[1, 1, 1, 1]",0.0,OK,,,None,"[1, 1, 1, 1, 1, 1]"
1869207,658207UA0A,"[565, 0]","[65, 0]",10:17:58,20260417,0.0,10821,"[15.8, 74.8, 88.1, 117.0, 15.2, 310.9]","[1, 1, 1, 1]",0.0,OK,,,None,"[1, 1, 1, 1, 1, 1]"
1869206,658207UA0A,"[564, 0]","[64, 0]",10:17:53,20260417,0.0,10821,"[14.8, 75.4, 88.1, 116.2, 16.2, 310.8]","[1, 1, 1, 1]",0.0,OK,,,None,"[1, 1, 1, 1, 1, 1]"
1869205,8462284S00,"[936, 7]","[84, 1]",10:17:52,20260417,0.0,10823,"[12.1, 128.1, 127.8, 128.1, 128.9, 127.9, 127.4, 12.7, 793.0]",None,0.0,OK,None,7,00024533,"[1, 1, 1, 1, 1, 1, 1, 1, 1]"
1869204,658207UA0A,"[563, 0]","[63, 0]",10:17:47,20260417,0.0,10821,"[14.7, 75.4, 88.1, 116.2, 16.2, 310.7]","[1, 1, 1, 1]",0.0,OK,,,None,"[1, 1, 1, 1, 1, 1]"
1869203,8462284S00,"[935, 7]","[83, 1]",10:17:42,20260417,0.0,10823,"[12.2, 127.6, 127.9, 128.1, 128.1, 128.6, 127.3, 12.5, 792.3]",None,0.0,OK,None,7,00024533,"[1, 1, 1, 1, 1, 1, 1, 1, 1]"
1869202,658207UA0A,"[562, 0]","[62, 0]",10:17:42,20260417,0.0,10821,"[15.9, 74.8, 88.0, 116.8, 16.0, 311.5]","[1, 1, 1, 1]",0.0,OK,,,None,"[1, 1, 1, 1, 1, 1]"
1869201,82832W080PKENGEN,"[387, 0]","[162, 0]",10:17:39,20260417,0.0,None,"[28.0, 37.1, 38.2, 51.5, 61.2, 77.7, 98.3, 97.5, 86.9, 84.7, 13.6]",None,0.0,OK,None,,Null,"[1, 1, 1, 1, 1, 1, 1, 1, 1, 1, 1]"
1869200,658207UA0A,"[561, 0]","[61, 0]",10:17:38,20260417,0.0,10821,"[15.6, 75.3, 88.1, 116.5, 16.1, 311.6]","[1, 1, 1, 1]",0.0,OK,,,None,"[1, 1, 1, 1, 1, 1]"
1869199,8462284S00,"[934, 7]","[82, 1]",10:17:32,20260417,0.0,10823,"[12.8, 127.4, 127.8, 128.9, 128.6, 128.6, 127.4, 12.6, 794.1]",None,0.0,OK,None,7,00024533,"[1, 1, 1, 1, 1, 1, 1, 1, 1]"
1869198,8462284S00,"[933, 7]","[81, 1]",10:17:23,20260417,0.0,10823,"[12.4, 127.8, 127.9, 128.2, 128.1, 128.4, 127.6, 12.5, 792.9]",None,0.0,OK,None,7,00024533,"[1, 1, 1, 1, 1, 1, 1, 1, 1]"
1869197,82832W080PKENGEN,"[386, 0]","[161, 0]",10:17:14,20260417,0.0,None,"[28.1, 36.8, 38.2, 51.6, 60.9, 77.5, 98.3, 97.6, 87.1, 84.5, 13.6]",None,0.0,OK,None,,Null,"[1, 1, 1, 1, 1, 1, 1, 1, 1, 1, 1]"
1869196,808397UA0A,"[139, 7]","[67, 3]",10:17:09,20260417,0.0,10819,"[16.2, 123.0, 121.0, 81.0, 81.0, 122.6, 123.2, 16.0, 37.1, 40.5]",None,0.0,OK,,,None,"[1, 1, 1, 1, 1, 1, 1, 1, 1, 1]"
1869195,808397UA0A,"[139, 7]","[67, 3]",10:17:09,20260417,0.0,10819,"[15.8, 123.4, 122.8, 80.0, 81.0, 122.0, 123.4, 15.6, 37.5, 40.1]",None,0.0,OK,,,None,"[1, 1, 1, 1, 1, 1, 1, 1, 1, 1]"
1869194,808397UA0A,"[139, 7]","[67, 3]",10:17:09,20260417,0.0,10819,"[15.4, 123.2, 122.0, 80.2, 81.0, 121.8, 123.6, 15.8, 36.8, 40.5]",None,0.0,OK,,,None,"[1, 1, 1, 1, 1, 1, 1, 1, 1, 1]"
1869193,808397UA0A,"[139, 7]","[67, 3]",10:17:08,20260417,0.0,10819,"[15.6, 123.2, 122.0, 80.0, 80.6, 122.0, 123.8, 16.0, 35.7, 41.3]",None,0.0,OK,,,None,"[1, 1, 1, 1, 1, 1, 1, 1, 1, 1]"
1869192,808397UA0A,"[139, 7]","[67, 3]",10:17:08,20260417,0.0,10819,"[15.6, 123.0, 122.2, 79.8, 80.8, 121.8, 123.0, 15.4, 36.6, 41.7]",None,0.0,OK,,,None,"[1, 1, 1, 1, 1, 1, 1, 1, 1, 1]"
1869191,8462284S00,"[932, 7]","[80, 1]",10:16:43,20260417,0.0,10823,"[12.5, 127.6, 127.9, 128.1, 128.6, 128.6, 127.6, 12.4, 793.3]",None,0.0,OK,None,7,00024533,"[1, 1, 1, 1, 1, 1, 1, 1, 1]"
1869190,8462284S00,"[931, 7]","[79, 1]",10:16:32,20260417,0.0,10823,"[12.5, 127.8, 127.9, 128.6, 128.4, 128.1, 127.4, 9.6, 790.2]",None,0.0,OK,None,7,00024533,"[1, 1, 1, 1, 1, 1, 1, 1, 1]"
1869189,658207UA0A,"[560, 0]","[60, 0]",10:16:23,20260417,0.0,10821,"[15.9, 75.3, 87.8, 117.3, 15.2, 311.5]","[1, 1, 1, 1]",0.0,OK,,,None,"[1, 1, 1, 1, 1, 1]"
1869188,658207UA0A,"[559, 0]","[59, 0]",10:16:18,20260417,0.0,10821,"[16.0, 75.1, 88.0, 116.5, 16.0, 311.5]","[1, 1, 1, 1]",0.0,OK,,,None,"[1, 1, 1, 1, 1, 1]"
1869187,658207UA0A,"[558, 0]","[58, 0]",10:16:13,20260417,0.0,10821,"[15.8, 74.8, 88.4, 116.3, 15.9, 311.3]","[1, 1, 1, 1]",0.0,OK,,,None,"[1, 1, 1, 1, 1, 1]"
1869186,658207UA0A,"[557, 0]","[57, 0]",10:16:08,20260417,0.0,10821,"[15.2, 75.1, 88.4, 116.2, 15.5, 310.4]","[1, 1, 1, 1]",0.0,OK,,,None,"[1, 1, 1, 1, 1, 1]"
1869185,8462284S00,"[930, 7]","[78, 1]",10:16:06,20260417,0.0,10823,"[12.4, 127.6, 128.4, 127.9, 128.4, 128.6, 127.6, 12.7, 793.5]",None,0.0,OK,None,7,00024533,"[1, 1, 1, 1, 1, 1, 1, 1, 1]"
1869184,658207UA0A,"[556, 0]","[56, 0]",10:16:03,20260417,0.0,10821,"[15.7, 75.4, 87.8, 116.8, 16.0, 311.7]","[1, 1, 1, 1]",0.0,OK,,,None,"[1, 1, 1, 1, 1, 1]"
1869182,658207UA0A,"[555, 0]","[55, 0]",10:15:58,20260417,0.0,10821,"[15.8, 75.1, 88.3, 116.5, 15.6, 311.3]","[1, 1, 1, 1]",0.0,OK,,,None,"[1, 1, 1, 1, 1, 1]"
1869183,8462284S00,"[929, 7]","[77, 1]",10:15:57,20260417,0.0,10823,"[12.5, 127.8, 128.1, 128.4, 128.4, 128.6, 127.3, 12.5, 793.4]",None,0.0,OK,None,7,00024533,"[1, 1, 1, 1, 1, 1, 1, 1, 1]"
1869181,658207UA0A,"[554, 0]","[54, 0]",10:15:53,20260417,0.0,10821,"[15.7, 75.0, 88.1, 116.2, 15.9, 310.8]","[1, 1, 1, 1]",0.0,OK,,,None,"[1, 1, 1, 1, 1, 1]"
1869180,8462284S00,"[928, 7]","[76, 1]",10:15:49,20260417,0.0,10823,"[12.5, 128.1, 128.1, 128.2, 128.2, 128.9, 127.4, 12.5, 794.0]",None,0.0,OK,None,7,00024533,"[1, 1, 1, 1, 1, 1, 1, 1, 1]"
1869179,658207UA0A,"[553, 0]","[53, 0]",10:15:48,20260417,0.0,10821,"[15.5, 75.5, 88.0, 116.2, 16.3, 311.4]","[1, 1, 1, 1]",0.0,OK,,,None,"[1, 1, 1, 1, 1, 1]"
1869178,658207UA0A,"[552, 0]","[52, 0]",10:15:43,20260417,0.0,10821,"[15.5, 75.0, 88.4, 115.9, 15.5, 310.3]","[1, 1, 1, 1]",0.0,OK,,,None,"[1, 1, 1, 1, 1, 1]"
1869177,658207UA0A,"[551, 0]","[51, 0]",10:15:39,20260417,0.0,10821,"[15.5, 75.4, 88.6, 116.2, 15.2, 310.9]","[1, 1, 1, 1]",0.0,OK,,,None,"[1, 1, 1, 1, 1, 1]"
1869176,8462284S00,"[927, 7]","[75, 1]",10:15:37,20260417,0.0,10823,"[12.3, 127.5, 128.4, 128.1, 128.7, 128.6, 127.1, 12.9, 793.6]",None,0.0,OK,None,7,00024533,"[1, 1, 1, 1, 1, 1, 1, 1, 1]"
1869175,658207UA0A,"[550, 0]","[50, 0]",10:15:34,20260417,0.0,10821,"[15.4, 75.0, 88.3, 116.8, 15.5, 311.0]","[1, 1, 1, 1]",0.0,OK,,,None,"[1, 1, 1, 1, 1, 1]"
1869174,658207UA0A,"[549, 0]","[49, 0]",10:15:30,20260417,0.0,10821,"[15.9, 75.0, 88.1, 116.3, 16.0, 311.4]","[1, 1, 1, 1]",0.0,OK,,,None,"[1, 1, 1, 1, 1, 1]"
1869172,658207UA0A,"[548, 0]","[48, 0]",10:15:25,20260417,0.0,10821,"[15.8, 75.4, 87.8, 116.5, 16.2, 311.8]","[1, 1, 1, 1]",0.0,OK,,,None,"[1, 1, 1, 1, 1, 1]"
1869173,8462284S00,"[926, 7]","[74, 1]",10:15:25,20260417,0.0,10823,"[12.1, 127.8, 128.2, 128.4, 128.4, 128.4, 127.4, 12.4, 793.2]",None,0.0,OK,None,7,00024533,"[1, 1, 1, 1, 1, 1, 1, 1, 1]"
1869171,658207UA0A,"[547, 0]","[47, 0]",10:15:20,20260417,0.0,10821,"[15.7, 74.7, 88.4, 116.8, 15.6, 311.2]","[1, 1, 1, 1]",0.0,OK,,,None,"[1, 1, 1, 1, 1, 1]"
1869170,82832W080PKENGEN,"[385, 0]","[160, 0]",10:15:17,20260417,0.0,None,"[28.0, 36.8, 38.5, 51.5, 61.0, 77.7, 98.3, 97.5, 86.8, 84.5, 13.4]",None,0.0,OK,None,,Null,"[1, 1, 1, 1, 1, 1, 1, 1, 1, 1, 1]"
1869169,658207UA0A,"[546, 0]","[46, 0]",10:15:15,20260417,0.0,10821,"[15.4, 75.4, 88.0, 116.3, 16.5, 311.7]","[1, 1, 1, 1]",0.0,OK,,,None,"[1, 1, 1, 1, 1, 1]"
1869168,658207UA0A,"[545, 0]","[45, 0]",10:15:11,20260417,0.0,10821,"[15.5, 75.6, 88.0, 117.0, 15.8, 311.9]","[1, 1, 1, 1]",0.0,OK,,,None,"[1, 1, 1, 1, 1, 1]"
1869167,658207UA0A,"[544, 0]","[44, 0]",10:15:06,20260417,0.0,10821,"[15.6, 75.1, 88.3, 116.2, 16.0, 311.2]","[1, 1, 1, 1]",0.0,OK,,,None,"[1, 1, 1, 1, 1, 1]"
1869166,658207UA0A,"[543, 0]","[43, 0]",10:15:01,20260417,0.0,10821,"[15.5, 75.3, 88.3, 116.2, 16.3, 311.6]","[1, 1, 1, 1]",0.0,OK,,,None,"[1, 1, 1, 1, 1, 1]"
1869165,658207UA0A,"[542, 0]","[42, 0]",10:14:57,20260417,0.0,10821,"[15.9, 75.0, 88.0, 116.7, 15.8, 311.3]","[1, 1, 1, 1]",0.0,OK,,,None,"[1, 1, 1, 1, 1, 1]"
1869164,82832W080PKENGEN,"[384, 0]","[159, 0]",10:14:54,20260417,0.0,None,"[27.8, 36.6, 38.4, 51.8, 60.9, 78.0, 97.5, 97.5, 86.6, 84.7, 13.4]",None,0.0,OK,None,,Null,"[1, 1, 1, 1, 1, 1, 1, 1, 1, 1, 1]"
1869163,658207UA0A,"[541, 0]","[41, 0]",10:14:52,20260417,0.0,10821,"[15.1, 75.6, 88.3, 116.3, 15.6, 311.0]","[1, 1, 1, 1]",0.0,OK,,,None,"[1, 1, 1, 1, 1, 1]"
1869162,808387UA0A,"[136, 7]","[50, 0]",10:14:50,20260417,0.0,10819,"[15.2, 122.0, 121.4, 80.4, 79.4, 123.0, 123.0, 16.0, 36.6, 40.7]",None,0.0,OK,,,None,"[1, 1, 1, 1, 1, 1, 1, 1, 1, 1]"
1869161,808387UA0A,"[136, 7]","[50, 0]",10:14:50,20260417,0.0,10819,"[15.0, 122.0, 121.2, 80.4, 80.0, 122.6, 123.0, 14.8, 36.3, 40.7]",None,0.0,OK,,,None,"[1, 1, 1, 1, 1, 1, 1, 1, 1, 1]"
1869160,808387UA0A,"[136, 7]","[50, 0]",10:14:49,20260417,0.0,10819,"[14.6, 122.6, 121.6, 80.0, 81.0, 122.0, 123.0, 15.2, 37.7, 40.7]",None,0.0,OK,,,None,"[1, 1, 1, 1, 1, 1, 1, 1, 1, 1]"
1869159,808387UA0A,"[136, 7]","[50, 0]",10:14:49,20260417,0.0,10819,"[15.4, 122.2, 121.6, 80.2, 79.4, 123.0, 123.2, 15.0, 37.2, 40.7]",None,0.0,OK,,,None,"[1, 1, 1, 1, 1, 1, 1, 1, 1, 1]"
1869158,808387UA0A,"[136, 7]","[50, 0]",10:14:49,20260417,0.0,10819,"[15.2, 122.0, 121.2, 80.4, 79.8, 123.2, 123.0, 15.2, 37.5, 41.1]",None,0.0,OK,,,None,"[1, 1, 1, 1, 1, 1, 1, 1, 1, 1]"
1869157,82832W080PKENGEN,"[383, 0]","[158, 0]",10:14:18,20260417,0.0,None,"[28.1, 36.9, 38.0, 51.6, 61.2, 77.8, 98.8, 98.0, 86.6, 84.9, 13.5]",None,0.0,OK,None,,Null,"[1, 1, 1, 1, 1, 1, 1, 1, 1, 1, 1]"
1869156,82832W080PKENGEN,"[382, 0]","[157, 0]",10:13:50,20260417,0.0,None,"[27.8, 36.9, 38.7, 51.8, 60.9, 78.0, 98.1, 97.8, 86.6, 84.9, 13.4]",None,0.0,OK,None,,Null,"[1, 1, 1, 1, 1, 1, 1, 1, 1, 1, 1]"
1869155,82832W080PKENGEN,"[381, 0]","[156, 0]",10:13:28,20260417,0.0,None,"[28.3, 36.9, 38.4, 51.5, 61.0, 77.5, 98.3, 97.5, 86.9, 84.5, 13.3]",None,0.0,OK,None,,Null,"[1, 1, 1, 1, 1, 1, 1, 1, 1, 1, 1]"
1869154,658207UA0A,"[540, 0]","[40, 0]",10:13:21,20260417,0.0,10821,"[15.7, 75.1, 88.1, 115.7, 15.4, 310.1]","[1, 1, 1, 1]",0.0,OK,,,None,"[1, 1, 1, 1, 1, 1]"
1869153,658207UA0A,"[539, 0]","[39, 0]",10:13:17,20260417,0.0,10821,"[15.5, 75.1, 88.0, 116.5, 16.1, 311.3]","[1, 1, 1, 1]",0.0,OK,,,None,"[1, 1, 1, 1, 1, 1]"
1869152,658207UA0A,"[538, 0]","[38, 0]",10:13:12,20260417,0.0,10821,"[15.6, 75.4, 88.1, 116.5, 15.7, 311.4]","[1, 1, 1, 1]",0.0,OK,,,None,"[1, 1, 1, 1, 1, 1]"
1869151,658207UA0A,"[537, 0]","[37, 0]",10:13:07,20260417,0.0,10821,"[15.7, 75.3, 88.3, 116.3, 15.8, 311.5]","[1, 1, 1, 1]",0.0,OK,,,None,"[1, 1, 1, 1, 1, 1]"
1869149,8462284S00,"[925, 7]","[73, 1]",10:13:04,20260417,0.0,10823,"[11.0, 127.8, 128.4, 128.4, 128.6, 128.7, 127.5, 12.3, 792.6]",None,0.0,OK,None,7,00024533,"[1, 1, 1, 1, 1, 1, 1, 1, 1]"
1869148,658207UA0A,"[536, 0]","[36, 0]",10:13:01,20260417,0.0,10821,"[15.6, 75.3, 88.3, 116.3, 15.8, 311.3]","[1, 1, 1, 1]",0.0,OK,,,None,"[1, 1, 1, 1, 1, 1]"
1869150,82832W080PKENGEN,"[380, 0]","[155, 0]",10:12:59,20260417,0.0,None,"[28.0, 37.1, 38.5, 51.8, 61.2, 78.3, 98.0, 97.5, 86.8, 84.7, 13.6]",None,0.0,OK,None,,Null,"[1, 1, 1, 1, 1, 1, 1, 1, 1, 1, 1]"
1869147,658207UA0A,"[535, 0]","[35, 0]",10:12:56,20260417,0.0,10821,"[15.5, 75.3, 88.1, 117.0, 16.0, 311.9]","[1, 1, 1, 1]",0.0,OK,,,None,"[1, 1, 1, 1, 1, 1]"
1869146,658207UA0A,"[534, 0]","[34, 0]",10:12:51,20260417,0.0,10821,"[15.3, 75.1, 88.3, 116.5, 15.6, 310.8]","[1, 1, 1, 1]",0.0,OK,,,None,"[1, 1, 1, 1, 1, 1]"
1869145,658207UA0A,"[533, 0]","[33, 0]",10:12:46,20260417,0.0,10821,"[15.9, 75.1, 88.1, 116.5, 15.8, 311.5]","[1, 1, 1, 1]",0.0,OK,,,None,"[1, 1, 1, 1, 1, 1]"
1869144,8462284S00,"[924, 7]","[72, 1]",10:12:42,20260417,0.0,10823,"[12.2, 127.8, 128.1, 128.6, 128.4, 128.4, 127.5, 12.6, 793.5]",None,0.0,OK,None,7,00024533,"[1, 1, 1, 1, 1, 1, 1, 1, 1]"
1869143,658207UA0A,"[532, 0]","[32, 0]",10:12:41,20260417,0.0,10821,"[16.1, 75.1, 88.1, 116.8, 16.0, 312.2]","[1, 1, 1, 1]",0.0,OK,,,None,"[1, 1, 1, 1, 1, 1]"
1869142,82832W080PKENGEN,"[379, 0]","[154, 0]",10:12:35,20260417,0.0,None,"[27.8, 36.9, 38.2, 51.5, 61.4, 77.8, 98.3, 97.6, 86.6, 84.5, 13.6]",None,0.0,OK,None,,Null,"[1, 1, 1, 1, 1, 1, 1, 1, 1, 1, 1]"
1869141,658207UA0A,"[531, 0]","[31, 0]",10:12:35,20260417,0.0,10821,"[15.8, 75.1, 88.1, 116.2, 16.1, 311.4]","[1, 1, 1, 1]",0.0,OK,,,None,"[1, 1, 1, 1, 1, 1]"
1869140,8462284S00,"[923, 7]","[71, 1]",10:12:31,20260417,0.0,10823,"[12.7, 127.6, 128.1, 128.4, 128.9, 128.4, 127.1, 12.7, 793.8]",None,0.0,OK,None,7,00024533,"[1, 1, 1, 1, 1, 1, 1, 1, 1]"
1869139,658207UA0A,"[530, 0]","[30, 0]",10:12:30,20260417,0.0,10821,"[15.6, 75.0, 88.1, 116.5, 16.2, 311.4]","[1, 1, 1, 1]",0.0,OK,,,None,"[1, 1, 1, 1, 1, 1]"
1869138,658207UA0A,"[529, 0]","[29, 0]",10:12:24,20260417,0.0,10821,"[15.5, 75.0, 88.1, 116.5, 16.4, 311.5]","[1, 1, 1, 1]",0.0,OK,,,None,"[1, 1, 1, 1, 1, 1]"
1869137,658207UA0A,"[528, 0]","[28, 0]",10:12:19,20260417,0.0,10821,"[15.6, 75.3, 88.0, 116.8, 15.9, 311.6]","[1, 1, 1, 1]",0.0,OK,,,None,"[1, 1, 1, 1, 1, 1]"
1869136,658207UA0A,"[527, 0]","[27, 0]",10:12:13,20260417,0.0,10821,"[15.4, 75.3, 88.4, 116.5, 15.4, 311.1]","[1, 1, 1, 1]",0.0,OK,,,None,"[1, 1, 1, 1, 1, 1]"
1869135,82832W080PKENGEN,"[378, 0]","[153, 0]",10:12:12,20260417,0.0,None,"[28.0, 37.1, 38.0, 51.8, 61.0, 78.0, 98.0, 97.5, 86.6, 84.1, 13.5]",None,0.0,OK,None,,Null,"[1, 1, 1, 1, 1, 1, 1, 1, 1, 1, 1]"
1869134,658207UA0A,"[526, 0]","[26, 0]",10:12:06,20260417,0.0,10821,"[15.6, 75.3, 88.1, 117.4, 15.2, 311.6]","[1, 1, 1, 1]",0.0,OK,,,None,"[1, 1, 1, 1, 1, 1]"
1869133,658207UA0A,"[525, 0]","[25, 0]",10:12:02,20260417,0.0,10821,"[15.9, 75.1, 88.1, 116.5, 16.0, 311.7]","[1, 1, 1, 1]",0.0,OK,,,None,"[1, 1, 1, 1, 1, 1]"
1869132,658207UA0A,"[524, 0]","[24, 0]",10:11:57,20260417,0.0,10821,"[15.7, 75.1, 88.3, 117.1, 15.8, 312.1]","[1, 1, 1, 1]",0.0,OK,,,None,"[1, 1, 1, 1, 1, 1]"
1869131,658207UA0A,"[523, 0]","[23, 0]",10:11:52,20260417,0.0,10821,"[15.8, 75.1, 88.3, 116.0, 15.8, 311.1]","[1, 1, 1, 1]",0.0,OK,,,None,"[1, 1, 1, 1, 1, 1]"
1869129,658207UA0A,"[522, 0]","[22, 0]",10:11:48,20260417,0.0,10821,"[15.5, 75.5, 88.1, 116.5, 16.2, 311.7]","[1, 1, 1, 1]",0.0,OK,,,None,"[1, 1, 1, 1, 1, 1]"
1869130,82832W080PKENGEN,"[377, 0]","[152, 0]",10:11:46,20260417,0.0,None,"[28.1, 36.8, 38.2, 51.6, 61.2, 78.1, 98.3, 98.3, 86.5, 85.0, 13.6]",None,0.0,OK,None,,Null,"[1, 1, 1, 1, 1, 1, 1, 1, 1, 1, 1]"
1869128,658207UA0A,"[521, 0]","[21, 0]",10:11:41,20260417,0.0,10821,"[15.4, 75.1, 88.3, 116.7, 15.4, 311.0]","[1, 1, 1, 1]",0.0,OK,,,None,"[1, 1, 1, 1, 1, 1]"
1869127,8462284S00,"[922, 7]","[70, 1]",10:11:39,20260417,0.0,10823,"[12.2, 127.9, 128.1, 128.0, 128.6, 128.4, 127.4, 11.9, 792.5]",None,0.0,OK,None,7,00024533,"[1, 1, 1, 1, 1, 1, 1, 1, 1]"
1869126,8462284S00,"[921, 7]","[69, 1]",10:11:26,20260417,0.0,10823,"[13.0, 127.5, 128.2, 127.9, 128.6, 128.6, 127.7, 13.2, 794.6]",None,0.0,OK,None,7,00024533,"[1, 1, 1, 1, 1, 1, 1, 1, 1]"
1869125,8462284S00,"[920, 7]","[68, 1]",10:11:16,20260417,0.0,10823,"[12.4, 127.6, 128.2, 128.2, 128.7, 127.9, 127.4, 12.6, 793.2]",None,0.0,OK,None,7,00024533,"[1, 1, 1, 1, 1, 1, 1, 1, 1]"
1869124,8462284S00,"[919, 7]","[67, 1]",10:11:03,20260417,0.0,10823,"[12.0, 128.2, 127.8, 128.7, 128.2, 128.4, 127.8, 12.4, 793.5]",None,0.0,OK,None,7,00024533,"[1, 1, 1, 1, 1, 1, 1, 1, 1]"
1869123,82832W080PKENGEN,"[376, 0]","[151, 0]",10:10:58,20260417,0.0,None,"[28.1, 37.1, 38.4, 51.6, 60.9, 78.1, 98.0, 97.5, 87.1, 84.4, 13.6]",None,0.0,OK,None,,Null,"[1, 1, 1, 1, 1, 1, 1, 1, 1, 1, 1]"
1869122,8462284S00,"[918, 7]","[66, 1]",10:10:51,20260417,0.0,10823,"[12.5, 127.8, 128.1, 128.4, 128.9, 128.7, 127.6, 12.7, 794.6]",None,0.0,OK,None,7,00024533,"[1, 1, 1, 1, 1, 1, 1, 1, 1]"
1869121,658207UA0A,"[520, 0]","[20, 0]",10:10:42,20260417,0.0,10821,"[15.8, 75.0, 88.3, 116.8, 15.2, 311.0]","[1, 1, 1, 1]",0.0,OK,,,None,"[1, 1, 1, 1, 1, 1]"
1869120,8462284S00,"[917, 7]","[65, 1]",10:10:39,20260417,0.0,10823,"[12.2, 127.6, 128.6, 128.6, 128.7, 128.6, 127.8, 12.2, 794.2]",None,0.0,OK,None,7,00024533,"[1, 1, 1, 1, 1, 1, 1, 1, 1]"
1869119,658207UA0A,"[519, 0]","[19, 0]",10:10:38,20260417,0.0,10821,"[15.7, 75.3, 88.1, 117.1, 15.3, 311.6]","[1, 1, 1, 1]",0.0,OK,,,None,"[1, 1, 1, 1, 1, 1]"
1869118,658207UA0A,"[518, 0]","[18, 0]",10:10:32,20260417,0.0,10821,"[15.7, 75.3, 88.1, 117.1, 15.4, 311.7]","[1, 1, 1, 1]",0.0,OK,,,None,"[1, 1, 1, 1, 1, 1]"
1869117,8462284S00,"[916, 7]","[64, 1]",10:10:29,20260417,0.0,10823,"[11.9, 127.8, 128.4, 128.4, 128.6, 128.2, 127.6, 10.4, 791.2]",None,0.0,OK,None,7,00024533,"[1, 1, 1, 1, 1, 1, 1, 1, 1]"
1869116,658207UA0A,"[517, 0]","[17, 0]",10:10:26,20260417,0.0,10821,"[15.2, 75.3, 88.1, 116.5, 16.1, 311.3]","[1, 1, 1, 1]",0.0,OK,,,None,"[1, 1, 1, 1, 1, 1]"
1869114,808397UA0A,"[134, 7]","[62, 3]",10:10:24,20260417,0.0,10819,"[16.0, 123.0, 121.0, 81.0, 80.4, 122.4, 123.2, 16.0, 37.7, 40.5]",None,0.0,OK,,,None,"[1, 1, 1, 1, 1, 1, 1, 1, 1, 1]"
1869113,808397UA0A,"[134, 7]","[62, 3]",10:10:24,20260417,0.0,10819,"[15.8, 123.4, 122.0, 80.2, 81.0, 122.2, 123.4, 16.0, 36.4, 40.7]",None,0.0,OK,,,None,"[1, 1, 1, 1, 1, 1, 1, 1, 1, 1]"
1869112,808397UA0A,"[134, 7]","[62, 3]",10:10:24,20260417,0.0,10819,"[16.0, 123.2, 121.8, 80.0, 81.6, 122.0, 123.6, 15.4, 36.1, 40.7]",None,0.0,OK,,,None,"[1, 1, 1, 1, 1, 1, 1, 1, 1, 1]"
1869111,808397UA0A,"[134, 7]","[62, 3]",10:10:24,20260417,0.0,10819,"[15.2, 123.2, 122.8, 79.8, 81.1, 122.6, 123.2, 16.2, 36.5, 41.5]",None,0.0,OK,,,None,"[1, 1, 1, 1, 1, 1, 1, 1, 1, 1]"
1869115,82832W080PKENGEN,"[375, 0]","[150, 0]",10:10:23,20260417,0.0,None,"[27.8, 36.9, 38.2, 51.8, 60.6, 78.1, 98.0, 98.0, 86.6, 84.7, 13.7]",None,0.0,OK,None,,Null,"[1, 1, 1, 1, 1, 1, 1, 1, 1, 1, 1]"
1869109,658207UA0A,"[516, 0]","[16, 0]",10:10:22,20260417,0.0,10821,"[15.8, 75.3, 88.3, 116.5, 15.8, 311.6]","[1, 1, 1, 1]",0.0,OK,,,None,"[1, 1, 1, 1, 1, 1]"
1869110,808397UA0A,"[134, 7]","[62, 3]",10:10:19,20260417,0.0,10819,"[15.0, 123.2, 123.2, 79.6, 80.6, 122.0, 123.2, 15.4, 35.8, 41.5]",None,0.0,OK,,,None,"[1, 1, 1, 1, 1, 1, 1, 1, 1, 1]"
1869108,658207UA0A,"[515, 0]","[15, 0]",10:10:17,20260417,0.0,10821,"[15.8, 75.0, 88.1, 116.2, 15.9, 310.9]","[1, 1, 1, 1]",0.0,OK,,,None,"[1, 1, 1, 1, 1, 1]"
1869107,658207UA0A,"[514, 0]","[14, 0]",10:10:13,20260417,0.0,10821,"[15.9, 75.1, 88.1, 116.8, 15.6, 311.5]","[1, 1, 1, 1]",0.0,OK,,,None,"[1, 1, 1, 1, 1, 1]"
1869106,658207UA0A,"[513, 0]","[13, 0]",10:10:08,20260417,0.0,10821,"[15.5, 75.3, 88.1, 117.0, 15.9, 311.7]","[1, 1, 1, 1]",0.0,OK,,,None,"[1, 1, 1, 1, 1, 1]"
1869105,8462284S00,"[915, 7]","[63, 1]",10:10:07,20260417,0.0,10823,"[12.2, 127.8, 128.1, 128.2, 128.7, 128.2, 127.4, 12.5, 793.1]",None,0.0,OK,None,7,00024533,"[1, 1, 1, 1, 1, 1, 1, 1, 1]"
1869104,658207UA0A,"[512, 0]","[12, 0]",10:10:03,20260417,0.0,10821,"[15.4, 75.1, 88.6, 116.8, 15.1, 311.1]","[1, 1, 1, 1]",0.0,OK,,,None,"[1, 1, 1, 1, 1, 1]"
1869103,658207UA0A,"[511, 0]","[11, 0]",10:09:58,20260417,0.0,10821,"[15.2, 75.1, 88.4, 116.2, 15.6, 310.5]","[1, 1, 1, 1]",0.0,OK,,,None,"[1, 1, 1, 1, 1, 1]"
1869102,658207UA0A,"[510, 0]","[10, 0]",10:09:53,20260417,0.0,10821,"[15.8, 75.4, 88.3, 117.0, 15.7, 312.2]","[1, 1, 1, 1]",0.0,OK,,,None,"[1, 1, 1, 1, 1, 1]"
1869101,82832W080PKENGEN,"[374, 0]","[149, 0]",10:09:48,20260417,0.0,None,"[28.0, 36.8, 38.2, 51.6, 61.0, 78.5, 97.8, 97.6, 86.6, 84.7, 13.8]",None,0.0,OK,None,,Null,"[1, 1, 1, 1, 1, 1, 1, 1, 1, 1, 1]"
1869100,658207UA0A,"[509, 0]","[9, 0]",10:09:48,20260417,0.0,10821,"[15.8, 75.0, 88.0, 117.1, 15.6, 311.5]","[1, 1, 1, 1]",0.0,OK,,,None,"[1, 1, 1, 1, 1, 1]"
1869099,658207UA0A,"[508, 0]","[8, 0]",10:09:44,20260417,0.0,10821,"[15.5, 75.4, 88.1, 117.1, 15.7, 311.9]","[1, 1, 1, 1]",0.0,OK,,,None,"[1, 1, 1, 1, 1, 1]"
1869098,8462284S00,"[914, 7]","[62, 1]",10:09:42,20260417,0.0,10823,"[12.2, 127.8, 128.4, 128.4, 128.4, 128.6, 127.4, 12.9, 794.0]",None,0.0,OK,None,7,00024533,"[1, 1, 1, 1, 1, 1, 1, 1, 1]"
1869097,658207UA0A,"[507, 0]","[7, 0]",10:09:38,20260417,0.0,10821,"[15.5, 75.6, 88.1, 116.3, 15.0, 310.6]","[1, 1, 1, 1]",0.0,OK,,,None,"[1, 1, 1, 1, 1, 1]"
1869096,658207UA0A,"[506, 0]","[6, 0]",10:09:33,20260417,0.0,10821,"[15.8, 75.1, 88.1, 117.3, 15.3, 311.7]","[1, 1, 1, 1]",0.0,OK,,,None,"[1, 1, 1, 1, 1, 1]"
1869095,8462284S00,"[913, 7]","[61, 1]",10:09:31,20260417,0.0,10823,"[12.2, 127.8, 127.9, 128.2, 128.6, 128.4, 127.4, 12.6, 793.1]",None,0.0,OK,None,7,00024533,"[1, 1, 1, 1, 1, 1, 1, 1, 1]"
1869094,658207UA0A,"[505, 0]","[5, 0]",10:09:28,20260417,0.0,10821,"[15.4, 74.7, 88.1, 116.3, 15.6, 310.1]","[1, 1, 1, 1]",0.0,OK,,,None,"[1, 1, 1, 1, 1, 1]"
1869093,658207UA0A,"[504, 0]","[4, 0]",10:09:23,20260417,0.0,10821,"[15.5, 74.8, 88.1, 115.9, 16.4, 310.7]","[1, 1, 1, 1]",0.0,OK,,,None,"[1, 1, 1, 1, 1, 1]"
1869091,658207UA0A,"[503, 0]","[3, 0]",10:09:18,20260417,0.0,10821,"[15.4, 75.1, 88.0, 116.5, 16.1, 311.0]","[1, 1, 1, 1]",0.0,OK,,,None,"[1, 1, 1, 1, 1, 1]"
1869092,82832W080PKENGEN,"[373, 0]","[148, 0]",10:09:17,20260417,0.0,None,"[28.0, 36.8, 38.2, 51.6, 61.0, 78.1, 97.6, 98.0, 86.5, 84.9, 13.6]",None,0.0,OK,None,,Null,"[1, 1, 1, 1, 1, 1, 1, 1, 1, 1, 1]"
1869090,658207UA0A,"[502, 0]","[2, 0]",10:09:13,20260417,0.0,10821,"[15.8, 75.1, 88.0, 116.5, 15.7, 311.2]","[1, 1, 1, 1]",0.0,OK,,,None,"[1, 1, 1, 1, 1, 1]"
1869089,658207UA0A,"[501, 0]","[1, 0]",10:09:08,20260417,0.0,10821,"[15.6, 75.1, 88.1, 117.0, 15.2, 311.0]","[1, 1, 1, 1]",0.0,OK,,,None,"[1, 1, 1, 1, 1, 1]"
1869088,658207UA0A,"[500, 0]","[0, 0]",10:08:44,20260417,0.0,10821,COUNTERRESET,COUNTERRESET,0.0,COUNTERRESET,COUNTERRESET,,COUNTERRESET,COUNTERRESET
1869087,82832W080PKENGEN,"[372, 0]","[147, 0]",10:08:23,20260417,0.0,None,"[28.0, 36.9, 38.2, 51.6, 60.9, 77.7, 98.1, 97.5, 86.5, 84.4, 13.8]",None,0.0,OK,None,,Null,"[1, 1, 1, 1, 1, 1, 1, 1, 1, 1, 1]"
1869086,8462284S00,"[912, 7]","[60, 1]",10:00:01,20260417,0.0,10823,"[12.3, 128.1, 127.9, 127.8, 128.6, 128.6, 127.3, 12.2, 792.6]",None,0.0,OK,None,7,00024533,"[1, 1, 1, 1, 1, 1, 1, 1, 1]"
1869085,82832W080PKENGEN,"[371, 0]","[146, 0]",09:59:58,20260417,0.0,None,"[27.8, 37.2, 38.0, 51.6, 61.4, 78.1, 97.8, 97.8, 86.9, 84.7, 13.6]",None,0.0,OK,None,,Null,"[1, 1, 1, 1, 1, 1, 1, 1, 1, 1, 1]"
1869084,8462284S00,"[911, 7]","[59, 1]",09:59:53,20260417,0.0,10823,"[12.8, 127.8, 128.1, 128.2, 128.4, 128.4, 127.4, 12.4, 793.4]",None,0.0,OK,None,7,00024533,"[1, 1, 1, 1, 1, 1, 1, 1, 1]"
1869083,8462284S00,"[910, 7]","[58, 1]",09:59:43,20260417,0.0,10823,"[12.4, 127.9, 128.2, 128.4, 128.7, 128.7, 127.4, 12.0, 793.9]",None,0.0,OK,None,7,00024533,"[1, 1, 1, 1, 1, 1, 1, 1, 1]"
1869082,8462284S00,"[909, 7]","[57, 1]",09:59:32,20260417,0.0,10823,"[11.9, 127.8, 128.4, 128.4, 128.4, 128.2, 127.3, 12.9, 793.2]",None,0.0,OK,None,7,00024533,"[1, 1, 1, 1, 1, 1, 1, 1, 1]"
1869081,82832W080PKENGEN,"[370, 0]","[145, 0]",09:59:24,20260417,0.0,None,"[28.0, 36.6, 38.5, 51.1, 61.0, 78.1, 98.3, 98.1, 86.6, 84.5, 13.4]",None,0.0,OK,None,,Null,"[1, 1, 1, 1, 1, 1, 1, 1, 1, 1, 1]"
1869080,8462284S00,"[908, 7]","[56, 1]",09:59:22,20260417,0.0,10823,"[12.3, 127.8, 127.9, 128.4, 128.6, 128.1, 127.6, 12.4, 793.0]",None,0.0,OK,None,7,00024533,"[1, 1, 1, 1, 1, 1, 1, 1, 1]"
1869079,8462284S00,"[907, 7]","[55, 1]",09:59:12,20260417,0.0,10823,"[12.7, 127.6, 128.2, 128.1, 128.3, 128.6, 127.9, 12.4, 793.8]",None,0.0,OK,None,7,00024533,"[1, 1, 1, 1, 1, 1, 1, 1, 1]"
1869078,8462284S00,"[906, 7]","[54, 1]",09:59:03,20260417,0.0,10823,"[12.1, 127.9, 128.6, 128.4, 128.1, 128.4, 127.6, 12.3, 793.5]",None,0.0,OK,None,7,00024533,"[1, 1, 1, 1, 1, 1, 1, 1, 1]"
1869077,82832W080PKENGEN,"[369, 0]","[144, 0]",09:58:58,20260417,0.0,None,"[27.6, 36.8, 38.7, 51.8, 61.2, 77.3, 98.1, 98.0, 86.6, 84.4, 13.6]",None,0.0,OK,None,,Null,"[1, 1, 1, 1, 1, 1, 1, 1, 1, 1, 1]"
1869076,8462284S00,"[905, 7]","[53, 1]",09:58:50,20260417,0.0,10823,"[12.7, 127.9, 128.2, 128.1, 128.6, 129.0, 127.0, 12.3, 793.8]",None,0.0,OK,None,7,00024533,"[1, 1, 1, 1, 1, 1, 1, 1, 1]"
1869075,8462284S00,"[904, 7]","[52, 1]",09:58:38,20260417,0.0,10823,"[12.4, 127.6, 127.9, 127.9, 128.4, 128.4, 127.4, 12.8, 792.8]",None,0.0,OK,None,7,00024533,"[1, 1, 1, 1, 1, 1, 1, 1, 1]"
1869074,8462284S00,"[903, 7]","[51, 1]",09:58:24,20260417,0.0,10823,"[12.2, 127.8, 128.1, 128.2, 128.9, 128.6, 127.6, 12.4, 793.7]",None,0.0,OK,None,7,00024533,"[1, 1, 1, 1, 1, 1, 1, 1, 1]"
1869073,82832W080PKENGEN,"[368, 0]","[143, 0]",09:58:00,20260417,0.0,None,"[27.5, 37.1, 38.5, 52.3, 61.4, 78.5, 97.8, 97.8, 87.1, 85.2, 13.3]",None,0.0,OK,None,,Null,"[1, 1, 1, 1, 1, 1, 1, 1, 1, 1, 1]"
1869072,8462284S00,"[902, 7]","[50, 1]",09:57:45,20260417,0.0,10823,"[12.1, 127.9, 127.9, 128.6, 128.9, 128.4, 127.3, 12.6, 793.6]",None,0.0,OK,None,7,00024533,"[1, 1, 1, 1, 1, 1, 1, 1, 1]"
1869071,8462284S00,"[901, 7]","[49, 1]",09:57:35,20260417,0.0,10823,"[12.3, 127.4, 128.1, 128.6, 128.4, 128.4, 127.8, 12.4, 793.3]",None,0.0,OK,None,7,00024533,"[1, 1, 1, 1, 1, 1, 1, 1, 1]"
1869070,82832W080PKENGEN,"[367, 0]","[142, 0]",09:57:22,20260417,0.0,None,"[27.5, 36.9, 38.7, 52.3, 61.7, 78.0, 98.0, 97.8, 86.6, 85.1, 13.6]",None,0.0,OK,None,,Null,"[1, 1, 1, 1, 1, 1, 1, 1, 1, 1, 1]"
1869069,8462284S00,"[900, 7]","[48, 1]",09:57:15,20260417,0.0,10823,"[11.4, 127.4, 127.9, 129.0, 127.8, 128.7, 127.2, 12.4, 792.0]",None,0.0,OK,None,7,00024533,"[1, 1, 1, 1, 1, 1, 1, 1, 1]"
1869068,8462284S00,"[899, 7]","[47, 1]",09:56:53,20260417,0.0,10823,"[12.2, 127.8, 127.9, 128.1, 128.6, 128.4, 127.6, 12.6, 793.1]",None,0.0,OK,None,7,00024533,"[1, 1, 1, 1, 1, 1, 1, 1, 1]"
1869067,82832W080PKENGEN,"[366, 0]","[141, 0]",09:56:49,20260417,0.0,None,"[27.3, 36.9, 38.5, 52.3, 61.4, 78.0, 98.0, 97.8, 86.6, 85.1, 13.6]",None,0.0,OK,None,,Null,"[1, 1, 1, 1, 1, 1, 1, 1, 1, 1, 1]"
1869066,8462284S00,"[898, 7]","[46, 1]",09:56:43,20260417,0.0,10823,"[12.3, 127.6, 128.1, 128.1, 128.1, 128.9, 127.8, 12.5, 793.3]",None,0.0,OK,None,7,00024533,"[1, 1, 1, 1, 1, 1, 1, 1, 1]"
1869065,8462284S00,"[897, 7]","[45, 1]",09:56:30,20260417,0.0,10823,"[12.2, 127.8, 128.1, 128.0, 128.9, 128.9, 127.4, 12.4, 793.6]",None,0.0,OK,None,7,00024533,"[1, 1, 1, 1, 1, 1, 1, 1, 1]"
1869064,8462284S00,"[896, 7]","[44, 1]",09:56:19,20260417,0.0,10823,"[12.6, 128.1, 128.1, 128.4, 128.4, 128.6, 127.0, 13.0, 794.1]",None,0.0,OK,None,7,00024533,"[1, 1, 1, 1, 1, 1, 1, 1, 1]"
1869063,8462284S00,"[895, 7]","[43, 1]",09:56:09,20260417,0.0,10823,"[12.5, 127.4, 128.1, 128.7, 128.2, 128.6, 128.1, 12.6, 794.2]",None,0.0,OK,None,7,00024533,"[1, 1, 1, 1, 1, 1, 1, 1, 1]"
1869062,8462284S00,"[894, 7]","[42, 1]",09:55:57,20260417,0.0,10823,"[12.5, 127.1, 128.4, 128.6, 128.4, 128.4, 127.9, 12.3, 793.6]",None,0.0,OK,None,7,00024533,"[1, 1, 1, 1, 1, 1, 1, 1, 1]"
1869061,808387UA0A,"[131, 7]","[45, 0]",09:55:53,20260417,0.0,10819,"[15.2, 121.8, 121.6, 80.2, 79.6, 123.2, 123.2, 16.4, 36.4, 40.7]",None,0.0,OK,,,None,"[1, 1, 1, 1, 1, 1, 1, 1, 1, 1]"
1869060,808387UA0A,"[131, 7]","[45, 0]",09:55:53,20260417,0.0,10819,"[14.8, 122.6, 121.0, 80.2, 80.0, 123.0, 123.0, 15.4, 37.4, 40.1]",None,0.0,OK,,,None,"[1, 1, 1, 1, 1, 1, 1, 1, 1, 1]"
1869059,808387UA0A,"[131, 7]","[45, 0]",09:55:53,20260417,0.0,10819,"[15.2, 121.8, 122.2, 80.4, 80.2, 121.6, 123.4, 15.0, 37.1, 40.5]",None,0.0,OK,,,None,"[1, 1, 1, 1, 1, 1, 1, 1, 1, 1]"
1869058,808387UA0A,"[131, 7]","[45, 0]",09:55:53,20260417,0.0,10819,"[15.4, 122.0, 121.0, 80.8, 79.4, 123.0, 123.4, 15.2, 36.8, 40.9]",None,0.0,OK,,,None,"[1, 1, 1, 1, 1, 1, 1, 1, 1, 1]"
1869057,808387UA0A,"[131, 7]","[45, 0]",09:55:53,20260417,0.0,10819,"[15.2, 122.4, 120.8, 80.6, 80.8, 122.6, 123.0, 15.2, 37.0, 40.5]",None,0.0,OK,,,None,"[1, 1, 1, 1, 1, 1, 1, 1, 1, 1]"
1869056,8462284S00,"[893, 7]","[41, 1]",09:55:44,20260417,0.0,10823,"[12.2, 127.8, 128.2, 128.4, 128.1, 128.9, 127.8, 12.6, 793.9]",None,0.0,OK,None,7,00024533,"[1, 1, 1, 1, 1, 1, 1, 1, 1]"
1869055,82832W080PKENGEN,"[365, 0]","[140, 0]",09:55:34,20260417,0.0,None,"[27.6, 36.9, 38.4, 52.3, 61.7, 78.3, 97.8, 97.6, 86.9, 84.9, 13.8]",None,0.0,OK,None,,Null,"[1, 1, 1, 1, 1, 1, 1, 1, 1, 1, 1]"
1869054,658207UA0A,"[500, 0]","[290, 0]",09:55:20,20260417,0.0,10821,"[15.9, 75.3, 87.8, 116.3, 15.6, 310.9]","[1, 1, 1, 1]",0.0,OK,,,None,"[1, 1, 1, 1, 1, 1]"
1869053,658207UA0A,"[499, 0]","[289, 0]",09:55:16,20260417,0.0,10821,"[15.5, 75.0, 88.1, 116.8, 15.7, 311.1]","[1, 1, 1, 1]",0.0,OK,,,None,"[1, 1, 1, 1, 1, 1]"
1869052,658207UA0A,"[498, 0]","[288, 0]",09:55:10,20260417,0.0,10821,"[15.5, 75.0, 88.1, 116.8, 15.6, 311.0]","[1, 1, 1, 1]",0.0,OK,,,None,"[1, 1, 1, 1, 1, 1]"
1869051,8462284S00,"[892, 7]","[40, 1]",09:55:10,20260417,0.0,10823,"[12.2, 127.8, 128.1, 127.6, 128.4, 128.7, 127.6, 12.1, 792.6]",None,0.0,OK,None,7,00024533,"[1, 1, 1, 1, 1, 1, 1, 1, 1]"
1869050,658207UA0A,"[497, 0]","[287, 0]",09:55:06,20260417,0.0,10821,"[15.5, 74.7, 88.4, 116.7, 15.1, 310.3]","[1, 1, 1, 1]",0.0,OK,,,None,"[1, 1, 1, 1, 1, 1]"
1869049,658207UA0A,"[496, 0]","[286, 0]",09:55:01,20260417,0.0,10821,"[15.3, 74.8, 88.4, 116.5, 15.0, 310.0]","[1, 1, 1, 1]",0.0,OK,,,None,"[1, 1, 1, 1, 1, 1]"
1869048,8462284S00,"[891, 7]","[39, 1]",09:54:59,20260417,0.0,10823,"[12.3, 127.8, 127.9, 128.1, 127.9, 128.1, 127.4, 12.3, 791.8]",None,0.0,OK,None,7,00024533,"[1, 1, 1, 1, 1, 1, 1, 1, 1]"
1869046,658207UA0A,"[495, 0]","[285, 0]",09:54:56,20260417,0.0,10821,"[15.4, 75.5, 87.8, 117.0, 15.9, 311.5]","[1, 1, 1, 1]",0.0,OK,,,None,"[1, 1, 1, 1, 1, 1]"
1869047,82832W080PKENGEN,"[364, 0]","[139, 0]",09:54:56,20260417,0.0,None,"[27.3, 36.9, 38.5, 52.4, 61.8, 78.0, 97.5, 97.6, 86.9, 85.0, 13.6]",None,0.0,OK,None,,Null,"[1, 1, 1, 1, 1, 1, 1, 1, 1, 1, 1]"
1869045,658207UA0A,"[494, 0]","[284, 0]",09:54:49,20260417,0.0,10821,"[15.1, 74.2, 88.5, 116.5, 15.7, 310.0]","[1, 1, 1, 1]",0.0,OK,,,None,"[1, 1, 1, 1, 1, 1]"
1869044,8462284S00,"[890, 7]","[38, 1]",09:54:48,20260417,0.0,10823,"[12.3, 127.6, 128.2, 128.6, 128.4, 128.6, 127.7, 12.5, 793.8]",None,0.0,OK,None,7,00024533,"[1, 1, 1, 1, 1, 1, 1, 1, 1]"
1869043,658207UA0A,"[493, 0]","[283, 0]",09:54:44,20260417,0.0,10821,"[15.7, 75.1, 88.0, 117.0, 15.4, 311.2]","[1, 1, 1, 1]",0.0,OK,,,None,"[1, 1, 1, 1, 1, 1]"
1869042,658207UA0A,"[492, 0]","[282, 0]",09:54:39,20260417,0.0,10821,"[15.6, 75.0, 88.0, 115.9, 16.2, 310.6]","[1, 1, 1, 1]",0.0,OK,,,None,"[1, 1, 1, 1, 1, 1]"
1869041,8462284S00,"[889, 7]","[37, 1]",09:54:38,20260417,0.0,10823,"[12.3, 127.8, 128.1, 128.4, 128.6, 128.6, 127.4, 12.4, 793.5]",None,0.0,OK,None,7,00024533,"[1, 1, 1, 1, 1, 1, 1, 1, 1]"
1869040,658207UA0A,"[491, 0]","[281, 0]",09:54:34,20260417,0.0,10821,"[16.1, 75.6, 88.4, 117.0, 15.0, 312.1]","[1, 1, 1, 1]",0.0,OK,,,None,"[1, 1, 1, 1, 1, 1]"
1869039,82832W080PKENGEN,"[363, 0]","[138, 0]",09:54:31,20260417,0.0,None,"[27.5, 36.9, 39.0, 52.3, 61.5, 78.0, 97.6, 98.0, 86.9, 84.7, 13.3]",None,0.0,OK,None,,Null,"[1, 1, 1, 1, 1, 1, 1, 1, 1, 1, 1]"
1869038,8462284S00,"[888, 7]","[36, 1]",09:54:26,20260417,0.0,10823,"[12.4, 127.8, 127.4, 128.0, 128.7, 128.6, 127.3, 12.5, 792.7]",None,0.0,OK,None,7,00024533,"[1, 1, 1, 1, 1, 1, 1, 1, 1]"
1869037,8462284S00,"[887, 7]","[35, 1]",09:54:10,20260417,0.0,10823,"[12.6, 127.9, 128.2, 128.6, 128.4, 128.6, 127.8, 12.7, 794.6]",None,0.0,OK,None,7,00024533,"[1, 1, 1, 1, 1, 1, 1, 1, 1]"
1869036,82832W080PKENGEN,"[362, 0]","[137, 0]",09:54:02,20260417,0.0,None,"[27.6, 37.2, 38.5, 52.3, 61.8, 78.3, 98.0, 98.1, 87.1, 84.9, 13.6]",None,0.0,OK,None,,Null,"[1, 1, 1, 1, 1, 1, 1, 1, 1, 1, 1]"
1869035,8462284S00,"[886, 7]","[34, 1]",09:53:59,20260417,0.0,10823,"[12.2, 127.9, 128.1, 128.6, 128.5, 128.6, 127.8, 12.7, 794.3]",None,0.0,OK,None,7,00024533,"[1, 1, 1, 1, 1, 1, 1, 1, 1]"
1869034,8462284S00,"[885, 7]","[33, 1]",09:53:50,20260417,0.0,10823,"[12.5, 127.3, 128.2, 128.4, 128.4, 128.6, 127.9, 12.3, 793.6]",None,0.0,OK,None,7,00024533,"[1, 1, 1, 1, 1, 1, 1, 1, 1]"
1869033,8462284S00,"[884, 7]","[32, 1]",09:53:40,20260417,0.0,10823,"[12.0, 128.1, 127.8, 128.3, 128.7, 128.2, 127.4, 12.6, 793.2]",None,0.0,OK,None,7,00024533,"[1, 1, 1, 1, 1, 1, 1, 1, 1]"
1869032,808397UA0A,"[129, 7]","[57, 3]",09:53:38,20260417,0.0,10819,"[15.4, 123.4, 121.2, 81.2, 81.0, 121.8, 123.4, 15.4, 37.1, 40.1]",None,0.0,OK,,,None,"[1, 1, 1, 1, 1, 1, 1, 1, 1, 1]"
1869029,808397UA0A,"[129, 7]","[57, 3]",09:53:37,20260417,0.0,10819,"[15.6, 123.0, 123.0, 79.0, 81.0, 121.6, 123.6, 15.6, 37.3, 40.7]",None,0.0,OK,,,None,"[1, 1, 1, 1, 1, 1, 1, 1, 1, 1]"
1869028,808397UA0A,"[129, 7]","[57, 3]",09:53:37,20260417,0.0,10819,"[16.6, 122.0, 122.0, 79.6, 80.6, 122.0, 122.8, 15.8, 36.9, 41.3]",None,0.0,OK,,,None,"[1, 1, 1, 1, 1, 1, 1, 1, 1, 1]"
1869030,808397UA0A,"[129, 7]","[57, 3]",09:53:37,20260417,0.0,10819,"[15.2, 123.6, 121.6, 80.6, 81.2, 122.4, 123.2, 17.2, 36.1, 40.7]",None,0.0,OK,,,None,"[1, 1, 1, 1, 1, 1, 1, 1, 1, 1]"
1869031,808397UA0A,"[129, 7]","[57, 3]",09:53:37,20260417,0.0,10819,"[15.8, 123.2, 122.2, 79.8, 81.0, 122.0, 123.2, 15.6, 36.6, 40.3]",None,0.0,OK,,,None,"[1, 1, 1, 1, 1, 1, 1, 1, 1, 1]"
1869027,8462284S00,"[883, 7]","[31, 1]",09:53:28,20260417,0.0,10823,"[12.4, 128.1, 128.4, 128.6, 128.4, 128.7, 127.3, 12.5, 794.3]",None,0.0,OK,None,7,00024533,"[1, 1, 1, 1, 1, 1, 1, 1, 1]"
1869026,82832W080PKENGEN,"[361, 0]","[136, 0]",09:53:19,20260417,0.0,None,"[27.3, 36.9, 38.4, 52.3, 61.4, 78.3, 97.8, 97.5, 87.1, 85.2, 13.5]",None,0.0,OK,None,,Null,"[1, 1, 1, 1, 1, 1, 1, 1, 1, 1, 1]"
1869025,658207UA0A,"[490, 0]","[280, 0]",09:53:15,20260417,0.0,10821,"[15.4, 75.0, 87.8, 116.7, 16.2, 311.0]","[1, 1, 1, 1]",0.0,OK,,,None,"[1, 1, 1, 1, 1, 1]"
1869024,658207UA0A,"[489, 0]","[279, 0]",09:53:10,20260417,0.0,10821,"[15.8, 75.3, 88.3, 116.7, 15.7, 311.8]","[1, 1, 1, 1]",0.0,OK,,,None,"[1, 1, 1, 1, 1, 1]"
1869023,658207UA0A,"[488, 0]","[278, 0]",09:53:05,20260417,0.0,10821,"[16.1, 75.0, 88.0, 116.7, 15.7, 311.4]","[1, 1, 1, 1]",0.0,OK,,,None,"[1, 1, 1, 1, 1, 1]"
1869022,658207UA0A,"[487, 0]","[277, 0]",09:53:01,20260417,0.0,10821,"[15.6, 75.1, 88.0, 116.5, 16.1, 311.3]","[1, 1, 1, 1]",0.0,OK,,,None,"[1, 1, 1, 1, 1, 1]"
1869021,82832W080PKENGEN,"[360, 0]","[135, 0]",09:52:58,20260417,0.0,None,"[27.5, 36.9, 38.5, 52.1, 61.7, 78.3, 97.6, 97.6, 87.4, 85.0, 13.8]",None,0.0,OK,None,,Null,"[1, 1, 1, 1, 1, 1, 1, 1, 1, 1, 1]"
1869020,658207UA0A,"[486, 0]","[276, 0]",09:52:56,20260417,0.0,10821,"[15.8, 75.1, 88.3, 116.7, 15.6, 311.5]","[1, 1, 1, 1]",0.0,OK,,,None,"[1, 1, 1, 1, 1, 1]"
1869019,658207UA0A,"[485, 0]","[275, 0]",09:52:51,20260417,0.0,10821,"[15.2, 74.7, 88.4, 116.2, 15.2, 309.6]","[1, 1, 1, 1]",0.0,OK,,,None,"[1, 1, 1, 1, 1, 1]"
1869018,8462284S00,"[882, 7]","[30, 1]",09:52:50,20260417,0.0,10823,"[12.5, 127.4, 128.1, 128.1, 128.4, 128.6, 127.3, 12.2, 792.6]",None,0.0,OK,None,7,00024533,"[1, 1, 1, 1, 1, 1, 1, 1, 1]"
1869017,658207UA0A,"[484, 0]","[274, 0]",09:52:46,20260417,0.0,10821,"[15.5, 75.3, 88.0, 116.3, 15.5, 310.6]","[1, 1, 1, 1]",0.0,OK,,,None,"[1, 1, 1, 1, 1, 1]"
1869016,658207UA0A,"[483, 0]","[273, 0]",09:52:41,20260417,0.0,10821,"[15.4, 75.1, 88.1, 116.3, 15.8, 310.8]","[1, 1, 1, 1]",0.0,OK,,,None,"[1, 1, 1, 1, 1, 1]"
1869015,8462284S00,"[881, 7]","[29, 1]",09:52:39,20260417,0.0,10823,"[12.4, 127.8, 128.1, 128.4, 128.7, 128.9, 127.6, 12.1, 794.0]",None,0.0,OK,None,7,00024533,"[1, 1, 1, 1, 1, 1, 1, 1, 1]"
1869014,658207UA0A,"[482, 0]","[272, 0]",09:52:35,20260417,0.0,10821,"[15.7, 75.1, 88.0, 116.0, 16.3, 311.1]","[1, 1, 1, 1]",0.0,OK,,,None,"[1, 1, 1, 1, 1, 1]"
1869013,658207UA0A,"[481, 0]","[271, 0]",09:52:31,20260417,0.0,10821,"[15.2, 74.7, 88.4, 116.3, 16.1, 310.7]","[1, 1, 1, 1]",0.0,OK,,,None,"[1, 1, 1, 1, 1, 1]"
1869012,8462284S00,"[880, 7]","[28, 1]",09:52:30,20260417,0.0,10823,"[12.4, 127.6, 128.2, 128.6, 128.6, 128.6, 127.4, 12.8, 794.1]",None,0.0,OK,None,7,00024533,"[1, 1, 1, 1, 1, 1, 1, 1, 1]"
1869011,82832W080PKENGEN,"[359, 0]","[134, 0]",09:52:25,20260417,0.0,None,"[27.5, 36.9, 38.7, 52.1, 61.5, 77.8, 98.1, 97.8, 87.3, 84.9, 13.8]",None,0.0,OK,None,,Null,"[1, 1, 1, 1, 1, 1, 1, 1, 1, 1, 1]"
1869010,658207UA0A,"[480, 0]","[270, 0]",09:52:25,20260417,0.0,10821,"[15.8, 75.1, 88.1, 117.0, 15.5, 311.5]","[1, 1, 1, 1]",0.0,OK,,,None,"[1, 1, 1, 1, 1, 1]"
1869009,658207UA0A,"[479, 0]","[269, 0]",09:52:20,20260417,0.0,10821,"[15.6, 74.8, 88.3, 116.2, 15.4, 310.3]","[1, 1, 1, 1]",0.0,OK,,,None,"[1, 1, 1, 1, 1, 1]"
1869007,658207UA0A,"[478, 0]","[268, 0]",09:52:15,20260417,0.0,10821,"[15.4, 75.5, 87.7, 117.0, 16.0, 311.5]","[1, 1, 1, 1]",0.0,OK,,,None,"[1, 1, 1, 1, 1, 1]"
1869008,8462284S00,"[879, 7]","[27, 1]",09:52:14,20260417,0.0,10823,"[12.3, 127.8, 128.1, 128.4, 128.6, 128.2, 127.4, 12.6, 793.4]",None,0.0,OK,None,7,00024533,"[1, 1, 1, 1, 1, 1, 1, 1, 1]"
1869006,658207UA0A,"[477, 0]","[267, 0]",09:52:10,20260417,0.0,10821,"[16.0, 75.3, 88.1, 116.2, 15.6, 311.2]","[1, 1, 1, 1]",0.0,OK,,,None,"[1, 1, 1, 1, 1, 1]"
1869005,658207UA0A,"[476, 0]","[266, 0]",09:52:06,20260417,0.0,10821,"[15.7, 75.3, 88.0, 116.7, 15.7, 311.2]","[1, 1, 1, 1]",0.0,OK,,,None,"[1, 1, 1, 1, 1, 1]"
1869004,8462284S00,"[878, 7]","[26, 1]",09:52:02,20260417,0.0,10823,"[12.2, 127.8, 127.9, 128.3, 128.7, 128.6, 127.4, 12.2, 793.1]",None,0.0,OK,None,7,00024533,"[1, 1, 1, 1, 1, 1, 1, 1, 1]"
1869003,658207UA0A,"[475, 0]","[265, 0]",09:52:00,20260417,0.0,10821,"[15.7, 74.8, 88.1, 117.3, 15.0, 311.0]","[1, 1, 1, 1]",0.0,OK,,,None,"[1, 1, 1, 1, 1, 1]"
1869002,658207UA0A,"[474, 0]","[264, 0]",09:51:53,20260417,0.0,10821,"[15.6, 75.3, 87.8, 117.6, 15.0, 311.3]","[1, 1, 1, 1]",0.0,OK,,,None,"[1, 1, 1, 1, 1, 1]"
1869001,8462284S00,"[877, 7]","[25, 1]",09:51:51,20260417,0.0,10823,"[12.5, 128.1, 128.1, 128.2, 128.6, 128.7, 127.3, 12.5, 794.0]",None,0.0,OK,None,7,00024533,"[1, 1, 1, 1, 1, 1, 1, 1, 1]"
1869000,82832W080PKENGEN,"[358, 0]","[133, 0]",09:51:50,20260417,0.0,None,"[27.6, 37.1, 38.5, 52.1, 61.5, 78.0, 97.8, 97.8, 86.8, 85.2, 13.6]",None,0.0,OK,None,,Null,"[1, 1, 1, 1, 1, 1, 1, 1, 1, 1, 1]"
1868999,658207UA0A,"[473, 0]","[263, 0]",09:51:48,20260417,0.0,10821,"[15.8, 75.1, 88.1, 116.7, 15.4, 311.1]","[1, 1, 1, 1]",0.0,OK,,,None,"[1, 1, 1, 1, 1, 1]"
1868998,658207UA0A,"[472, 0]","[262, 0]",09:51:43,20260417,0.0,10821,"[15.3, 75.3, 88.1, 116.3, 15.9, 310.9]","[1, 1, 1, 1]",0.0,OK,,,None,"[1, 1, 1, 1, 1, 1]"
1868997,8462284S00,"[876, 7]","[24, 1]",09:51:41,20260417,0.0,10823,"[12.3, 127.8, 127.9, 128.3, 128.4, 128.6, 127.4, 12.5, 793.1]",None,0.0,OK,None,7,00024533,"[1, 1, 1, 1, 1, 1, 1, 1, 1]"
1868996,658207UA0A,"[471, 0]","[261, 0]",09:51:38,20260417,0.0,10821,"[15.7, 75.5, 86.9, 118.3, 15.2, 311.4]","[1, 1, 1, 1]",0.0,OK,,,None,"[1, 1, 1, 1, 1, 1]"
1868995,8462284S00,"[875, 7]","[23, 1]",09:51:31,20260417,0.0,10823,"[12.2, 127.8, 127.9, 128.1, 128.1, 128.4, 127.4, 12.4, 792.2]",None,0.0,OK,None,7,00024533,"[1, 1, 1, 1, 1, 1, 1, 1, 1]"
1868994,82832W080PKENGEN,"[357, 0]","[132, 0]",09:51:25,20260417,0.0,None,"[27.5, 36.9, 38.5, 52.3, 61.7, 78.1, 97.5, 98.0, 86.9, 85.2, 13.6]",None,0.0,OK,None,,Null,"[1, 1, 1, 1, 1, 1, 1, 1, 1, 1, 1]"
1868993,8462284S00,"[874, 7]","[22, 1]",09:51:21,20260417,0.0,10823,"[12.1, 127.9, 128.2, 128.4, 128.1, 128.4, 127.6, 12.4, 793.2]",None,0.0,OK,None,7,00024533,"[1, 1, 1, 1, 1, 1, 1, 1, 1]"
1868992,8462284S00,"[873, 7]","[21, 1]",09:51:10,20260417,0.0,10823,"[12.9, 127.9, 127.9, 128.2, 128.6, 128.6, 127.6, 12.6, 794.3]",None,0.0,OK,None,7,00024533,"[1, 1, 1, 1, 1, 1, 1, 1, 1]"
1868991,82832W080PKENGEN,"[356, 0]","[131, 0]",09:50:57,20260417,0.0,None,"[27.8, 36.9, 38.5, 52.1, 61.7, 78.1, 97.8, 97.6, 86.9, 84.9, 13.9]",None,0.0,OK,None,,Null,"[1, 1, 1, 1, 1, 1, 1, 1, 1, 1, 1]"
1868990,808387UA0A,"[126, 7]","[40, 0]",09:50:39,20260417,0.0,10819,"[15.2, 122.2, 121.8, 80.2, 79.4, 123.0, 123.2, 16.2, 36.9, 40.7]",None,0.0,OK,,,None,"[1, 1, 1, 1, 1, 1, 1, 1, 1, 1]"
1868989,808387UA0A,"[126, 7]","[40, 0]",09:50:39,20260417,0.0,10819,"[15.2, 122.2, 121.0, 80.0, 80.0, 122.8, 122.6, 15.2, 36.9, 40.3]",None,0.0,OK,,,None,"[1, 1, 1, 1, 1, 1, 1, 1, 1, 1]"
1868987,808387UA0A,"[126, 7]","[40, 0]",09:50:39,20260417,0.0,10819,"[15.4, 122.0, 120.8, 80.0, 80.6, 122.0, 122.6, 15.4, 37.8, 40.7]",None,0.0,OK,,,None,"[1, 1, 1, 1, 1, 1, 1, 1, 1, 1]"
1868985,808387UA0A,"[126, 7]","[40, 0]",09:50:38,20260417,0.0,10819,"[14.8, 122.4, 121.0, 80.4, 79.6, 123.2, 123.2, 15.0, 37.3, 40.5]",None,0.0,OK,,,None,"[1, 1, 1, 1, 1, 1, 1, 1, 1, 1]"
1868986,808387UA0A,"[126, 7]","[40, 0]",09:50:38,20260417,0.0,10819,"[15.0, 122.4, 121.2, 80.4, 79.8, 123.8, 123.2, 15.8, 36.5, 40.5]",None,0.0,OK,,,None,"[1, 1, 1, 1, 1, 1, 1, 1, 1, 1]"
1868988,8462284S00,"[872, 7]","[20, 1]",09:50:37,20260417,0.0,10823,"[13.1, 127.8, 127.8, 128.4, 128.2, 128.7, 127.4, 12.5, 793.8]",None,0.0,OK,None,7,00024533,"[1, 1, 1, 1, 1, 1, 1, 1, 1]"
1868983,82832W080PKENGEN,"[355, 0]","[130, 0]",09:50:29,20260417,0.0,None,"[27.6, 37.1, 38.8, 52.4, 61.4, 78.1, 98.0, 97.6, 87.3, 84.9, 13.8]",None,0.0,OK,None,,Null,"[1, 1, 1, 1, 1, 1, 1, 1, 1, 1, 1]"
1868984,8462284S00,"[871, 7]","[19, 1]",09:50:25,20260417,0.0,10823,"[12.5, 127.8, 127.9, 128.1, 128.4, 128.6, 127.8, 12.4, 793.4]",None,0.0,OK,None,7,00024533,"[1, 1, 1, 1, 1, 1, 1, 1, 1]"
1868982,8462284S00,"[870, 7]","[18, 1]",09:50:14,20260417,0.0,10823,"[12.2, 127.6, 128.6, 128.2, 128.4, 128.7, 127.3, 12.4, 793.4]",None,0.0,OK,None,7,00024533,"[1, 1, 1, 1, 1, 1, 1, 1, 1]"
1868981,658207UA0A,"[470, 0]","[260, 0]",09:50:10,20260417,0.0,10821,"[16.0, 75.1, 88.1, 116.5, 15.7, 311.5]","[1, 1, 1, 1]",0.0,OK,,,None,"[1, 1, 1, 1, 1, 1]"
1868980,658207UA0A,"[469, 0]","[259, 0]",09:50:05,20260417,0.0,10821,"[15.8, 75.0, 88.3, 116.7, 15.8, 311.4]","[1, 1, 1, 1]",0.0,OK,,,None,"[1, 1, 1, 1, 1, 1]"
1868979,8462284S00,"[869, 7]","[17, 1]",09:50:02,20260417,0.0,10823,"[12.8, 127.9, 127.6, 128.6, 128.7, 128.2, 127.6, 12.6, 794.0]",None,0.0,OK,None,7,00024533,"[1, 1, 1, 1, 1, 1, 1, 1, 1]"
1868978,658207UA0A,"[468, 0]","[258, 0]",09:50:00,20260417,0.0,10821,"[15.4, 75.1, 88.3, 116.5, 15.5, 310.9]","[1, 1, 1, 1]",0.0,OK,,,None,"[1, 1, 1, 1, 1, 1]"
1868977,82832W080PKENGEN,"[354, 0]","[129, 0]",09:49:57,20260417,0.0,None,"[27.5, 37.1, 38.7, 52.3, 61.4, 78.0, 97.8, 98.1, 87.3, 85.1, 13.8]",None,0.0,OK,None,,Null,"[1, 1, 1, 1, 1, 1, 1, 1, 1, 1, 1]"
1868976,658207UA0A,"[467, 0]","[257, 0]",09:49:55,20260417,0.0,10821,"[15.9, 75.1, 88.0, 116.8, 16.0, 311.8]","[1, 1, 1, 1]",0.0,OK,,,None,"[1, 1, 1, 1, 1, 1]"
1868975,8462284S00,"[868, 7]","[16, 1]",09:49:51,20260417,0.0,10823,"[12.4, 127.4, 128.1, 128.1, 129.0, 128.7, 127.3, 12.5, 793.6]",None,0.0,OK,None,7,00024533,"[1, 1, 1, 1, 1, 1, 1, 1, 1]"
1868974,658207UA0A,"[466, 0]","[256, 0]",09:49:50,20260417,0.0,10821,"[16.3, 75.1, 88.1, 116.7, 15.7, 312.0]","[1, 1, 1, 1]",0.0,OK,,,None,"[1, 1, 1, 1, 1, 1]"
1868973,658207UA0A,"[465, 0]","[255, 0]",09:49:45,20260417,0.0,10821,"[15.9, 75.3, 88.0, 116.3, 16.0, 311.6]","[1, 1, 1, 1]",0.0,OK,,,None,"[1, 1, 1, 1, 1, 1]"
1868971,658207UA0A,"[464, 0]","[254, 0]",09:49:39,20260417,0.0,10821,"[15.9, 75.0, 88.3, 116.0, 15.5, 310.7]","[1, 1, 1, 1]",0.0,OK,,,None,"[1, 1, 1, 1, 1, 1]"
1868972,8462284S00,"[867, 7]","[15, 1]",09:49:38,20260417,0.0,10823,"[12.1, 128.2, 127.8, 128.4, 128.9, 128.4, 127.3, 12.9, 793.9]",None,0.0,OK,None,7,00024533,"[1, 1, 1, 1, 1, 1, 1, 1, 1]"
1868970,658207UA0A,"[463, 0]","[253, 0]",09:49:32,20260417,0.0,10821,"[15.8, 75.1, 88.1, 117.1, 15.5, 311.7]","[1, 1, 1, 1]",0.0,OK,,,None,"[1, 1, 1, 1, 1, 1]"
1868969,8462284S00,"[866, 7]","[14, 1]",09:49:28,20260417,0.0,10823,"[12.0, 127.8, 127.9, 128.1, 128.1, 128.2, 127.6, 12.5, 792.1]",None,0.0,OK,None,7,00024533,"[1, 1, 1, 1, 1, 1, 1, 1, 1]"
1868968,658207UA0A,"[462, 0]","[252, 0]",09:49:27,20260417,0.0,10821,MANUAL,MANUAL,0.0,MANUAL,MANUAL,,Null,MANUAL
1868967,82832W080PKENGEN,"[353, 0]","[128, 0]",09:49:26,20260417,0.0,None,"[27.5, 36.9, 38.5, 52.3, 61.4, 78.5, 98.0, 98.0, 87.3, 84.7, 13.8]",None,0.0,OK,None,,Null,"[1, 1, 1, 1, 1, 1, 1, 1, 1, 1, 1]"
1868966,658207UA0A,"[462, 1]","[252, 1]",09:49:26,20260417,0.0,10821,"[15.6, 75.1, 88.1, 117.3, 15.5, 311.7]","[1, 1, 1, 1]",0.0,OK,,,None,"[1, 1, 1, 1, 1, 1]"
1868965,658207UA0A,"[461, 1]","[251, 1]",09:49:22,20260417,0.0,10821,"[0, 0, 0, 0, 0, 0]","[0, 0, 0, 0]",0.0,NG,HOLE NOT FACING RIGHT DIRECTION,,None,"[0, 0, 0, 0, 0, 0]"
1868964,658207UA0A,"[461, 0]","[251, 0]",09:49:18,20260417,0.0,10821,"[16.3, 75.4, 88.0, 116.8, 15.6, 312.2]","[1, 1, 1, 1]",0.0,OK,,,None,"[1, 1, 1, 1, 1, 1]"
1868963,8462284S00,"[865, 7]","[13, 1]",09:49:14,20260417,0.0,10823,"[12.5, 127.8, 127.9, 128.3, 127.9, 128.3, 127.1, 12.7, 792.4]",None,0.0,OK,None,7,00024533,"[1, 1, 1, 1, 1, 1, 1, 1, 1]"
1868962,658207UA0A,"[460, 0]","[250, 0]",09:49:13,20260417,0.0,10821,"[15.8, 74.8, 88.1, 116.7, 15.3, 310.7]","[1, 1, 1, 1]",0.0,OK,,,None,"[1, 1, 1, 1, 1, 1]"
1868961,658207UA0A,"[459, 0]","[249, 0]",09:49:07,20260417,0.0,10821,"[15.4, 74.8, 88.3, 116.3, 16.3, 311.1]","[1, 1, 1, 1]",0.0,OK,,,None,"[1, 1, 1, 1, 1, 1]"
1868960,8462284S00,"[864, 7]","[12, 1]",09:49:03,20260417,0.0,10823,"[11.9, 127.6, 128.2, 128.1, 128.1, 128.6, 127.6, 12.4, 792.5]",None,0.0,OK,None,7,00024533,"[1, 1, 1, 1, 1, 1, 1, 1, 1]"
1868959,82832W080PKENGEN,"[352, 0]","[127, 0]",09:49:02,20260417,0.0,None,"[27.3, 36.9, 38.5, 52.1, 61.8, 78.1, 97.8, 98.0, 87.1, 85.3, 13.4]",None,0.0,OK,None,,Null,"[1, 1, 1, 1, 1, 1, 1, 1, 1, 1, 1]"
1868958,658207UA0A,"[458, 0]","[248, 0]",09:49:02,20260417,0.0,10821,"[15.8, 75.1, 88.1, 117.1, 15.3, 311.5]","[1, 1, 1, 1]",0.0,OK,,,None,"[1, 1, 1, 1, 1, 1]"
1868957,658207UA0A,"[457, 0]","[247, 0]",09:48:56,20260417,0.0,10821,"[15.5, 75.6, 88.0, 116.7, 15.8, 311.6]","[1, 1, 1, 1]",0.0,OK,,,None,"[1, 1, 1, 1, 1, 1]"
1868956,8462284S00,"[863, 7]","[11, 1]",09:48:54,20260417,0.0,10823,"[12.3, 127.8, 128.1, 128.6, 128.2, 128.6, 127.6, 12.1, 793.2]",None,0.0,OK,None,7,00024533,"[1, 1, 1, 1, 1, 1, 1, 1, 1]"
1868955,658207UA0A,"[456, 0]","[246, 0]",09:48:52,20260417,0.0,10821,"[15.3, 75.1, 88.1, 117.1, 15.2, 310.9]","[1, 1, 1, 1]",0.0,OK,,,None,"[1, 1, 1, 1, 1, 1]"
1868954,8462284S00,"[862, 7]","[10, 1]",09:48:49,20260417,0.0,10823,"[0, 0, 0, 0, 0, 0, 0, 0, 0]",None,0.0,NG,PART IS NOT FOUND,7,00024533,"[0, 0, 0, 0, 0, 0, 0, 0, 0]"
1868953,658207UA0A,"[455, 0]","[245, 0]",09:48:46,20260417,0.0,10821,"[15.5, 75.1, 88.1, 117.4, 15.2, 311.4]","[1, 1, 1, 1]",0.0,OK,,,None,"[1, 1, 1, 1, 1, 1]"
1868952,658207UA0A,"[454, 0]","[244, 0]",09:48:41,20260417,0.0,10821,"[15.2, 75.3, 88.4, 116.0, 15.8, 310.8]","[1, 1, 1, 1]",0.0,OK,,,None,"[1, 1, 1, 1, 1, 1]"
1868951,658207UA0A,"[453, 0]","[243, 0]",09:48:35,20260417,0.0,10821,"[15.2, 75.3, 88.4, 116.0, 15.9, 310.8]","[1, 1, 1, 1]",0.0,OK,,,None,"[1, 1, 1, 1, 1, 1]"
1868950,658207UA0A,"[452, 0]","[242, 0]",09:48:31,20260417,0.0,10821,"[15.7, 75.6, 88.0, 116.7, 15.8, 311.7]","[1, 1, 1, 1]",0.0,OK,,,None,"[1, 1, 1, 1, 1, 1]"
1868949,82832W080PKENGEN,"[351, 0]","[126, 0]",09:48:29,20260417,0.0,None,"[27.2, 36.9, 38.8, 52.4, 61.7, 78.3, 97.6, 98.3, 87.1, 85.0, 13.8]",None,0.0,OK,None,,Null,"[1, 1, 1, 1, 1, 1, 1, 1, 1, 1, 1]"
1868948,658207UA0A,"[451, 0]","[241, 0]",09:48:26,20260417,0.0,10821,"[15.8, 75.3, 88.1, 116.8, 15.3, 311.3]","[1, 1, 1, 1]",0.0,OK,,,None,"[1, 1, 1, 1, 1, 1]"
1868947,808397UA0A,"[124, 7]","[52, 3]",09:48:26,20260417,0.0,10819,"[15.4, 123.4, 121.6, 79.8, 81.2, 122.0, 123.4, 15.6, 36.7, 40.7]",None,0.0,OK,,,None,"[1, 1, 1, 1, 1, 1, 1, 1, 1, 1]"
1868946,808397UA0A,"[124, 7]","[52, 3]",09:48:26,20260417,0.0,10819,"[15.2, 123.4, 121.6, 80.4, 81.0, 122.6, 123.4, 16.0, 37.3, 40.7]",None,0.0,OK,,,None,"[1, 1, 1, 1, 1, 1, 1, 1, 1, 1]"
1868945,808397UA0A,"[124, 7]","[52, 3]",09:48:25,20260417,0.0,10819,"[15.4, 123.2, 122.2, 80.2, 81.0, 122.0, 124.0, 16.4, 36.8, 40.9]",None,0.0,OK,,,None,"[1, 1, 1, 1, 1, 1, 1, 1, 1, 1]"
1868944,808397UA0A,"[124, 7]","[52, 3]",09:48:25,20260417,0.0,10819,"[15.4, 122.8, 122.4, 79.8, 81.0, 122.2, 123.6, 16.0, 37.0, 41.3]",None,0.0,OK,,,None,"[1, 1, 1, 1, 1, 1, 1, 1, 1, 1]"
1868943,808397UA0A,"[124, 7]","[52, 3]",09:48:25,20260417,0.0,10819,"[15.0, 123.2, 123.2, 80.0, 80.6, 122.4, 122.8, 15.6, 36.2, 41.5]",None,0.0,OK,,,None,"[1, 1, 1, 1, 1, 1, 1, 1, 1, 1]"
1868942,8462284S00,"[862, 6]","[10, 0]",09:48:06,20260417,0.0,10823,"[12.4, 127.1, 128.4, 128.6, 128.4, 128.6, 127.4, 12.5, 793.5]",None,0.0,OK,None,7,00024533,"[1, 1, 1, 1, 1, 1, 1, 1, 1]"
1868941,82832W080PKENGEN,"[350, 0]","[125, 0]",09:47:57,20260417,0.0,None,"[27.3, 36.9, 38.5, 52.3, 61.5, 78.3, 97.8, 97.6, 87.1, 84.9, 13.6]",None,0.0,OK,None,,Null,"[1, 1, 1, 1, 1, 1, 1, 1, 1, 1, 1]"
1868940,8462284S00,"[861, 6]","[9, 0]",09:47:50,20260417,0.0,10823,"[12.3, 127.6, 127.9, 127.9, 128.9, 128.2, 127.4, 12.8, 793.1]",None,0.0,OK,None,7,00024533,"[1, 1, 1, 1, 1, 1, 1, 1, 1]"
1868939,8462284S00,"[860, 6]","[8, 0]",09:47:38,20260417,0.0,10823,"[12.7, 127.4, 127.6, 128.4, 128.4, 128.2, 127.3, 12.4, 792.5]",None,0.0,OK,None,7,00024533,"[1, 1, 1, 1, 1, 1, 1, 1, 1]"
1868938,8462284S00,"[859, 6]","[7, 0]",09:47:27,20260417,0.0,10823,"[12.4, 128.1, 128.1, 128.6, 128.4, 128.6, 127.6, 12.6, 794.2]",None,0.0,OK,None,7,00024533,"[1, 1, 1, 1, 1, 1, 1, 1, 1]"
1868937,82832W080PKENGEN,"[349, 0]","[124, 0]",09:47:26,20260417,0.0,None,"[27.5, 37.1, 38.7, 52.4, 61.5, 78.0, 97.8, 98.0, 86.9, 84.7, 13.6]",None,0.0,OK,None,,Null,"[1, 1, 1, 1, 1, 1, 1, 1, 1, 1, 1]"
1868936,8462284S00,"[858, 6]","[6, 0]",09:47:16,20260417,0.0,10823,"[12.2, 128.2, 127.9, 128.2, 128.6, 128.4, 127.3, 12.8, 793.7]",None,0.0,OK,None,7,00024533,"[1, 1, 1, 1, 1, 1, 1, 1, 1]"
1868935,8462284S00,"[857, 6]","[5, 0]",09:47:07,20260417,0.0,10823,"[12.3, 127.5, 127.8, 128.6, 128.4, 128.6, 127.9, 12.7, 793.7]",None,0.0,OK,None,7,00024533,"[1, 1, 1, 1, 1, 1, 1, 1, 1]"
1868934,82832W080PKENGEN,"[348, 0]","[123, 0]",09:46:56,20260417,0.0,None,"[27.5, 37.1, 38.7, 52.1, 61.7, 77.8, 98.1, 97.8, 87.3, 85.4, 13.6]",None,0.0,OK,None,,Null,"[1, 1, 1, 1, 1, 1, 1, 1, 1, 1, 1]"
1868933,658207UA0A,"[450, 0]","[240, 0]",09:46:44,20260417,0.0,10821,"[15.5, 75.3, 87.8, 117.0, 15.7, 311.3]","[1, 1, 1, 1]",0.0,OK,,,None,"[1, 1, 1, 1, 1, 1]"
1868932,8462284S00,"[856, 6]","[4, 0]",09:46:41,20260417,0.0,10823,"[12.5, 127.4, 127.9, 128.7, 128.6, 128.7, 127.8, 12.6, 794.2]",None,0.0,OK,None,7,00024533,"[1, 1, 1, 1, 1, 1, 1, 1, 1]"
1868931,658207UA0A,"[449, 0]","[239, 0]",09:46:39,20260417,0.0,10821,"[15.7, 75.1, 88.1, 117.0, 15.4, 311.4]","[1, 1, 1, 1]",0.0,OK,,,None,"[1, 1, 1, 1, 1, 1]"
1868930,658207UA0A,"[448, 0]","[238, 0]",09:46:34,20260417,0.0,10821,"[15.4, 75.3, 87.8, 116.3, 15.7, 310.6]","[1, 1, 1, 1]",0.0,OK,,,None,"[1, 1, 1, 1, 1, 1]"
1868929,658207UA0A,"[447, 0]","[237, 0]",09:46:28,20260417,0.0,10821,"[15.5, 75.1, 88.3, 116.3, 16.1, 311.4]","[1, 1, 1, 1]",0.0,OK,,,None,"[1, 1, 1, 1, 1, 1]"
1868928,658207UA0A,"[446, 0]","[236, 0]",09:46:19,20260417,0.0,10821,"[16.1, 75.0, 88.0, 117.1, 15.6, 311.8]","[1, 1, 1, 1]",0.0,OK,,,None,"[1, 1, 1, 1, 1, 1]"
1868927,8462284S00,"[855, 6]","[3, 0]",09:46:17,20260417,0.0,10823,"[12.1, 127.8, 128.1, 127.9, 128.6, 128.8, 127.5, 13.0, 793.6]",None,0.0,OK,None,7,00024533,"[1, 1, 1, 1, 1, 1, 1, 1, 1]"
1868926,658207UA0A,"[445, 0]","[235, 0]",09:46:05,20260417,0.0,10821,"[15.4, 75.1, 88.4, 116.0, 15.8, 310.7]","[1, 1, 1, 1]",0.0,OK,,,None,"[1, 1, 1, 1, 1, 1]"
1868925,82832W080PKENGEN,"[347, 0]","[122, 0]",09:46:04,20260417,0.0,None,"[28.1, 36.8, 38.2, 51.5, 61.0, 78.3, 97.8, 98.0, 86.5, 84.7, 13.6]",None,0.0,OK,None,,Null,"[1, 1, 1, 1, 1, 1, 1, 1, 1, 1, 1]"
1868924,658207UA0A,"[444, 0]","[234, 0]",09:45:59,20260417,0.0,10821,"[15.5, 75.3, 88.1, 117.0, 15.5, 311.5]","[1, 1, 1, 1]",0.0,OK,,,None,"[1, 1, 1, 1, 1, 1]"
1868921,808387UA0A,"[121, 7]","[35, 0]",09:45:57,20260417,0.0,10819,"[14.8, 122.2, 121.8, 80.0, 81.0, 121.8, 123.0, 15.2, 38.2, 40.5]",None,0.0,OK,,,None,"[1, 1, 1, 1, 1, 1, 1, 1, 1, 1]"
1868919,808387UA0A,"[121, 7]","[35, 0]",09:45:57,20260417,0.0,10819,"[15.2, 122.2, 121.4, 80.6, 79.8, 123.2, 123.2, 15.4, 37.5, 40.7]",None,0.0,OK,,,None,"[1, 1, 1, 1, 1, 1, 1, 1, 1, 1]"
1868920,808387UA0A,"[121, 7]","[35, 0]",09:45:57,20260417,0.0,10819,"[15.4, 121.8, 121.2, 80.6, 80.0, 122.2, 123.2, 15.2, 37.1, 40.3]",None,0.0,OK,,,None,"[1, 1, 1, 1, 1, 1, 1, 1, 1, 1]"
1868922,808387UA0A,"[121, 7]","[35, 0]",09:45:57,20260417,0.0,10819,"[15.6, 121.8, 120.8, 80.6, 80.0, 122.2, 122.8, 15.0, 36.6, 41.5]",None,0.0,OK,,,None,"[1, 1, 1, 1, 1, 1, 1, 1, 1, 1]"
1868923,808387UA0A,"[121, 7]","[35, 0]",09:45:57,20260417,0.0,10819,"[15.2, 122.0, 121.4, 80.0, 79.6, 122.8, 123.4, 15.6, 36.7, 40.9]",None,0.0,OK,,,None,"[1, 1, 1, 1, 1, 1, 1, 1, 1, 1]"
1868918,658207UA0A,"[443, 0]","[233, 0]",09:45:53,20260417,0.0,10821,"[15.7, 75.1, 88.1, 116.7, 15.7, 311.3]","[1, 1, 1, 1]",0.0,OK,,,None,"[1, 1, 1, 1, 1, 1]"
1868917,658207UA0A,"[442, 0]","[232, 0]",09:45:48,20260417,0.0,10821,"[16.2, 75.1, 88.1, 116.7, 15.7, 311.8]","[1, 1, 1, 1]",0.0,OK,,,None,"[1, 1, 1, 1, 1, 1]"
1868916,658207UA0A,"[441, 0]","[231, 0]",09:45:43,20260417,0.0,10821,"[15.4, 75.4, 88.1, 116.7, 15.9, 311.5]","[1, 1, 1, 1]",0.0,OK,,,None,"[1, 1, 1, 1, 1, 1]"
1868915,658207UA0A,"[440, 0]","[230, 0]",09:45:38,20260417,0.0,10821,"[15.6, 75.1, 88.1, 116.2, 15.8, 310.9]","[1, 1, 1, 1]",0.0,OK,,,None,"[1, 1, 1, 1, 1, 1]"
1868914,82832W080PKENGEN,"[346, 0]","[121, 0]",09:45:36,20260417,0.0,None,"[28.1, 36.9, 38.2, 51.5, 61.2, 77.8, 98.1, 97.5, 86.8, 84.9, 13.8]",None,0.0,OK,None,,Null,"[1, 1, 1, 1, 1, 1, 1, 1, 1, 1, 1]"
1868913,658207UA0A,"[439, 0]","[229, 0]",09:45:32,20260417,0.0,10821,"[16.1, 75.3, 88.4, 115.7, 16.2, 311.8]","[1, 1, 1, 1]",0.0,OK,,,None,"[1, 1, 1, 1, 1, 1]"
1868912,658207UA0A,"[438, 0]","[228, 0]",09:45:27,20260417,0.0,10821,"[15.5, 75.3, 87.8, 117.5, 15.7, 311.7]","[1, 1, 1, 1]",0.0,OK,,,None,"[1, 1, 1, 1, 1, 1]"
1868911,658207UA0A,"[437, 0]","[227, 0]",09:45:21,20260417,0.0,10821,"[15.7, 75.1, 88.3, 116.7, 15.5, 311.3]","[1, 1, 1, 1]",0.0,OK,,,None,"[1, 1, 1, 1, 1, 1]"
1868910,658207UA0A,"[436, 0]","[226, 0]",09:45:16,20260417,0.0,10821,"[16.1, 75.0, 88.0, 116.8, 15.7, 311.5]","[1, 1, 1, 1]",0.0,OK,,,None,"[1, 1, 1, 1, 1, 1]"
1868909,658207UA0A,"[435, 0]","[225, 0]",09:45:12,20260417,0.0,10821,"[15.8, 75.3, 88.1, 116.4, 16.2, 311.7]","[1, 1, 1, 1]",0.0,OK,,,None,"[1, 1, 1, 1, 1, 1]"
1868908,658207UA0A,"[434, 0]","[224, 0]",09:45:06,20260417,0.0,10821,"[15.6, 75.1, 88.3, 117.0, 15.6, 311.6]","[1, 1, 1, 1]",0.0,OK,,,None,"[1, 1, 1, 1, 1, 1]"
1868907,658207UA0A,"[433, 0]","[223, 0]",09:45:01,20260417,0.0,10821,"[15.2, 75.8, 87.8, 116.3, 16.2, 311.3]","[1, 1, 1, 1]",0.0,OK,,,None,"[1, 1, 1, 1, 1, 1]"
1868906,658207UA0A,"[432, 0]","[222, 0]",09:44:55,20260417,0.0,10821,"[15.1, 75.8, 88.0, 116.2, 16.2, 311.2]","[1, 1, 1, 1]",0.0,OK,,,None,"[1, 1, 1, 1, 1, 1]"
1868905,658207UA0A,"[431, 0]","[221, 0]",09:44:51,20260417,0.0,10821,"[16.2, 75.1, 88.0, 116.8, 15.8, 311.9]","[1, 1, 1, 1]",0.0,OK,,,None,"[1, 1, 1, 1, 1, 1]"
1868904,808397UA0A,"[119, 7]","[47, 3]",09:43:49,20260417,0.0,10819,"[15.6, 123.2, 121.2, 81.0, 81.0, 122.2, 123.0, 15.4, 37.6, 40.3]",None,0.0,OK,,,None,"[1, 1, 1, 1, 1, 1, 1, 1, 1, 1]"
1868903,808397UA0A,"[119, 7]","[47, 3]",09:43:49,20260417,0.0,10819,"[15.6, 123.2, 122.0, 80.0, 81.2, 122.0, 123.4, 16.0, 37.7, 40.7]",None,0.0,OK,,,None,"[1, 1, 1, 1, 1, 1, 1, 1, 1, 1]"
1868902,808397UA0A,"[119, 7]","[47, 3]",09:43:49,20260417,0.0,10819,"[15.6, 123.4, 121.8, 80.4, 80.8, 121.8, 123.2, 16.2, 36.8, 40.7]",None,0.0,OK,,,None,"[1, 1, 1, 1, 1, 1, 1, 1, 1, 1]"
1868901,808397UA0A,"[119, 7]","[47, 3]",09:43:49,20260417,0.0,10819,"[15.6, 122.6, 122.2, 80.0, 80.8, 122.4, 123.0, 16.2, 36.3, 41.5]",None,0.0,OK,,,None,"[1, 1, 1, 1, 1, 1, 1, 1, 1, 1]"
1868900,808397UA0A,"[119, 7]","[47, 3]",09:43:49,20260417,0.0,10819,"[15.6, 122.8, 122.0, 80.6, 80.6, 122.0, 123.4, 15.4, 37.4, 41.3]",None,0.0,OK,,,None,"[1, 1, 1, 1, 1, 1, 1, 1, 1, 1]"
1868899,82832W080PKENGEN,"[345, 0]","[120, 0]",09:43:45,20260417,0.0,None,"[28.0, 36.9, 38.2, 51.9, 60.9, 78.3, 98.1, 97.8, 87.1, 84.9, 13.6]",None,0.0,OK,None,,Null,"[1, 1, 1, 1, 1, 1, 1, 1, 1, 1, 1]"
1868898,658207UA0A,"[430, 0]","[220, 0]",09:43:24,20260417,0.0,10821,"[15.7, 75.3, 88.1, 116.2, 15.8, 311.1]","[1, 1, 1, 1]",0.0,OK,,,None,"[1, 1, 1, 1, 1, 1]"
1868897,82832W080PKENGEN,"[344, 0]","[119, 0]",09:43:21,20260417,0.0,None,"[28.1, 37.2, 38.2, 51.8, 61.0, 77.8, 98.3, 97.3, 86.8, 84.5, 13.5]",None,0.0,OK,None,,Null,"[1, 1, 1, 1, 1, 1, 1, 1, 1, 1, 1]"
1868896,658207UA0A,"[429, 0]","[219, 0]",09:43:19,20260417,0.0,10821,"[15.5, 75.1, 88.3, 116.7, 15.4, 311.1]","[1, 1, 1, 1]",0.0,OK,,,None,"[1, 1, 1, 1, 1, 1]"
1868895,658207UA0A,"[428, 0]","[218, 0]",09:43:13,20260417,0.0,10821,"[15.5, 75.4, 88.3, 116.2, 16.1, 311.5]","[1, 1, 1, 1]",0.0,OK,,,None,"[1, 1, 1, 1, 1, 1]"
1868894,658207UA0A,"[427, 0]","[217, 0]",09:43:07,20260417,0.0,10821,"[15.3, 75.4, 88.3, 116.2, 16.1, 311.3]","[1, 1, 1, 1]",0.0,OK,,,None,"[1, 1, 1, 1, 1, 1]"
1868893,658207UA0A,"[426, 0]","[216, 0]",09:43:02,20260417,0.0,10821,"[15.4, 75.1, 88.3, 115.9, 16.3, 311.0]","[1, 1, 1, 1]",0.0,OK,,,None,"[1, 1, 1, 1, 1, 1]"
1868892,658207UA0A,"[425, 0]","[215, 0]",09:42:57,20260417,0.0,10821,"[16.0, 75.3, 88.1, 116.5, 15.9, 311.8]","[1, 1, 1, 1]",0.0,OK,,,None,"[1, 1, 1, 1, 1, 1]"
1868891,82832W080PKENGEN,"[343, 0]","[118, 0]",09:42:55,20260417,0.0,None,"[28.0, 37.1, 38.2, 51.8, 61.0, 78.0, 98.0, 97.6, 86.6, 84.7, 13.5]",None,0.0,OK,None,,Null,"[1, 1, 1, 1, 1, 1, 1, 1, 1, 1, 1]"
1868890,658207UA0A,"[424, 0]","[214, 0]",09:42:49,20260417,0.0,10821,"[15.8, 74.8, 88.3, 116.8, 15.4, 311.2]","[1, 1, 1, 1]",0.0,OK,,,None,"[1, 1, 1, 1, 1, 1]"
1868889,658207UA0A,"[423, 0]","[213, 0]",09:42:43,20260417,0.0,10821,"[15.9, 75.4, 87.8, 117.0, 15.4, 311.5]","[1, 1, 1, 1]",0.0,OK,,,None,"[1, 1, 1, 1, 1, 1]"
1868888,658207UA0A,"[422, 0]","[212, 0]",09:42:38,20260417,0.0,10821,"[15.8, 75.3, 88.1, 116.8, 15.3, 311.4]","[1, 1, 1, 1]",0.0,OK,,,None,"[1, 1, 1, 1, 1, 1]"
1868887,658207UA0A,"[421, 0]","[211, 0]",09:42:33,20260417,0.0,10821,"[16.0, 75.1, 88.0, 116.8, 15.8, 311.6]","[1, 1, 1, 1]",0.0,OK,,,None,"[1, 1, 1, 1, 1, 1]"
1868886,82832W080PKENGEN,"[342, 0]","[117, 0]",09:42:30,20260417,0.0,None,"[27.6, 36.9, 38.0, 51.9, 60.9, 78.1, 98.1, 97.5, 86.8, 84.2, 13.4]",None,0.0,OK,None,,Null,"[1, 1, 1, 1, 1, 1, 1, 1, 1, 1, 1]"
1868885,658207UA0A,"[420, 0]","[210, 0]",09:42:28,20260417,0.0,10821,"[15.5, 75.3, 88.0, 117.6, 15.3, 311.6]","[1, 1, 1, 1]",0.0,OK,,,None,"[1, 1, 1, 1, 1, 1]"
1868884,658207UA0A,"[419, 0]","[209, 0]",09:42:23,20260417,0.0,10821,"[15.7, 75.1, 88.4, 116.8, 15.5, 311.6]","[1, 1, 1, 1]",0.0,OK,,,None,"[1, 1, 1, 1, 1, 1]"
1868883,658207UA0A,"[418, 0]","[208, 0]",09:42:17,20260417,0.0,10821,"[15.6, 75.3, 88.0, 117.3, 15.1, 311.3]","[1, 1, 1, 1]",0.0,OK,,,None,"[1, 1, 1, 1, 1, 1]"
1868882,658207UA0A,"[417, 0]","[207, 0]",09:42:10,20260417,0.0,10821,"[15.5, 75.1, 88.1, 116.8, 15.2, 310.8]","[1, 1, 1, 1]",0.0,OK,,,None,"[1, 1, 1, 1, 1, 1]"
1868881,658207UA0A,"[416, 0]","[206, 0]",09:42:02,20260417,0.0,10821,"[15.8, 75.0, 88.1, 117.1, 15.4, 311.4]","[1, 1, 1, 1]",0.0,OK,,,None,"[1, 1, 1, 1, 1, 1]"
1868880,82832W080PKENGEN,"[341, 0]","[116, 0]",09:42:00,20260417,0.0,None,"[28.0, 36.9, 38.2, 51.3, 61.4, 78.0, 98.1, 97.3, 86.8, 84.7, 13.5]",None,0.0,OK,None,,Null,"[1, 1, 1, 1, 1, 1, 1, 1, 1, 1, 1]"
1868879,658207UA0A,"[415, 0]","[205, 0]",09:41:55,20260417,0.0,10821,"[15.4, 75.3, 88.6, 116.5, 15.7, 311.5]","[1, 1, 1, 1]",0.0,OK,,,None,"[1, 1, 1, 1, 1, 1]"
1868878,658207UA0A,"[414, 0]","[204, 0]",09:41:51,20260417,0.0,10821,"[15.5, 74.8, 88.3, 116.2, 16.0, 310.8]","[1, 1, 1, 1]",0.0,OK,,,None,"[1, 1, 1, 1, 1, 1]"
1868877,658207UA0A,"[413, 0]","[203, 0]",09:41:45,20260417,0.0,10821,"[15.9, 75.0, 88.1, 116.8, 15.7, 311.5]","[1, 1, 1, 1]",0.0,OK,,,None,"[1, 1, 1, 1, 1, 1]"
1868876,808387UA0A,"[116, 7]","[30, 0]",09:41:41,20260417,0.0,10819,"[15.4, 121.8, 120.8, 80.4, 79.4, 123.4, 123.0, 16.6, 36.4, 41.1]",None,0.0,OK,,,None,"[1, 1, 1, 1, 1, 1, 1, 1, 1, 1]"
1868875,808387UA0A,"[116, 7]","[30, 0]",09:41:40,20260417,0.0,10819,"[15.0, 122.8, 121.0, 80.2, 80.2, 123.2, 122.8, 16.0, 36.5, 40.7]",None,0.0,OK,,,None,"[1, 1, 1, 1, 1, 1, 1, 1, 1, 1]"
1868874,808387UA0A,"[116, 7]","[30, 0]",09:41:40,20260417,0.0,10819,"[15.0, 122.2, 120.6, 81.0, 80.0, 122.8, 123.2, 15.2, 37.2, 39.9]",None,0.0,OK,,,None,"[1, 1, 1, 1, 1, 1, 1, 1, 1, 1]"
1868873,808387UA0A,"[116, 7]","[30, 0]",09:41:40,20260417,0.0,10819,"[14.8, 122.8, 120.4, 80.7, 80.4, 122.0, 123.0, 15.2, 37.3, 40.1]",None,0.0,OK,,,None,"[1, 1, 1, 1, 1, 1, 1, 1, 1, 1]"
1868872,808387UA0A,"[116, 7]","[30, 0]",09:41:40,20260417,0.0,10819,"[15.2, 121.8, 121.6, 80.2, 79.4, 123.8, 123.2, 15.6, 37.2, 40.5]",None,0.0,OK,,,None,"[1, 1, 1, 1, 1, 1, 1, 1, 1, 1]"
1868871,658207UA0A,"[412, 0]","[202, 0]",09:41:34,20260417,0.0,10821,"[15.6, 75.0, 88.4, 116.5, 15.2, 310.7]","[1, 1, 1, 1]",0.0,OK,,,None,"[1, 1, 1, 1, 1, 1]"
1868870,82832W080PKENGEN,"[340, 0]","[115, 0]",09:41:34,20260417,0.0,None,"[28.1, 36.9, 38.0, 51.8, 61.1, 78.0, 97.8, 97.8, 86.6, 84.9, 13.6]",None,0.0,OK,None,,Null,"[1, 1, 1, 1, 1, 1, 1, 1, 1, 1, 1]"
1868869,658207UA0A,"[411, 0]","[201, 0]",09:41:29,20260417,0.0,10821,"[15.8, 75.1, 88.4, 116.0, 15.8, 311.2]","[1, 1, 1, 1]",0.0,OK,,,None,"[1, 1, 1, 1, 1, 1]"
1868868,82832W080PKENGEN,"[339, 0]","[114, 0]",09:41:07,20260417,0.0,None,"[28.1, 36.9, 38.2, 51.6, 60.9, 78.3, 98.3, 97.6, 86.5, 84.7, 13.8]",None,0.0,OK,None,,Null,"[1, 1, 1, 1, 1, 1, 1, 1, 1, 1, 1]"
1868867,82832W080PKENGEN,"[338, 0]","[113, 0]",09:40:46,20260417,0.0,None,"[27.6, 37.1, 38.2, 52.1, 61.8, 78.5, 98.1, 97.8, 87.1, 84.9, 13.6]",None,0.0,OK,None,,Null,"[1, 1, 1, 1, 1, 1, 1, 1, 1, 1, 1]"
1868866,82832W080PKENGEN,"[337, 0]","[112, 0]",09:40:24,20260417,0.0,None,"[27.8, 36.9, 38.5, 51.6, 61.0, 78.0, 98.6, 98.0, 86.6, 85.0, 13.7]",None,0.0,OK,None,,Null,"[1, 1, 1, 1, 1, 1, 1, 1, 1, 1, 1]"
1868865,82832W080PKENGEN,"[336, 0]","[111, 0]",09:39:58,20260417,0.0,None,"[28.0, 37.1, 38.5, 51.8, 61.2, 77.7, 98.3, 97.5, 86.8, 84.9, 13.4]",None,0.0,OK,None,,Null,"[1, 1, 1, 1, 1, 1, 1, 1, 1, 1, 1]"
1868864,82832W080PKENGEN,"[335, 0]","[110, 0]",09:39:30,20260417,0.0,None,"[27.8, 36.9, 38.5, 52.4, 61.5, 78.1, 97.6, 97.6, 87.1, 85.0, 13.6]",None,0.0,OK,None,,Null,"[1, 1, 1, 1, 1, 1, 1, 1, 1, 1, 1]"
1868863,8462284S00,"[854, 6]","[2, 0]",09:39:24,20260417,0.0,10823,"[12.4, 127.3, 128.1, 128.1, 128.2, 128.4, 127.3, 13.0, 792.8]",None,0.0,OK,None,7,00024533,"[1, 1, 1, 1, 1, 1, 1, 1, 1]"
1868862,8462284S00,"[853, 6]","[1, 0]",09:39:14,20260417,0.0,10823,"[12.4, 127.3, 127.8, 128.7, 128.1, 128.1, 127.8, 12.8, 792.9]",None,0.0,OK,None,7,00024533,"[1, 1, 1, 1, 1, 1, 1, 1, 1]"
1868861,8462284S00,"[852, 6]","[0, 0]",09:39:02,20260417,0.0,10823,COUNTERRESET,COUNTERRESET,0.0,COUNTERRESET,COUNTERRESET,COUNTERRESET,COUNTERRESET,COUNTERRESET
1868860,8462284S00,"[852, 6]","[0, 0]",09:38:59,20260417,0.0,10823,COUNTERRESET,COUNTERRESET,0.0,COUNTERRESET,COUNTERRESET,COUNTERRESET,COUNTERRESET,COUNTERRESET
1868859,808397UA0A,"[114, 7]","[42, 3]",09:38:59,20260417,0.0,10819,"[15.2, 123.6, 121.8, 81.0, 81.2, 122.4, 123.4, 15.2, 37.2, 40.3]",None,0.0,OK,,,None,"[1, 1, 1, 1, 1, 1, 1, 1, 1, 1]"
1868858,808397UA0A,"[114, 7]","[42, 3]",09:38:58,20260417,0.0,10819,"[15.8, 123.0, 121.8, 80.0, 80.8, 122.2, 123.4, 15.6, 37.6, 40.3]",None,0.0,OK,,,None,"[1, 1, 1, 1, 1, 1, 1, 1, 1, 1]"
1868857,808397UA0A,"[114, 7]","[42, 3]",09:38:58,20260417,0.0,10819,"[15.4, 123.2, 121.8, 80.6, 80.8, 122.0, 123.4, 16.4, 36.7, 40.9]",None,0.0,OK,,,None,"[1, 1, 1, 1, 1, 1, 1, 1, 1, 1]"
1868856,808397UA0A,"[114, 7]","[42, 3]",09:38:58,20260417,0.0,10819,"[15.2, 123.2, 122.8, 79.6, 80.2, 122.4, 122.8, 15.8, 36.5, 41.1]",None,0.0,OK,,,None,"[1, 1, 1, 1, 1, 1, 1, 1, 1, 1]"
1868855,808397UA0A,"[114, 7]","[42, 3]",09:38:58,20260417,0.0,10819,"[15.4, 123.4, 122.0, 80.0, 81.0, 122.0, 123.2, 16.0, 36.7, 41.3]",None,0.0,OK,,,None,"[1, 1, 1, 1, 1, 1, 1, 1, 1, 1]"
1868854,658207UA0A,"[410, 0]","[200, 0]",09:38:54,20260417,0.0,10821,"[15.6, 75.1, 87.8, 116.2, 16.4, 311.1]","[1, 1, 1, 1]",0.0,OK,,,None,"[1, 1, 1, 1, 1, 1]"
1868853,658207UA0A,"[409, 0]","[199, 0]",09:38:47,20260417,0.0,10821,"[15.4, 75.3, 88.0, 116.7, 15.9, 311.2]","[1, 1, 1, 1]",0.0,OK,,,None,"[1, 1, 1, 1, 1, 1]"
1868852,658207UA0A,"[408, 0]","[198, 0]",09:38:40,20260417,0.0,10821,"[15.4, 75.3, 88.3, 116.2, 16.0, 311.2]","[1, 1, 1, 1]",0.0,OK,,,None,"[1, 1, 1, 1, 1, 1]"
1868851,658207UA0A,"[407, 0]","[197, 0]",09:38:35,20260417,0.0,10821,"[15.2, 75.1, 88.0, 116.8, 16.1, 311.2]","[1, 1, 1, 1]",0.0,OK,,,None,"[1, 1, 1, 1, 1, 1]"
1868850,82832W080PKENGEN,"[334, 0]","[109, 0]",09:38:32,20260417,0.0,None,"[28.0, 37.1, 38.2, 51.6, 61.1, 78.1, 97.6, 98.1, 86.3, 84.5, 13.8]",None,0.0,OK,None,,Null,"[1, 1, 1, 1, 1, 1, 1, 1, 1, 1, 1]"
1868849,658207UA0A,"[406, 0]","[196, 0]",09:38:29,20260417,0.0,10821,"[15.0, 75.3, 88.1, 116.0, 16.4, 310.9]","[1, 1, 1, 1]",0.0,OK,,,None,"[1, 1, 1, 1, 1, 1]"
1868848,658207UA0A,"[405, 0]","[195, 0]",09:38:24,20260417,0.0,10821,"[15.7, 74.8, 88.3, 116.2, 15.8, 310.8]","[1, 1, 1, 1]",0.0,OK,,,None,"[1, 1, 1, 1, 1, 1]"
1868847,658207UA0A,"[404, 0]","[194, 0]",09:38:18,20260417,0.0,10821,"[14.8, 75.0, 88.1, 116.2, 16.2, 310.2]","[1, 1, 1, 1]",0.0,OK,,,None,"[1, 1, 1, 1, 1, 1]"
1868846,658207UA0A,"[403, 0]","[193, 0]",09:38:12,20260417,0.0,10821,"[15.6, 75.3, 88.1, 116.2, 16.0, 311.3]","[1, 1, 1, 1]",0.0,OK,,,None,"[1, 1, 1, 1, 1, 1]"
1868845,8462284S00,"[852, 6]","[250, 1]",09:38:11,20260417,0.0,10823,"[12.3, 127.9, 127.6, 128.4, 128.1, 128.6, 127.1, 12.7, 792.6]",None,0.0,OK,None,7,00024533,"[1, 1, 1, 1, 1, 1, 1, 1, 1]"
1868844,658207UA0A,"[402, 0]","[192, 0]",09:38:07,20260417,0.0,10821,"[15.2, 75.1, 88.1, 115.9, 16.4, 310.7]","[1, 1, 1, 1]",0.0,OK,,,None,"[1, 1, 1, 1, 1, 1]"
1868843,82832W080PKENGEN,"[333, 0]","[108, 0]",09:38:02,20260417,0.0,None,"[27.6, 36.9, 38.5, 52.6, 61.5, 78.3, 97.8, 97.8, 86.9, 84.7, 13.8]",None,0.0,OK,None,,Null,"[1, 1, 1, 1, 1, 1, 1, 1, 1, 1, 1]"
1868842,8462284S00,"[851, 6]","[249, 1]",09:37:59,20260417,0.0,10823,"[12.1, 128.9, 127.1, 127.9, 128.6, 128.6, 127.3, 12.6, 793.0]",None,0.0,OK,None,7,00024533,"[1, 1, 1, 1, 1, 1, 1, 1, 1]"
1868841,658207UA0A,"[401, 0]","[191, 0]",09:37:57,20260417,0.0,10821,"[15.1, 74.8, 87.8, 115.9, 16.8, 310.4]","[1, 1, 1, 1]",0.0,OK,,,None,"[1, 1, 1, 1, 1, 1]"
1868840,658207UA0A,"[400, 0]","[190, 0]",09:37:51,20260417,0.0,10821,"[15.2, 75.5, 88.1, 116.2, 15.8, 310.7]","[1, 1, 1, 1]",0.0,OK,,,None,"[1, 1, 1, 1, 1, 1]"
1868839,8462284S00,"[850, 6]","[248, 1]",09:37:46,20260417,0.0,10823,"[11.3, 127.3, 127.9, 127.9, 128.8, 128.2, 127.3, 12.6, 791.3]",None,0.0,OK,None,7,00024533,"[1, 1, 1, 1, 1, 1, 1, 1, 1]"
1868838,658207UA0A,"[399, 0]","[189, 0]",09:37:44,20260417,0.0,10821,"[15.6, 75.0, 88.1, 115.9, 16.0, 310.6]","[1, 1, 1, 1]",0.0,OK,,,None,"[1, 1, 1, 1, 1, 1]"
1868837,658207UA0A,"[398, 0]","[188, 0]",09:37:37,20260417,0.0,10821,"[14.9, 75.4, 88.1, 116.0, 16.2, 310.8]","[1, 1, 1, 1]",0.0,OK,,,None,"[1, 1, 1, 1, 1, 1]"
1868836,82832W080PKENGEN,"[332, 0]","[107, 0]",09:37:36,20260417,0.0,None,"[28.0, 37.1, 38.2, 51.6, 61.2, 77.5, 98.4, 97.8, 86.6, 84.5, 13.7]",None,0.0,OK,None,,Null,"[1, 1, 1, 1, 1, 1, 1, 1, 1, 1, 1]"
1868835,658207UA0A,"[397, 0]","[187, 0]",09:37:30,20260417,0.0,10821,"[15.4, 75.6, 88.1, 116.3, 16.2, 311.7]","[1, 1, 1, 1]",0.0,OK,,,None,"[1, 1, 1, 1, 1, 1]"
1868834,658207UA0A,"[396, 0]","[186, 0]",09:37:25,20260417,0.0,10821,"[15.3, 75.3, 88.4, 116.2, 16.0, 311.2]","[1, 1, 1, 1]",0.0,OK,,,None,"[1, 1, 1, 1, 1, 1]"
1868833,8462284S00,"[849, 6]","[247, 1]",09:37:24,20260417,0.0,10823,"[12.4, 127.4, 127.8, 128.2, 128.9, 128.1, 127.1, 12.6, 792.6]",None,0.0,OK,None,7,00024533,"[1, 1, 1, 1, 1, 1, 1, 1, 1]"
1868832,658207UA0A,"[395, 0]","[185, 0]",09:37:20,20260417,0.0,10821,"[15.6, 75.3, 88.1, 116.0, 15.9, 311.0]","[1, 1, 1, 1]",0.0,OK,,,None,"[1, 1, 1, 1, 1, 1]"
1868831,658207UA0A,"[394, 0]","[184, 0]",09:37:15,20260417,0.0,10821,"[15.3, 75.4, 88.1, 116.3, 15.4, 310.7]","[1, 1, 1, 1]",0.0,OK,,,None,"[1, 1, 1, 1, 1, 1]"
1868830,658207UA0A,"[393, 0]","[183, 0]",09:37:09,20260417,0.0,10821,"[15.3, 75.1, 88.1, 116.2, 16.5, 311.2]","[1, 1, 1, 1]",0.0,OK,,,None,"[1, 1, 1, 1, 1, 1]"
1868829,82832W080PKENGEN,"[331, 0]","[106, 0]",09:37:04,20260417,0.0,None,"[28.0, 36.9, 38.5, 51.8, 61.2, 78.0, 98.0, 97.8, 86.5, 84.5, 13.4]",None,0.0,OK,None,,Null,"[1, 1, 1, 1, 1, 1, 1, 1, 1, 1, 1]"
1868828,8462284S00,"[848, 6]","[246, 1]",09:37:04,20260417,0.0,10823,"[12.3, 127.6, 127.9, 127.9, 128.4, 128.1, 127.4, 12.7, 792.4]",None,0.0,OK,None,7,00024533,"[1, 1, 1, 1, 1, 1, 1, 1, 1]"
1868827,658207UA0A,"[392, 0]","[182, 0]",09:37:04,20260417,0.0,10821,"[15.2, 75.0, 88.3, 116.0, 16.3, 310.8]","[1, 1, 1, 1]",0.0,OK,,,None,"[1, 1, 1, 1, 1, 1]"
1868826,658207UA0A,"[391, 0]","[181, 0]",09:36:58,20260417,0.0,10821,"[15.5, 75.3, 87.8, 116.5, 16.1, 311.2]","[1, 1, 1, 1]",0.0,OK,,,None,"[1, 1, 1, 1, 1, 1]"
1868825,8462284S00,"[847, 6]","[245, 1]",09:36:54,20260417,0.0,10823,"[12.4, 127.4, 127.9, 128.6, 128.1, 128.4, 127.6, 12.7, 793.0]",None,0.0,OK,None,7,00024533,"[1, 1, 1, 1, 1, 1, 1, 1, 1]"
1868821,808387UA0A,"[111, 7]","[25, 0]",09:36:43,20260417,0.0,10819,"[15.4, 122.0, 121.4, 80.0, 80.6, 121.8, 123.2, 15.4, 38.2, 40.1]",None,0.0,OK,,,None,"[1, 1, 1, 1, 1, 1, 1, 1, 1, 1]"
1868822,808387UA0A,"[111, 7]","[25, 0]",09:36:43,20260417,0.0,10819,"[15.2, 122.0, 121.4, 80.2, 80.2, 122.4, 123.4, 14.8, 37.5, 40.5]",None,0.0,OK,,,None,"[1, 1, 1, 1, 1, 1, 1, 1, 1, 1]"
1868823,808387UA0A,"[111, 7]","[25, 0]",09:36:43,20260417,0.0,10819,"[14.8, 122.4, 121.2, 80.4, 80.0, 122.4, 123.4, 15.0, 37.1, 40.5]",None,0.0,OK,,,None,"[1, 1, 1, 1, 1, 1, 1, 1, 1, 1]"
1868824,8462284S00,"[846, 6]","[244, 1]",09:36:42,20260417,0.0,10823,"[11.9, 127.8, 127.8, 128.2, 128.2, 128.1, 127.3, 12.2, 791.5]",None,0.0,OK,None,7,00024533,"[1, 1, 1, 1, 1, 1, 1, 1, 1]"
1868819,808387UA0A,"[111, 7]","[25, 0]",09:36:42,20260417,0.0,10819,"[15.0, 122.2, 121.6, 80.8, 80.0, 123.2, 123.0, 15.2, 37.7, 40.9]",None,0.0,OK,,,None,"[1, 1, 1, 1, 1, 1, 1, 1, 1, 1]"
1868820,808387UA0A,"[111, 7]","[25, 0]",09:36:42,20260417,0.0,10819,"[15.4, 122.2, 121.2, 80.2, 79.8, 123.2, 123.4, 15.2, 36.7, 40.7]",None,0.0,OK,,,None,"[1, 1, 1, 1, 1, 1, 1, 1, 1, 1]"
1868817,8462284S00,"[845, 6]","[243, 1]",09:36:33,20260417,0.0,10823,"[11.9, 127.9, 127.6, 128.3, 128.9, 128.2, 127.1, 13.0, 792.8]",None,0.0,OK,None,7,00024533,"[1, 1, 1, 1, 1, 1, 1, 1, 1]"
1868818,82832W080PKENGEN,"[330, 0]","[105, 0]",09:36:27,20260417,0.0,None,"[27.8, 36.8, 38.4, 51.5, 61.4, 78.1, 98.0, 97.5, 86.8, 84.7, 13.6]",None,0.0,OK,None,,Null,"[1, 1, 1, 1, 1, 1, 1, 1, 1, 1, 1]"
1868816,8462284S00,"[844, 6]","[242, 1]",09:36:22,20260417,0.0,10823,"[12.2, 127.4, 127.9, 128.1, 128.2, 128.2, 127.6, 12.7, 792.4]",None,0.0,OK,None,7,00024533,"[1, 1, 1, 1, 1, 1, 1, 1, 1]"
1868815,8462284S00,"[843, 6]","[241, 1]",09:36:13,20260417,0.0,10823,"[12.2, 127.4, 127.9, 128.3, 128.2, 128.6, 127.3, 12.8, 792.7]",None,0.0,OK,None,7,00024533,"[1, 1, 1, 1, 1, 1, 1, 1, 1]"
1868814,82832W080PKENGEN,"[329, 0]","[104, 0]",09:36:00,20260417,0.0,None,"[27.8, 36.9, 38.2, 51.5, 61.0, 78.1, 98.3, 97.8, 86.6, 84.2, 13.6]",None,0.0,OK,None,,Null,"[1, 1, 1, 1, 1, 1, 1, 1, 1, 1, 1]"
1868813,658207UA0A,"[390, 0]","[180, 0]",09:35:51,20260417,0.0,10821,"[15.4, 75.0, 88.0, 116.3, 16.4, 311.1]","[1, 1, 1, 1]",0.0,OK,,,None,"[1, 1, 1, 1, 1, 1]"
1868812,82832W080PKENGEN,"[328, 0]","[103, 0]",09:35:36,20260417,0.0,None,"[28.1, 36.8, 38.2, 51.6, 61.0, 78.0, 98.8, 98.0, 86.6, 84.5, 13.4]",None,0.0,OK,None,,Null,"[1, 1, 1, 1, 1, 1, 1, 1, 1, 1, 1]"
1868811,8462284S00,"[842, 6]","[240, 1]",09:35:30,20260417,0.0,10823,"[13.0, 127.4, 127.6, 128.4, 128.1, 128.4, 127.6, 12.8, 793.3]",None,0.0,OK,None,7,00024533,"[1, 1, 1, 1, 1, 1, 1, 1, 1]"
1868810,658207UA0A,"[389, 0]","[179, 0]",09:35:30,20260417,0.0,10821,"[15.2, 75.8, 88.0, 116.3, 16.4, 311.7]","[1, 1, 1, 1]",0.0,OK,,,None,"[1, 1, 1, 1, 1, 1]"
1868809,658207UA0A,"[388, 0]","[178, 0]",09:35:24,20260417,0.0,10821,"[15.6, 75.0, 88.3, 116.3, 16.5, 311.7]","[1, 1, 1, 1]",0.0,OK,,,None,"[1, 1, 1, 1, 1, 1]"
1868808,8462284S00,"[841, 6]","[239, 1]",09:35:20,20260417,0.0,10823,"[12.2, 127.8, 129.2, 128.7, 128.2, 127.9, 127.4, 12.4, 793.9]",None,0.0,OK,None,7,00024533,"[1, 1, 1, 1, 1, 1, 1, 1, 1]"
1868807,658207UA0A,"[387, 0]","[177, 0]",09:35:19,20260417,0.0,10821,"[15.7, 75.3, 88.0, 116.0, 16.6, 311.6]","[1, 1, 1, 1]",0.0,OK,,,None,"[1, 1, 1, 1, 1, 1]"
1868806,658207UA0A,"[386, 0]","[176, 0]",09:35:14,20260417,0.0,10821,"[15.1, 75.5, 88.1, 116.3, 15.9, 310.9]","[1, 1, 1, 1]",0.0,OK,,,None,"[1, 1, 1, 1, 1, 1]"
1868804,658207UA0A,"[385, 0]","[175, 0]",09:35:10,20260417,0.0,10821,"[15.0, 75.0, 88.4, 116.2, 15.9, 310.4]","[1, 1, 1, 1]",0.0,OK,,,None,"[1, 1, 1, 1, 1, 1]"
1868805,82832W080PKENGEN,"[327, 0]","[102, 0]",09:35:09,20260417,0.0,None,"[27.8, 36.8, 38.4, 51.8, 60.9, 77.8, 98.1, 97.8, 86.8, 84.7, 13.6]",None,0.0,OK,None,,Null,"[1, 1, 1, 1, 1, 1, 1, 1, 1, 1, 1]"
1868803,658207UA0A,"[384, 0]","[174, 0]",09:35:05,20260417,0.0,10821,"[15.3, 75.5, 88.3, 116.2, 16.2, 311.4]","[1, 1, 1, 1]",0.0,OK,,,None,"[1, 1, 1, 1, 1, 1]"
1868802,658207UA0A,"[383, 0]","[173, 0]",09:35:00,20260417,0.0,10821,"[14.8, 75.6, 88.6, 115.9, 16.0, 310.9]","[1, 1, 1, 1]",0.0,OK,,,None,"[1, 1, 1, 1, 1, 1]"
1868801,658207UA0A,"[382, 0]","[172, 0]",09:34:55,20260417,0.0,10821,"[15.3, 75.0, 88.4, 115.9, 16.4, 311.0]","[1, 1, 1, 1]",0.0,OK,,,None,"[1, 1, 1, 1, 1, 1]"
1868800,658207UA0A,"[381, 0]","[171, 0]",09:34:50,20260417,0.0,10821,"[15.4, 75.1, 88.1, 116.5, 16.2, 311.4]","[1, 1, 1, 1]",0.0,OK,,,None,"[1, 1, 1, 1, 1, 1]"
1868799,8462284S00,"[840, 6]","[238, 1]",09:34:47,20260417,0.0,10823,"[12.3, 127.6, 127.9, 128.1, 128.1, 128.2, 127.5, 13.0, 792.6]",None,0.0,OK,None,7,00024533,"[1, 1, 1, 1, 1, 1, 1, 1, 1]"
1868798,658207UA0A,"[380, 0]","[170, 0]",09:34:45,20260417,0.0,10821,"[15.7, 75.3, 88.3, 116.7, 15.9, 311.8]","[1, 1, 1, 1]",0.0,OK,,,None,"[1, 1, 1, 1, 1, 1]"
1868796,658207UA0A,"[379, 0]","[169, 0]",09:34:40,20260417,0.0,10821,"[15.4, 75.4, 88.0, 116.7, 15.6, 311.1]","[1, 1, 1, 1]",0.0,OK,,,None,"[1, 1, 1, 1, 1, 1]"
1868797,82832W080PKENGEN,"[326, 0]","[101, 0]",09:34:39,20260417,0.0,None,"[28.0, 36.8, 38.4, 51.8, 61.0, 77.7, 98.3, 97.6, 86.8, 84.2, 13.5]",None,0.0,OK,None,,Null,"[1, 1, 1, 1, 1, 1, 1, 1, 1, 1, 1]"
1868794,8462284S00,"[839, 6]","[237, 1]",09:34:35,20260417,0.0,10823,"[12.7, 127.6, 127.6, 128.0, 128.6, 128.1, 127.1, 12.6, 792.3]",None,0.0,OK,None,7,00024533,"[1, 1, 1, 1, 1, 1, 1, 1, 1]"
1868795,658207UA0A,"[378, 0]","[168, 0]",09:34:34,20260417,0.0,10821,"[15.4, 75.4, 88.0, 116.7, 15.9, 311.4]","[1, 1, 1, 1]",0.0,OK,,,None,"[1, 1, 1, 1, 1, 1]"
1868793,808397UA0A,"[109, 7]","[37, 3]",09:34:32,20260417,0.0,10819,"[15.8, 123.4, 121.4, 80.6, 81.4, 122.2, 123.6, 15.8, 37.9, 40.1]",None,0.0,OK,,,None,"[1, 1, 1, 1, 1, 1, 1, 1, 1, 1]"
1868792,808397UA0A,"[109, 7]","[37, 3]",09:34:32,20260417,0.0,10819,"[15.6, 123.2, 122.4, 80.0, 80.8, 122.2, 123.2, 16.0, 36.9, 40.5]",None,0.0,OK,,,None,"[1, 1, 1, 1, 1, 1, 1, 1, 1, 1]"
1868791,808397UA0A,"[109, 7]","[37, 3]",09:34:32,20260417,0.0,10819,"[15.0, 123.8, 122.2, 80.6, 81.0, 122.2, 123.0, 16.0, 36.3, 40.7]",None,0.0,OK,,,None,"[1, 1, 1, 1, 1, 1, 1, 1, 1, 1]"
1868790,808397UA0A,"[109, 7]","[37, 3]",09:34:32,20260417,0.0,10819,"[15.2, 123.0, 122.2, 79.8, 81.0, 122.2, 123.2, 16.2, 36.2, 41.7]",None,0.0,OK,,,None,"[1, 1, 1, 1, 1, 1, 1, 1, 1, 1]"
1868789,808397UA0A,"[109, 7]","[37, 3]",09:34:32,20260417,0.0,10819,"[16.0, 122.4, 122.2, 79.8, 80.8, 122.0, 123.4, 16.2, 36.3, 41.3]",None,0.0,OK,,,None,"[1, 1, 1, 1, 1, 1, 1, 1, 1, 1]"
1868788,658207UA0A,"[377, 0]","[167, 0]",09:34:29,20260417,0.0,10821,"[15.4, 75.1, 88.1, 116.3, 16.0, 310.9]","[1, 1, 1, 1]",0.0,OK,,,None,"[1, 1, 1, 1, 1, 1]"
1868787,8462284S00,"[838, 6]","[236, 1]",09:34:26,20260417,0.0,10823,"[12.0, 127.8, 127.8, 128.3, 128.4, 128.1, 127.1, 12.9, 792.3]",None,0.0,OK,None,7,00024533,"[1, 1, 1, 1, 1, 1, 1, 1, 1]"
1868786,658207UA0A,"[376, 0]","[166, 0]",09:34:23,20260417,0.0,10821,"[15.2, 75.4, 88.3, 116.5, 15.8, 311.2]","[1, 1, 1, 1]",0.0,OK,,,None,"[1, 1, 1, 1, 1, 1]"
1868785,658207UA0A,"[375, 0]","[165, 0]",09:34:19,20260417,0.0,10821,"[16.2, 75.1, 88.4, 116.2, 16.1, 312.0]","[1, 1, 1, 1]",0.0,OK,,,None,"[1, 1, 1, 1, 1, 1]"
1868784,8462284S00,"[837, 6]","[235, 1]",09:34:14,20260417,0.0,10823,"[12.2, 127.6, 127.6, 128.4, 128.2, 128.6, 127.0, 12.7, 792.3]",None,0.0,OK,None,7,00024533,"[1, 1, 1, 1, 1, 1, 1, 1, 1]"
1868783,658207UA0A,"[374, 0]","[164, 0]",09:34:14,20260417,0.0,10821,"[15.8, 75.4, 88.1, 116.5, 15.5, 311.3]","[1, 1, 1, 1]",0.0,OK,,,None,"[1, 1, 1, 1, 1, 1]"
1868782,658207UA0A,"[373, 0]","[163, 0]",09:34:09,20260417,0.0,10821,"[15.3, 75.5, 88.1, 116.7, 16.1, 311.7]","[1, 1, 1, 1]",0.0,OK,,,None,"[1, 1, 1, 1, 1, 1]"
1868781,658207UA0A,"[372, 0]","[162, 0]",09:34:04,20260417,0.0,10821,"[15.5, 75.1, 88.1, 116.2, 15.8, 310.8]","[1, 1, 1, 1]",0.0,OK,,,None,"[1, 1, 1, 1, 1, 1]"
1868780,8462284S00,"[836, 6]","[234, 1]",09:34:02,20260417,0.0,10823,"[12.4, 126.8, 127.9, 128.6, 128.2, 128.6, 127.0, 12.9, 792.3]",None,0.0,OK,None,7,00024533,"[1, 1, 1, 1, 1, 1, 1, 1, 1]"
1868779,658207UA0A,"[371, 0]","[161, 0]",09:33:58,20260417,0.0,10821,"[15.4, 75.4, 88.1, 116.5, 15.7, 311.2]","[1, 1, 1, 1]",0.0,OK,,,None,"[1, 1, 1, 1, 1, 1]"
1868778,8462284S00,"[835, 6]","[233, 1]",09:33:50,20260417,0.0,10823,"[12.6, 127.1, 128.2, 128.1, 127.9, 128.1, 127.0, 12.7, 791.7]",None,0.0,OK,None,7,00024533,"[1, 1, 1, 1, 1, 1, 1, 1, 1]"
1868777,8462284S00,"[834, 6]","[232, 1]",09:33:34,20260417,0.0,10823,"[12.1, 127.4, 128.2, 127.8, 128.9, 128.4, 127.0, 13.0, 792.9]",None,0.0,OK,None,7,00024533,"[1, 1, 1, 1, 1, 1, 1, 1, 1]"
1868776,82832W080PKENGEN,"[325, 0]","[100, 0]",09:33:17,20260417,0.0,None,"[27.2, 37.1, 38.5, 52.3, 61.5, 78.1, 98.1, 97.5, 87.3, 85.0, 13.4]",None,0.0,OK,None,,Null,"[1, 1, 1, 1, 1, 1, 1, 1, 1, 1, 1]"
1868775,8462284S00,"[833, 6]","[231, 1]",09:32:50,20260417,0.0,10823,"[12.0, 127.4, 128.1, 127.9, 128.4, 128.1, 126.8, 12.5, 791.2]",None,0.0,OK,None,7,00024533,"[1, 1, 1, 1, 1, 1, 1, 1, 1]"
1868774,8462284S00,"[832, 6]","[230, 1]",09:32:40,20260417,0.0,10823,"[11.8, 127.4, 127.8, 128.1, 128.2, 128.4, 127.3, 12.4, 791.4]",None,0.0,OK,None,7,00024533,"[1, 1, 1, 1, 1, 1, 1, 1, 1]"
1868773,8462284S00,"[831, 6]","[229, 1]",09:32:30,20260417,0.0,10823,"[11.9, 127.4, 127.9, 128.6, 128.4, 128.2, 127.1, 12.7, 792.3]",None,0.0,OK,None,7,00024533,"[1, 1, 1, 1, 1, 1, 1, 1, 1]"
1868772,82832W080PKENGEN,"[324, 0]","[99, 0]",09:32:29,20260417,0.0,None,"[27.6, 37.1, 38.7, 52.6, 61.5, 78.0, 98.1, 97.5, 86.9, 84.7, 13.6]",None,0.0,OK,None,,Null,"[1, 1, 1, 1, 1, 1, 1, 1, 1, 1, 1]"
1868771,658207UA0A,"[370, 0]","[160, 0]",09:32:28,20260417,0.0,10821,"[15.5, 75.3, 87.8, 116.0, 16.5, 311.1]","[1, 1, 1, 1]",0.0,OK,,,None,"[1, 1, 1, 1, 1, 1]"
1868770,658207UA0A,"[369, 0]","[159, 0]",09:32:23,20260417,0.0,10821,MANUAL,MANUAL,0.0,MANUAL,MANUAL,,Null,MANUAL
1868769,8462284S00,"[830, 6]","[228, 1]",09:32:21,20260417,0.0,10823,"[12.5, 127.6, 127.8, 128.4, 128.1, 127.9, 127.1, 12.7, 792.0]",None,0.0,OK,None,7,00024533,"[1, 1, 1, 1, 1, 1, 1, 1, 1]"
1868768,658207UA0A,"[369, 1]","[159, 1]",09:32:21,20260417,0.0,10821,"[15.7, 75.5, 88.0, 116.7, 15.8, 311.6]","[1, 1, 1, 1]",0.0,OK,,,None,"[1, 1, 1, 1, 1, 1]"
1868767,658207UA0A,"[368, 1]","[158, 1]",09:32:17,20260417,0.0,10821,"[0, 0, 0, 0, 0, 0]",[],0.0,NG,PART IS NOT FOUND,,None,"[0, 0, 0, 0, 0, 0]"
1868766,8462284S00,"[829, 6]","[227, 1]",09:32:11,20260417,0.0,10823,"[11.9, 127.5, 127.8, 128.4, 128.6, 128.6, 127.3, 12.6, 792.5]",None,0.0,OK,None,7,00024533,"[1, 1, 1, 1, 1, 1, 1, 1, 1]"
1868765,658207UA0A,"[368, 0]","[158, 0]",09:32:11,20260417,0.0,10821,"[15.5, 75.1, 88.4, 116.3, 15.9, 311.3]","[1, 1, 1, 1]",0.0,OK,,,None,"[1, 1, 1, 1, 1, 1]"
1868764,658207UA0A,"[367, 0]","[157, 0]",09:32:06,20260417,0.0,10821,"[16.1, 75.0, 88.0, 116.3, 16.0, 311.4]","[1, 1, 1, 1]",0.0,OK,,,None,"[1, 1, 1, 1, 1, 1]"
1868763,82832W080PKENGEN,"[323, 0]","[98, 0]",09:32:02,20260417,0.0,None,"[27.6, 36.8, 38.5, 51.9, 61.8, 78.3, 97.8, 97.8, 86.9, 84.9, 13.6]",None,0.0,OK,None,,Null,"[1, 1, 1, 1, 1, 1, 1, 1, 1, 1, 1]"
1868762,8462284S00,"[828, 6]","[226, 1]",09:32:02,20260417,0.0,10823,"[12.1, 127.6, 127.9, 127.9, 128.2, 127.9, 127.3, 12.8, 791.8]",None,0.0,OK,None,7,00024533,"[1, 1, 1, 1, 1, 1, 1, 1, 1]"
1868761,658207UA0A,"[366, 0]","[156, 0]",09:32:00,20260417,0.0,10821,"[15.4, 75.0, 88.1, 115.9, 16.0, 310.4]","[1, 1, 1, 1]",0.0,OK,,,None,"[1, 1, 1, 1, 1, 1]"
1868760,658207UA0A,"[365, 0]","[155, 0]",09:31:54,20260417,0.0,10821,"[15.6, 74.8, 88.4, 116.3, 15.6, 310.8]","[1, 1, 1, 1]",0.0,OK,,,None,"[1, 1, 1, 1, 1, 1]"
1868759,8462284S00,"[827, 6]","[225, 1]",09:31:53,20260417,0.0,10823,"[12.4, 127.4, 128.1, 128.1, 128.1, 128.4, 127.3, 13.0, 792.7]",None,0.0,OK,None,7,00024533,"[1, 1, 1, 1, 1, 1, 1, 1, 1]"
1868758,658207UA0A,"[364, 0]","[154, 0]",09:31:49,20260417,0.0,10821,"[15.3, 75.5, 88.0, 116.2, 15.7, 310.6]","[1, 1, 1, 1]",0.0,OK,,,None,"[1, 1, 1, 1, 1, 1]"
1868756,808387UA0A,"[106, 7]","[20, 0]",09:31:44,20260417,0.0,10819,"[15.4, 121.6, 121.6, 80.0, 79.4, 123.6, 123.0, 16.2, 37.3, 40.5]",None,0.0,OK,,,None,"[1, 1, 1, 1, 1, 1, 1, 1, 1, 1]"
1868757,658207UA0A,"[363, 0]","[153, 0]",09:31:44,20260417,0.0,10821,"[15.6, 75.0, 88.3, 116.3, 16.3, 311.5]","[1, 1, 1, 1]",0.0,OK,,,None,"[1, 1, 1, 1, 1, 1]"
1868755,808387UA0A,"[106, 7]","[20, 0]",09:31:43,20260417,0.0,10819,"[15.4, 122.2, 121.4, 80.4, 79.6, 122.8, 123.4, 15.4, 36.5, 41.3]",None,0.0,OK,,,None,"[1, 1, 1, 1, 1, 1, 1, 1, 1, 1]"
1868754,808387UA0A,"[106, 7]","[20, 0]",09:31:43,20260417,0.0,10819,"[14.8, 122.4, 121.0, 80.4, 80.2, 122.2, 123.4, 14.8, 37.6, 40.3]",None,0.0,OK,,,None,"[1, 1, 1, 1, 1, 1, 1, 1, 1, 1]"
1868753,808387UA0A,"[106, 7]","[20, 0]",09:31:43,20260417,0.0,10819,"[14.8, 122.4, 121.4, 80.4, 80.2, 122.8, 123.4, 15.0, 37.7, 40.7]",None,0.0,OK,,,None,"[1, 1, 1, 1, 1, 1, 1, 1, 1, 1]"
1868752,808387UA0A,"[106, 7]","[20, 0]",09:31:43,20260417,0.0,10819,"[15.2, 122.4, 121.0, 80.4, 79.4, 122.8, 123.4, 15.0, 37.5, 40.5]",None,0.0,OK,,,None,"[1, 1, 1, 1, 1, 1, 1, 1, 1, 1]"
1868751,82832W080PKENGEN,"[322, 0]","[97, 0]",09:31:41,20260417,0.0,None,"[27.6, 37.1, 38.4, 51.8, 61.7, 78.1, 98.0, 97.8, 87.1, 85.0, 13.8]",None,0.0,OK,None,,Null,"[1, 1, 1, 1, 1, 1, 1, 1, 1, 1, 1]"
1868750,658207UA0A,"[362, 0]","[152, 0]",09:31:39,20260417,0.0,10821,"[15.3, 75.3, 88.1, 116.0, 16.1, 310.8]","[1, 1, 1, 1]",0.0,OK,,,None,"[1, 1, 1, 1, 1, 1]"
1868749,8462284S00,"[826, 6]","[224, 1]",09:31:34,20260417,0.0,10823,"[12.2, 127.4, 127.8, 128.2, 128.7, 128.1, 127.4, 12.4, 792.3]",None,0.0,OK,None,7,00024533,"[1, 1, 1, 1, 1, 1, 1, 1, 1]"
1868748,658207UA0A,"[361, 0]","[151, 0]",09:31:33,20260417,0.0,10821,"[15.9, 75.0, 88.3, 116.5, 15.6, 311.3]","[1, 1, 1, 1]",0.0,OK,,,None,"[1, 1, 1, 1, 1, 1]"
1868747,658207UA0A,"[360, 0]","[150, 0]",09:31:28,20260417,0.0,10821,"[15.4, 75.3, 88.0, 116.3, 16.5, 311.5]","[1, 1, 1, 1]",0.0,OK,,,None,"[1, 1, 1, 1, 1, 1]"
1868746,8462284S00,"[825, 6]","[223, 1]",09:31:23,20260417,0.0,10823,"[12.6, 127.0, 127.9, 129.0, 127.4, 128.7, 127.4, 12.6, 792.7]",None,0.0,OK,None,7,00024533,"[1, 1, 1, 1, 1, 1, 1, 1, 1]"
1868744,658207UA0A,"[359, 0]","[149, 0]",09:31:22,20260417,0.0,10821,"[15.4, 75.4, 88.3, 116.2, 16.1, 311.4]","[1, 1, 1, 1]",0.0,OK,,,None,"[1, 1, 1, 1, 1, 1]"
1868745,82832W080PKENGEN,"[321, 0]","[96, 0]",09:31:21,20260417,0.0,None,"[27.5, 36.8, 38.4, 52.1, 61.4, 78.1, 97.3, 97.8, 86.9, 84.9, 13.4]",None,0.0,OK,None,,Null,"[1, 1, 1, 1, 1, 1, 1, 1, 1, 1, 1]"
1868743,658207UA0A,"[358, 0]","[148, 0]",09:31:16,20260417,0.0,10821,"[15.7, 75.6, 88.3, 116.2, 16.0, 311.7]","[1, 1, 1, 1]",0.0,OK,,,None,"[1, 1, 1, 1, 1, 1]"
1868742,658207UA0A,"[357, 0]","[147, 0]",09:31:11,20260417,0.0,10821,"[15.7, 75.3, 87.8, 116.7, 15.9, 311.4]","[1, 1, 1, 1]",0.0,OK,,,None,"[1, 1, 1, 1, 1, 1]"
1868741,8462284S00,"[824, 6]","[222, 1]",09:31:09,20260417,0.0,10823,"[12.4, 127.6, 127.9, 128.1, 128.2, 128.1, 127.3, 13.1, 792.6]",None,0.0,OK,None,7,00024533,"[1, 1, 1, 1, 1, 1, 1, 1, 1]"
1868740,658207UA0A,"[356, 0]","[146, 0]",09:31:07,20260417,0.0,10821,"[15.7, 75.5, 87.8, 116.7, 15.9, 311.5]","[1, 1, 1, 1]",0.0,OK,,,None,"[1, 1, 1, 1, 1, 1]"
1868739,8462284S00,"[823, 6]","[221, 1]",09:30:57,20260417,0.0,10823,"[12.4, 127.0, 127.9, 128.6, 128.1, 128.2, 127.9, 12.0, 792.1]",None,0.0,OK,None,7,00024533,"[1, 1, 1, 1, 1, 1, 1, 1, 1]"
1868738,82832W080PKENGEN,"[320, 0]","[95, 0]",09:30:48,20260417,0.0,None,"[27.5, 37.1, 38.7, 52.3, 61.7, 77.8, 97.6, 97.8, 86.8, 85.0, 13.6]",None,0.0,OK,None,,Null,"[1, 1, 1, 1, 1, 1, 1, 1, 1, 1, 1]"
1868737,658207UA0A,"[355, 0]","[145, 0]",09:30:48,20260417,0.0,10821,"[15.5, 75.5, 88.3, 115.7, 16.4, 311.3]","[1, 1, 1, 1]",0.0,OK,,,None,"[1, 1, 1, 1, 1, 1]"
1868736,658207UA0A,"[354, 0]","[144, 0]",09:30:43,20260417,0.0,10821,"[15.3, 75.3, 88.0, 116.5, 16.3, 311.3]","[1, 1, 1, 1]",0.0,OK,,,None,"[1, 1, 1, 1, 1, 1]"
1868735,658207UA0A,"[353, 0]","[143, 0]",09:30:38,20260417,0.0,10821,"[15.8, 75.0, 88.3, 115.9, 15.8, 310.8]","[1, 1, 1, 1]",0.0,OK,,,None,"[1, 1, 1, 1, 1, 1]"
1868734,658207UA0A,"[352, 0]","[142, 0]",09:30:33,20260417,0.0,10821,"[14.5, 75.5, 88.0, 116.5, 16.1, 310.5]","[1, 1, 1, 1]",0.0,OK,,,None,"[1, 1, 1, 1, 1, 1]"
1868733,658207UA0A,"[351, 0]","[141, 0]",09:30:28,20260417,0.0,10821,"[15.2, 75.0, 88.1, 116.8, 15.7, 310.8]","[1, 1, 1, 1]",0.0,OK,,,None,"[1, 1, 1, 1, 1, 1]"
1868732,82832W080PKENGEN,"[319, 0]","[94, 0]",09:30:14,20260417,0.0,None,"[27.5, 36.9, 38.4, 52.3, 61.4, 78.3, 97.6, 98.0, 86.9, 85.0, 13.8]",None,0.0,OK,None,,Null,"[1, 1, 1, 1, 1, 1, 1, 1, 1, 1, 1]"
1868731,82832W080PKENGEN,"[318, 0]","[93, 0]",09:29:46,20260417,0.0,None,"[27.6, 36.9, 38.7, 52.3, 61.7, 77.8, 98.1, 98.0, 86.9, 84.9, 13.7]",None,0.0,OK,None,,Null,"[1, 1, 1, 1, 1, 1, 1, 1, 1, 1, 1]"
1868730,8462284S00,"[822, 6]","[220, 1]",09:29:45,20260417,0.0,10823,"[12.3, 127.4, 128.1, 128.2, 128.6, 128.6, 127.3, 12.4, 792.8]",None,0.0,OK,None,7,00024533,"[1, 1, 1, 1, 1, 1, 1, 1, 1]"
1868729,8462284S00,"[821, 6]","[219, 1]",09:29:33,20260417,0.0,10823,"[11.9, 127.8, 127.8, 128.6, 128.2, 127.9, 127.1, 12.6, 791.8]",None,0.0,OK,None,7,00024533,"[1, 1, 1, 1, 1, 1, 1, 1, 1]"
1868725,808397UA0A,"[104, 7]","[32, 3]",09:29:24,20260417,0.0,10819,"[15.2, 123.2, 122.8, 79.6, 80.8, 122.2, 123.2, 16.0, 36.5, 41.3]",None,0.0,OK,,,None,"[1, 1, 1, 1, 1, 1, 1, 1, 1, 1]"
1868726,808397UA0A,"[104, 7]","[32, 3]",09:29:24,20260417,0.0,10819,"[16.2, 123.0, 121.2, 81.0, 80.8, 122.4, 123.0, 16.4, 36.6, 40.9]",None,0.0,OK,,,None,"[1, 1, 1, 1, 1, 1, 1, 1, 1, 1]"
1868727,808397UA0A,"[104, 7]","[32, 3]",09:29:24,20260417,0.0,10819,"[15.6, 123.4, 121.0, 81.0, 80.8, 121.6, 123.4, 15.6, 37.3, 40.5]",None,0.0,OK,,,None,"[1, 1, 1, 1, 1, 1, 1, 1, 1, 1]"
1868728,808397UA0A,"[104, 7]","[32, 3]",09:29:24,20260417,0.0,10819,"[15.4, 123.4, 122.2, 81.0, 81.2, 122.2, 123.8, 15.4, 37.2, 40.3]",None,0.0,OK,,,None,"[1, 1, 1, 1, 1, 1, 1, 1, 1, 1]"
1868724,808397UA0A,"[104, 7]","[32, 3]",09:29:21,20260417,0.0,10819,"[15.8, 123.4, 121.2, 80.4, 80.6, 122.0, 122.8, 15.8, 36.9, 41.3]",None,0.0,OK,,,None,"[1, 1, 1, 1, 1, 1, 1, 1, 1, 1]"
1868723,8462284S00,"[820, 6]","[218, 1]",09:29:11,20260417,0.0,10823,"[12.5, 127.4, 128.1, 127.9, 128.7, 128.4, 127.9, 12.6, 793.6]",None,0.0,OK,None,7,00024533,"[1, 1, 1, 1, 1, 1, 1, 1, 1]"
1868722,82832W080PKENGEN,"[317, 0]","[92, 0]",09:29:08,20260417,0.0,None,"[27.3, 37.1, 38.7, 52.3, 61.5, 77.7, 98.0, 98.0, 87.3, 85.0, 13.8]",None,0.0,OK,None,,Null,"[1, 1, 1, 1, 1, 1, 1, 1, 1, 1, 1]"
1868721,8462284S00,"[819, 6]","[217, 1]",09:28:57,20260417,0.0,10823,"[12.4, 127.8, 127.8, 128.2, 128.1, 128.1, 127.3, 12.6, 792.2]",None,0.0,OK,None,7,00024533,"[1, 1, 1, 1, 1, 1, 1, 1, 1]"
1868720,658207UA0A,"[350, 0]","[140, 0]",09:28:43,20260417,0.0,10821,"[15.2, 75.3, 88.3, 115.7, 16.3, 310.8]","[1, 1, 1, 1]",0.0,OK,,,None,"[1, 1, 1, 1, 1, 1]"
1868719,82832W080PKENGEN,"[316, 0]","[91, 0]",09:28:40,20260417,0.0,None,"[27.6, 36.8, 38.5, 52.1, 61.5, 78.0, 97.8, 97.8, 87.1, 85.2, 13.6]",None,0.0,OK,None,,Null,"[1, 1, 1, 1, 1, 1, 1, 1, 1, 1, 1]"
1868718,658207UA0A,"[349, 0]","[139, 0]",09:28:38,20260417,0.0,10821,"[15.3, 75.1, 87.5, 116.2, 16.4, 310.6]","[1, 1, 1, 1]",0.0,OK,,,None,"[1, 1, 1, 1, 1, 1]"
1868717,8462284S00,"[818, 6]","[216, 1]",09:28:34,20260417,0.0,10823,"[12.0, 127.6, 127.9, 128.4, 128.2, 128.6, 127.1, 13.1, 792.9]",None,0.0,OK,None,7,00024533,"[1, 1, 1, 1, 1, 1, 1, 1, 1]"
1868716,658207UA0A,"[348, 0]","[138, 0]",09:28:33,20260417,0.0,10821,"[15.5, 75.0, 88.1, 116.3, 16.3, 311.2]","[1, 1, 1, 1]",0.0,OK,,,None,"[1, 1, 1, 1, 1, 1]"
1868715,658207UA0A,"[347, 0]","[137, 0]",09:28:28,20260417,0.0,10821,"[15.0, 75.1, 88.4, 116.0, 16.1, 310.7]","[1, 1, 1, 1]",0.0,OK,,,None,"[1, 1, 1, 1, 1, 1]"
1868714,8462284S00,"[817, 6]","[215, 1]",09:28:22,20260417,0.0,10823,"[12.2, 127.6, 127.8, 128.4, 128.6, 128.7, 127.4, 12.6, 793.3]",None,0.0,OK,None,7,00024533,"[1, 1, 1, 1, 1, 1, 1, 1, 1]"
1868713,658207UA0A,"[346, 0]","[136, 0]",09:28:22,20260417,0.0,10821,"[15.2, 75.5, 88.0, 116.2, 16.3, 311.1]","[1, 1, 1, 1]",0.0,OK,,,None,"[1, 1, 1, 1, 1, 1]"
1868712,658207UA0A,"[345, 0]","[135, 0]",09:28:17,20260417,0.0,10821,"[14.8, 75.1, 88.1, 116.7, 15.8, 310.6]","[1, 1, 1, 1]",0.0,OK,,,None,"[1, 1, 1, 1, 1, 1]"
1868711,82832W080PKENGEN,"[315, 0]","[90, 0]",09:28:14,20260417,0.0,None,"[27.6, 36.9, 38.5, 52.4, 61.5, 78.1, 97.6, 98.1, 86.6, 84.9, 13.6]",None,0.0,OK,None,,Null,"[1, 1, 1, 1, 1, 1, 1, 1, 1, 1, 1]"
1868710,658207UA0A,"[344, 0]","[134, 0]",09:28:13,20260417,0.0,10821,"[15.7, 75.3, 88.3, 116.3, 15.8, 311.4]","[1, 1, 1, 1]",0.0,OK,,,None,"[1, 1, 1, 1, 1, 1]"
1868709,8462284S00,"[816, 6]","[214, 1]",09:28:11,20260417,0.0,10823,"[12.0, 127.4, 127.4, 128.4, 128.4, 128.1, 127.3, 12.9, 791.9]",None,0.0,OK,None,7,00024533,"[1, 1, 1, 1, 1, 1, 1, 1, 1]"
1868708,658207UA0A,"[343, 0]","[133, 0]",09:28:08,20260417,0.0,10821,"[15.6, 75.3, 88.4, 116.0, 16.1, 311.4]","[1, 1, 1, 1]",0.0,OK,,,None,"[1, 1, 1, 1, 1, 1]"
1868707,658207UA0A,"[342, 0]","[132, 0]",09:28:02,20260417,0.0,10821,"[15.3, 75.8, 87.2, 117.5, 15.7, 311.5]","[1, 1, 1, 1]",0.0,OK,,,None,"[1, 1, 1, 1, 1, 1]"
1868706,8462284S00,"[815, 6]","[213, 1]",09:27:58,20260417,0.0,10823,"[11.9, 127.6, 127.8, 128.6, 128.6, 128.1, 127.3, 12.5, 792.2]",None,0.0,OK,None,7,00024533,"[1, 1, 1, 1, 1, 1, 1, 1, 1]"
1868705,658207UA0A,"[341, 0]","[131, 0]",09:27:54,20260417,0.0,10821,"[15.5, 75.5, 87.8, 116.7, 16.1, 311.5]","[1, 1, 1, 1]",0.0,OK,,,None,"[1, 1, 1, 1, 1, 1]"
1868704,658207UA0A,"[340, 0]","[130, 0]",09:27:49,20260417,0.0,10821,"[15.3, 75.1, 88.0, 116.2, 16.1, 310.7]","[1, 1, 1, 1]",0.0,OK,,,None,"[1, 1, 1, 1, 1, 1]"
1868703,8462284S00,"[814, 6]","[212, 1]",09:27:48,20260417,0.0,10823,"[11.1, 127.8, 127.9, 128.1, 127.9, 128.7, 127.0, 12.7, 791.1]",None,0.0,OK,None,7,00024533,"[1, 1, 1, 1, 1, 1, 1, 1, 1]"
1868702,658207UA0A,"[339, 0]","[129, 0]",09:27:44,20260417,0.0,10821,"[15.1, 75.5, 88.0, 116.0, 16.2, 310.7]","[1, 1, 1, 1]",0.0,OK,,,None,"[1, 1, 1, 1, 1, 1]"
1868701,82832W080PKENGEN,"[314, 0]","[89, 0]",09:27:40,20260417,0.0,None,"[27.3, 36.9, 38.5, 52.1, 61.5, 78.0, 97.8, 97.6, 87.1, 85.0, 13.9]",None,0.0,OK,None,,Null,"[1, 1, 1, 1, 1, 1, 1, 1, 1, 1, 1]"
1868700,658207UA0A,"[338, 0]","[128, 0]",09:27:39,20260417,0.0,10821,"[15.2, 75.1, 88.4, 115.9, 15.8, 310.4]","[1, 1, 1, 1]",0.0,OK,,,None,"[1, 1, 1, 1, 1, 1]"
1868699,658207UA0A,"[337, 0]","[127, 0]",09:27:34,20260417,0.0,10821,"[15.8, 75.6, 87.8, 116.5, 15.8, 311.5]","[1, 1, 1, 1]",0.0,OK,,,None,"[1, 1, 1, 1, 1, 1]"
1868697,658207UA0A,"[336, 0]","[126, 0]",09:27:29,20260417,0.0,10821,"[15.2, 75.0, 88.3, 116.5, 15.9, 310.9]","[1, 1, 1, 1]",0.0,OK,,,None,"[1, 1, 1, 1, 1, 1]"
1868698,8462284S00,"[813, 6]","[211, 1]",09:27:26,20260417,0.0,10823,"[11.0, 127.6, 127.9, 127.9, 128.2, 128.1, 127.4, 12.9, 791.1]",None,0.0,OK,None,7,00024533,"[1, 1, 1, 1, 1, 1, 1, 1, 1]"
1868696,658207UA0A,"[335, 0]","[125, 0]",09:27:22,20260417,0.0,10821,"[15.6, 75.0, 88.1, 116.0, 16.4, 311.1]","[1, 1, 1, 1]",0.0,OK,,,None,"[1, 1, 1, 1, 1, 1]"
1868695,808387UA0A,"[101, 7]","[15, 0]",09:27:08,20260417,0.0,10819,"[15.2, 122.0, 121.4, 80.0, 79.4, 123.4, 122.8, 16.4, 37.3, 40.5]",None,0.0,OK,,,None,"[1, 1, 1, 1, 1, 1, 1, 1, 1, 1]"
1868694,808387UA0A,"[101, 7]","[15, 0]",09:27:08,20260417,0.0,10819,"[15.4, 122.4, 121.2, 80.2, 80.0, 122.8, 122.8, 16.2, 37.2, 40.3]",None,0.0,OK,,,None,"[1, 1, 1, 1, 1, 1, 1, 1, 1, 1]"
1868693,808387UA0A,"[101, 7]","[15, 0]",09:27:07,20260417,0.0,10819,"[15.0, 122.0, 121.8, 80.2, 80.6, 122.0, 123.0, 15.0, 37.6, 40.5]",None,0.0,OK,,,None,"[1, 1, 1, 1, 1, 1, 1, 1, 1, 1]"
1868691,808387UA0A,"[101, 7]","[15, 0]",09:27:07,20260417,0.0,10819,"[15.2, 122.4, 121.0, 80.0, 80.8, 122.0, 123.0, 15.0, 38.0, 40.5]",None,0.0,OK,,,None,"[1, 1, 1, 1, 1, 1, 1, 1, 1, 1]"
1868692,808387UA0A,"[101, 7]","[15, 0]",09:27:07,20260417,0.0,10819,"[15.2, 121.8, 121.6, 80.2, 80.2, 123.2, 123.4, 16.2, 37.8, 40.1]",None,0.0,OK,,,None,"[1, 1, 1, 1, 1, 1, 1, 1, 1, 1]"
1868690,82832W080PKENGEN,"[313, 0]","[88, 0]",09:27:03,20260417,0.0,None,"[27.3, 36.9, 38.7, 52.4, 61.7, 78.1, 97.8, 98.0, 87.1, 84.9, 13.3]",None,0.0,OK,None,,Null,"[1, 1, 1, 1, 1, 1, 1, 1, 1, 1, 1]"
1868689,658207UA0A,"[334, 0]","[124, 0]",09:26:50,20260417,0.0,10821,"[15.7, 75.1, 88.1, 116.2, 15.8, 310.9]","[1, 1, 1, 1]",0.0,OK,,,None,"[1, 1, 1, 1, 1, 1]"
1868688,658207UA0A,"[333, 0]","[123, 0]",09:26:39,20260417,0.0,10821,"[15.3, 75.5, 88.0, 116.3, 16.2, 311.2]","[1, 1, 1, 1]",0.0,OK,,,None,"[1, 1, 1, 1, 1, 1]"
1868687,8462284S00,"[812, 6]","[210, 1]",09:26:33,20260417,0.0,10823,"[12.4, 127.9, 127.4, 128.1, 128.4, 128.4, 127.5, 12.5, 792.7]",None,0.0,OK,None,7,00024533,"[1, 1, 1, 1, 1, 1, 1, 1, 1]"
1868686,82832W080PKENGEN,"[312, 0]","[87, 0]",09:26:17,20260417,0.0,None,"[27.5, 37.2, 38.4, 52.1, 61.4, 78.3, 97.8, 98.0, 87.1, 84.9, 13.6]",None,0.0,OK,None,,Null,"[1, 1, 1, 1, 1, 1, 1, 1, 1, 1, 1]"
1868685,8462284S00,"[811, 6]","[209, 1]",09:26:11,20260417,0.0,10823,MANUAL,MANUAL,0.0,MANUAL,MANUAL,MANUAL,Null,MANUAL
1868684,658207UA0A,"[332, 0]","[122, 0]",09:25:57,20260417,0.0,10821,"[15.5, 75.3, 88.4, 116.0, 16.1, 311.4]","[1, 1, 1, 1]",0.0,OK,,,None,"[1, 1, 1, 1, 1, 1]"
1868683,658207UA0A,"[331, 0]","[121, 0]",09:25:52,20260417,0.0,10821,"[15.4, 75.1, 88.4, 116.0, 15.8, 310.8]","[1, 1, 1, 1]",0.0,OK,,,None,"[1, 1, 1, 1, 1, 1]"
1868682,82832W080PKENGEN,"[311, 0]","[86, 0]",09:25:44,20260417,0.0,None,"[27.8, 37.1, 38.2, 51.8, 61.8, 78.3, 97.5, 97.5, 86.9, 84.9, 13.8]",None,0.0,OK,None,,Null,"[1, 1, 1, 1, 1, 1, 1, 1, 1, 1, 1]"
1868681,8462284S00,"[812, 6]","[210, 1]",09:25:32,20260417,0.0,10823,"[11.6, 127.3, 128.1, 128.4, 128.2, 128.2, 127.3, 12.4, 791.5]",None,0.0,OK,None,7,00024533,"[1, 1, 1, 1, 1, 1, 1, 1, 1]"
1868680,8462284S00,"[811, 6]","[209, 1]",09:25:13,20260417,0.0,10823,"[11.9, 127.6, 127.6, 128.4, 128.2, 128.4, 127.4, 12.2, 791.8]",None,0.0,OK,None,7,00024533,"[1, 1, 1, 1, 1, 1, 1, 1, 1]"
1868679,82832W080PKENGEN,"[310, 0]","[85, 0]",09:25:10,20260417,0.0,None,"[27.6, 36.9, 38.5, 52.1, 61.8, 78.1, 97.6, 97.8, 86.8, 84.9, 13.7]",None,0.0,OK,None,,Null,"[1, 1, 1, 1, 1, 1, 1, 1, 1, 1, 1]"
1868677,808397UA0A,"[99, 7]","[27, 3]",09:24:47,20260417,0.0,10819,"[15.6, 123.4, 121.8, 80.0, 81.4, 122.0, 124.0, 15.8, 36.6, 40.3]",None,0.0,OK,,,None,"[1, 1, 1, 1, 1, 1, 1, 1, 1, 1]"
1868674,808397UA0A,"[99, 7]","[27, 3]",09:24:47,20260417,0.0,10819,"[15.8, 123.2, 122.4, 80.2, 81.2, 122.6, 123.4, 15.4, 37.0, 41.3]",None,0.0,OK,,,None,"[1, 1, 1, 1, 1, 1, 1, 1, 1, 1]"
1868675,808397UA0A,"[99, 7]","[27, 3]",09:24:47,20260417,0.0,10819,"[15.6, 123.0, 121.6, 80.4, 80.6, 121.8, 123.4, 16.0, 35.6, 40.9]",None,0.0,OK,,,None,"[1, 1, 1, 1, 1, 1, 1, 1, 1, 1]"
1868676,808397UA0A,"[99, 7]","[27, 3]",09:24:47,20260417,0.0,10819,"[15.2, 123.6, 122.2, 80.4, 81.2, 122.0, 123.0, 16.2, 37.3, 40.3]",None,0.0,OK,,,None,"[1, 1, 1, 1, 1, 1, 1, 1, 1, 1]"
1868678,8462284S00,"[810, 6]","[208, 1]",09:24:47,20260417,0.0,10823,"[11.0, 127.4, 127.9, 127.9, 128.2, 128.1, 127.1, 13.1, 790.7]",None,0.0,OK,None,7,00024533,"[1, 1, 1, 1, 1, 1, 1, 1, 1]"
1868673,808397UA0A,"[99, 7]","[27, 3]",09:24:46,20260417,0.0,10819,"[15.6, 123.0, 121.6, 80.8, 81.0, 123.0, 123.4, 16.0, 35.6, 41.5]",None,0.0,OK,,,None,"[1, 1, 1, 1, 1, 1, 1, 1, 1, 1]"
1868672,82832W080PKENGEN,"[309, 0]","[84, 0]",09:24:39,20260417,0.0,None,"[27.5, 36.9, 38.7, 51.9, 61.7, 78.1, 98.0, 97.6, 86.9, 85.3, 13.8]",None,0.0,OK,None,,Null,"[1, 1, 1, 1, 1, 1, 1, 1, 1, 1, 1]"
1868671,8462284S00,"[809, 6]","[207, 1]",09:24:28,20260417,0.0,10823,"[12.4, 127.4, 127.8, 128.2, 128.2, 128.6, 127.3, 12.6, 792.5]",None,0.0,OK,None,7,00024533,"[1, 1, 1, 1, 1, 1, 1, 1, 1]"
1868670,8462284S00,"[808, 6]","[206, 1]",09:24:18,20260417,0.0,10823,"[12.4, 127.3, 127.8, 128.3, 128.4, 128.2, 127.6, 12.3, 792.2]",None,0.0,OK,None,7,00024533,"[1, 1, 1, 1, 1, 1, 1, 1, 1]"
1868669,8462284S00,"[807, 6]","[205, 1]",09:24:08,20260417,0.0,10823,"[12.1, 127.3, 127.6, 128.4, 128.7, 128.1, 127.3, 12.3, 791.8]",None,0.0,OK,None,7,00024533,"[1, 1, 1, 1, 1, 1, 1, 1, 1]"
1868668,82832W080PKENGEN,"[308, 0]","[83, 0]",09:24:07,20260417,0.0,None,"[27.3, 37.1, 38.5, 52.1, 61.7, 78.3, 97.5, 97.6, 87.4, 84.5, 13.6]",None,0.0,OK,None,,Null,"[1, 1, 1, 1, 1, 1, 1, 1, 1, 1, 1]"
1868667,658207UA0A,"[330, 0]","[120, 0]",09:24:00,20260417,0.0,10821,"[15.8, 75.6, 88.4, 117.6, 14.9, 312.3]","[1, 1, 1, 1]",0.0,OK,,,None,"[1, 1, 1, 1, 1, 1]"
1868666,8462284S00,"[806, 6]","[204, 1]",09:23:58,20260417,0.0,10823,"[12.5, 127.8, 127.4, 128.1, 128.4, 127.9, 127.6, 12.5, 792.2]",None,0.0,OK,None,7,00024533,"[1, 1, 1, 1, 1, 1, 1, 1, 1]"
1868665,658207UA0A,"[329, 0]","[119, 0]",09:23:55,20260417,0.0,10821,"[15.8, 75.4, 87.8, 116.2, 16.3, 311.5]","[1, 1, 1, 1]",0.0,OK,,,None,"[1, 1, 1, 1, 1, 1]"
1868664,8462284S00,"[805, 6]","[203, 1]",09:23:48,20260417,0.0,10823,"[11.9, 127.6, 127.6, 128.6, 128.4, 127.9, 127.4, 12.7, 792.1]",None,0.0,OK,None,7,00024533,"[1, 1, 1, 1, 1, 1, 1, 1, 1]"
1868663,658207UA0A,"[328, 0]","[118, 0]",09:23:48,20260417,0.0,10821,"[15.3, 75.4, 88.1, 116.2, 16.2, 311.3]","[1, 1, 1, 1]",0.0,OK,,,None,"[1, 1, 1, 1, 1, 1]"
1868662,658207UA0A,"[327, 0]","[117, 0]",09:23:42,20260417,0.0,10821,"[15.0, 74.8, 88.4, 115.9, 16.6, 310.7]","[1, 1, 1, 1]",0.0,OK,,,None,"[1, 1, 1, 1, 1, 1]"
1868661,8462284S00,"[804, 6]","[202, 1]",09:23:36,20260417,0.0,10823,"[12.3, 127.4, 127.8, 128.2, 128.7, 128.2, 127.1, 12.7, 792.5]",None,0.0,OK,None,7,00024533,"[1, 1, 1, 1, 1, 1, 1, 1, 1]"
1868660,658207UA0A,"[326, 0]","[116, 0]",09:23:35,20260417,0.0,10821,"[15.4, 75.6, 87.8, 115.9, 16.4, 311.1]","[1, 1, 1, 1]",0.0,OK,,,None,"[1, 1, 1, 1, 1, 1]"
1868659,82832W080PKENGEN,"[307, 0]","[82, 0]",09:23:34,20260417,0.0,None,"[27.3, 36.9, 38.4, 52.3, 61.7, 77.7, 98.1, 98.0, 87.1, 85.0, 13.8]",None,0.0,OK,None,,Null,"[1, 1, 1, 1, 1, 1, 1, 1, 1, 1, 1]"
1868658,658207UA0A,"[325, 0]","[115, 0]",09:23:29,20260417,0.0,10821,"[15.6, 74.8, 88.4, 116.3, 15.7, 310.9]","[1, 1, 1, 1]",0.0,OK,,,None,"[1, 1, 1, 1, 1, 1]"
1868657,8462284S00,"[803, 6]","[201, 1]",09:23:24,20260417,0.0,10823,"[12.0, 127.9, 127.8, 128.2, 128.2, 128.2, 127.1, 12.5, 792.0]",None,0.0,OK,None,7,00024533,"[1, 1, 1, 1, 1, 1, 1, 1, 1]"
1868656,658207UA0A,"[324, 0]","[114, 0]",09:23:24,20260417,0.0,10821,"[15.6, 75.1, 88.3, 116.5, 16.1, 311.6]","[1, 1, 1, 1]",0.0,OK,,,None,"[1, 1, 1, 1, 1, 1]"
1868655,658207UA0A,"[323, 0]","[113, 0]",09:23:18,20260417,0.0,10821,"[15.3, 75.0, 88.1, 116.2, 16.2, 310.8]","[1, 1, 1, 1]",0.0,OK,,,None,"[1, 1, 1, 1, 1, 1]"
1868654,658207UA0A,"[322, 0]","[112, 0]",09:23:12,20260417,0.0,10821,"[15.8, 75.3, 88.3, 116.0, 16.3, 311.7]","[1, 1, 1, 1]",0.0,OK,,,None,"[1, 1, 1, 1, 1, 1]"
1868653,658207UA0A,"[321, 0]","[111, 0]",09:23:05,20260417,0.0,10821,"[15.4, 75.6, 87.5, 116.8, 15.8, 311.1]","[1, 1, 1, 1]",0.0,OK,,,None,"[1, 1, 1, 1, 1, 1]"
1868652,658207UA0A,"[320, 0]","[110, 0]",09:22:59,20260417,0.0,10821,"[15.1, 75.0, 88.1, 116.2, 16.2, 310.6]","[1, 1, 1, 1]",0.0,OK,,,None,"[1, 1, 1, 1, 1, 1]"
1868651,82832W080PKENGEN,"[306, 0]","[81, 0]",09:22:58,20260417,0.0,None,"[27.3, 37.1, 38.4, 51.9, 61.5, 78.1, 97.8, 97.6, 86.6, 84.9, 13.8]",None,0.0,OK,None,,Null,"[1, 1, 1, 1, 1, 1, 1, 1, 1, 1, 1]"
1868650,658207UA0A,"[319, 0]","[109, 0]",09:22:54,20260417,0.0,10821,"[15.7, 75.4, 87.8, 116.0, 16.4, 311.4]","[1, 1, 1, 1]",0.0,OK,,,None,"[1, 1, 1, 1, 1, 1]"
1868649,658207UA0A,"[318, 0]","[108, 0]",09:22:49,20260417,0.0,10821,"[15.4, 75.5, 88.0, 116.3, 16.2, 311.4]","[1, 1, 1, 1]",0.0,OK,,,None,"[1, 1, 1, 1, 1, 1]"
1868648,8462284S00,"[802, 6]","[200, 1]",09:22:44,20260417,0.0,10823,"[12.1, 127.6, 127.8, 128.1, 128.6, 128.2, 127.3, 12.6, 792.2]",None,0.0,OK,None,7,00024533,"[1, 1, 1, 1, 1, 1, 1, 1, 1]"
1868647,658207UA0A,"[317, 0]","[107, 0]",09:22:44,20260417,0.0,10821,"[15.2, 75.4, 88.1, 115.9, 16.1, 310.7]","[1, 1, 1, 1]",0.0,OK,,,None,"[1, 1, 1, 1, 1, 1]"
1868646,658207UA0A,"[316, 0]","[106, 0]",09:22:38,20260417,0.0,10821,"[15.3, 75.1, 88.3, 116.0, 15.9, 310.7]","[1, 1, 1, 1]",0.0,OK,,,None,"[1, 1, 1, 1, 1, 1]"
1868645,8462284S00,"[801, 6]","[199, 1]",09:22:33,20260417,0.0,10823,"[12.3, 127.4, 127.8, 128.2, 128.2, 127.9, 127.4, 13.0, 792.4]",None,0.0,OK,None,7,00024533,"[1, 1, 1, 1, 1, 1, 1, 1, 1]"
1868644,658207UA0A,"[315, 0]","[105, 0]",09:22:33,20260417,0.0,10821,"[15.3, 75.8, 88.0, 116.3, 15.9, 311.2]","[1, 1, 1, 1]",0.0,OK,,,None,"[1, 1, 1, 1, 1, 1]"
1868643,808387UA0A,"[96, 7]","[10, 0]",09:22:30,20260417,0.0,10819,"[15.0, 122.0, 121.6, 80.4, 79.8, 122.6, 122.8, 14.8, 37.4, 40.3]",None,0.0,OK,,,None,"[1, 1, 1, 1, 1, 1, 1, 1, 1, 1]"
1868642,808387UA0A,"[96, 7]","[10, 0]",09:22:30,20260417,0.0,10819,"[15.0, 122.0, 121.4, 80.2, 80.2, 123.0, 122.4, 14.4, 37.5, 40.3]",None,0.0,OK,,,None,"[1, 1, 1, 1, 1, 1, 1, 1, 1, 1]"
1868641,808387UA0A,"[96, 7]","[10, 0]",09:22:30,20260417,0.0,10819,"[15.2, 121.8, 121.2, 80.2, 79.6, 123.0, 122.8, 14.2, 36.8, 40.3]",None,0.0,OK,,,None,"[1, 1, 1, 1, 1, 1, 1, 1, 1, 1]"
1868640,808387UA0A,"[96, 7]","[10, 0]",09:22:30,20260417,0.0,10819,"[14.8, 122.4, 121.4, 80.6, 79.6, 123.4, 123.0, 14.4, 37.6, 40.5]",None,0.0,OK,,,None,"[1, 1, 1, 1, 1, 1, 1, 1, 1, 1]"
1868639,808387UA0A,"[96, 7]","[10, 0]",09:22:30,20260417,0.0,10819,"[14.6, 121.8, 121.6, 80.6, 79.8, 123.0, 123.0, 14.2, 37.3, 40.1]",None,0.0,OK,,,None,"[1, 1, 1, 1, 1, 1, 1, 1, 1, 1]"
1868638,658207UA0A,"[314, 0]","[104, 0]",09:22:28,20260417,0.0,10821,"[15.7, 75.1, 88.1, 116.3, 15.7, 310.9]","[1, 1, 1, 1]",0.0,OK,,,None,"[1, 1, 1, 1, 1, 1]"
1868637,658207UA0A,"[313, 0]","[103, 0]",09:22:22,20260417,0.0,10821,MANUAL,MANUAL,0.0,MANUAL,MANUAL,,Null,MANUAL
1868636,658207UA0A,"[313, 0]","[103, 0]",09:22:21,20260417,0.0,10821,MANUAL,MANUAL,0.0,MANUAL,MANUAL,,Null,MANUAL
1868635,658207UA0A,"[313, 1]","[103, 1]",09:22:16,20260417,0.0,10821,"[15.5, 75.5, 88.1, 116.2, 16.0, 311.3]","[1, 1, 1, 1]",0.0,OK,,,None,"[1, 1, 1, 1, 1, 1]"
1868634,8462284S00,"[800, 6]","[198, 1]",09:22:12,20260417,0.0,10823,"[12.3, 127.4, 128.1, 128.1, 128.1, 128.4, 127.1, 12.9, 792.3]",None,0.0,OK,None,7,00024533,"[1, 1, 1, 1, 1, 1, 1, 1, 1]"
1868633,658207UA0A,"[312, 1]","[102, 1]",09:22:12,20260417,0.0,10821,"[0, 0, 0, 0, 0, 0]",[],0.0,NG,PART IS NOT FOUND,,None,"[0, 0, 0, 0, 0, 0]"
1868632,658207UA0A,"[312, 0]","[102, 0]",09:22:07,20260417,0.0,10821,"[15.4, 75.1, 88.4, 115.9, 15.7, 310.5]","[1, 1, 1, 1]",0.0,OK,,,None,"[1, 1, 1, 1, 1, 1]"
1868631,8462284S00,"[799, 6]","[197, 1]",09:22:03,20260417,0.0,10823,"[12.4, 127.4, 127.8, 128.1, 128.1, 128.2, 127.6, 12.7, 792.3]",None,0.0,OK,None,7,00024533,"[1, 1, 1, 1, 1, 1, 1, 1, 1]"
1868630,658207UA0A,"[311, 0]","[101, 0]",09:22:01,20260417,0.0,10821,"[15.5, 75.1, 88.1, 115.9, 16.1, 310.7]","[1, 1, 1, 1]",0.0,OK,,,None,"[1, 1, 1, 1, 1, 1]"
1868629,8462284S00,"[798, 6]","[196, 1]",09:21:52,20260417,0.0,10823,"[12.2, 127.3, 127.8, 128.4, 128.2, 128.2, 127.4, 12.6, 792.2]",None,0.0,OK,None,7,00024533,"[1, 1, 1, 1, 1, 1, 1, 1, 1]"
1868628,8462284S00,"[797, 6]","[195, 1]",09:21:41,20260417,0.0,10823,"[12.1, 127.4, 127.4, 128.4, 128.2, 128.1, 127.4, 12.4, 791.6]",None,0.0,OK,None,7,00024533,"[1, 1, 1, 1, 1, 1, 1, 1, 1]"
1868627,8462284S00,"[796, 6]","[194, 1]",09:21:32,20260417,0.0,10823,"[12.2, 127.4, 128.1, 128.2, 128.1, 128.6, 127.4, 12.5, 792.5]",None,0.0,OK,None,7,00024533,"[1, 1, 1, 1, 1, 1, 1, 1, 1]"
1868626,8462284S00,"[795, 6]","[193, 1]",09:21:23,20260417,0.0,10823,"[10.9, 127.8, 127.8, 128.2, 128.1, 128.4, 126.6, 12.7, 790.5]",None,0.0,OK,None,7,00024533,"[1, 1, 1, 1, 1, 1, 1, 1, 1]"
1868625,808397UA0A,"[94, 7]","[22, 3]",09:21:20,20260417,0.0,10819,MANUAL,MANUAL,0.0,MANUAL,MANUAL,,MANUAL,MANUAL
1868624,808397UA0A,"[95, 7]","[23, 3]",09:21:19,20260417,0.0,10819,MANUAL,MANUAL,0.0,MANUAL,MANUAL,,MANUAL,MANUAL
1868623,8462284S00,"[794, 6]","[192, 1]",09:20:55,20260417,0.0,10823,"[12.2, 127.6, 128.1, 128.6, 128.2, 127.8, 127.4, 12.7, 792.5]",None,0.0,OK,None,7,00024533,"[1, 1, 1, 1, 1, 1, 1, 1, 1]"
1868622,808397UA0A,"[95, 6]","[23, 2]",09:20:50,20260417,0.0,10819,MANUAL,MANUAL,0.0,MANUAL,MANUAL,,MANUAL,MANUAL
1868621,808397UA0A,"[96, 6]","[24, 2]",09:20:49,20260417,0.0,10819,MANUAL,MANUAL,0.0,MANUAL,MANUAL,,MANUAL,MANUAL
1868620,8462284S00,"[793, 6]","[191, 1]",09:20:45,20260417,0.0,10823,"[12.0, 127.4, 127.6, 128.4, 128.4, 127.9, 127.1, 12.2, 791.1]",None,0.0,OK,None,7,00024533,"[1, 1, 1, 1, 1, 1, 1, 1, 1]"
1868619,658207UA0A,"[310, 0]","[100, 0]",09:20:35,20260417,0.0,10821,"[15.6, 75.1, 88.1, 116.2, 16.0, 311.0]","[1, 1, 1, 1]",0.0,OK,,,None,"[1, 1, 1, 1, 1, 1]"
1868618,658207UA0A,"[309, 0]","[99, 0]",09:20:31,20260417,0.0,10821,"[15.6, 75.4, 88.0, 116.7, 15.8, 311.5]","[1, 1, 1, 1]",0.0,OK,,,None,"[1, 1, 1, 1, 1, 1]"
1868617,658207UA0A,"[308, 0]","[98, 0]",09:20:25,20260417,0.0,10821,"[15.7, 75.1, 88.0, 116.0, 16.0, 310.9]","[1, 1, 1, 1]",0.0,OK,,,None,"[1, 1, 1, 1, 1, 1]"
1868616,658207UA0A,"[307, 0]","[97, 0]",09:20:19,20260417,0.0,10821,"[15.4, 75.6, 87.8, 116.2, 16.9, 311.9]","[1, 1, 1, 1]",0.0,OK,,,None,"[1, 1, 1, 1, 1, 1]"
1868615,658207UA0A,"[306, 0]","[96, 0]",09:20:14,20260417,0.0,10821,"[15.5, 75.1, 88.1, 116.3, 16.2, 311.4]","[1, 1, 1, 1]",0.0,OK,,,None,"[1, 1, 1, 1, 1, 1]"
1868613,658207UA0A,"[305, 0]","[95, 0]",09:20:07,20260417,0.0,10821,"[15.5, 75.3, 88.4, 116.0, 15.6, 310.9]","[1, 1, 1, 1]",0.0,OK,,,None,"[1, 1, 1, 1, 1, 1]"
1868614,82832W080PKENGEN,"[305, 0]","[80, 0]",09:20:04,20260417,0.0,None,"[27.5, 36.9, 38.5, 52.4, 61.5, 77.8, 97.8, 97.8, 86.9, 85.2, 13.5]",None,0.0,OK,None,,Null,"[1, 1, 1, 1, 1, 1, 1, 1, 1, 1, 1]"
1868612,8462284S00,"[792, 6]","[190, 1]",09:20:02,20260417,0.0,10823,"[11.9, 127.8, 127.9, 128.2, 128.6, 128.2, 127.3, 12.6, 792.5]",None,0.0,OK,None,7,00024533,"[1, 1, 1, 1, 1, 1, 1, 1, 1]"
1868611,658207UA0A,"[304, 0]","[94, 0]",09:20:02,20260417,0.0,10821,"[15.8, 75.1, 88.1, 116.3, 16.0, 311.3]","[1, 1, 1, 1]",0.0,OK,,,None,"[1, 1, 1, 1, 1, 1]"
1868610,658207UA0A,"[303, 0]","[93, 0]",09:19:56,20260417,0.0,10821,"[15.7, 75.0, 88.1, 116.3, 16.3, 311.5]","[1, 1, 1, 1]",0.0,OK,,,None,"[1, 1, 1, 1, 1, 1]"
1868609,8462284S00,"[791, 6]","[189, 1]",09:19:52,20260417,0.0,10823,"[12.0, 127.4, 127.6, 128.1, 128.4, 128.1, 127.3, 10.6, 789.5]",None,0.0,OK,None,7,00024533,"[1, 1, 1, 1, 1, 1, 1, 1, 1]"
1868608,658207UA0A,"[302, 0]","[92, 0]",09:19:51,20260417,0.0,10821,"[15.4, 75.6, 87.8, 116.7, 16.1, 311.6]","[1, 1, 1, 1]",0.0,OK,,,None,"[1, 1, 1, 1, 1, 1]"
1868607,808397UA0A,"[96, 5]","[24, 1]",09:19:46,20260417,0.0,10819,MANUAL,MANUAL,0.0,MANUAL,MANUAL,,MANUAL,MANUAL
1868606,808397UA0A,"[97, 5]","[25, 1]",09:19:45,20260417,0.0,10819,MANUAL,MANUAL,0.0,MANUAL,MANUAL,,MANUAL,MANUAL
1868605,658207UA0A,"[301, 0]","[91, 0]",09:19:43,20260417,0.0,10821,"[15.0, 75.1, 88.0, 115.7, 16.2, 310.1]","[1, 1, 1, 1]",0.0,OK,,,None,"[1, 1, 1, 1, 1, 1]"
1868604,658207UA0A,"[300, 0]","[90, 0]",09:19:38,20260417,0.0,10821,"[15.6, 75.3, 88.0, 116.3, 16.3, 311.4]","[1, 1, 1, 1]",0.0,OK,,,None,"[1, 1, 1, 1, 1, 1]"
1868603,658207UA0A,"[299, 0]","[89, 0]",09:19:32,20260417,0.0,10821,"[15.1, 75.1, 88.1, 116.0, 16.3, 310.7]","[1, 1, 1, 1]",0.0,OK,,,None,"[1, 1, 1, 1, 1, 1]"
1868602,658207UA0A,"[298, 0]","[88, 0]",09:19:27,20260417,0.0,10821,"[15.5, 75.3, 88.1, 116.5, 16.2, 311.6]","[1, 1, 1, 1]",0.0,OK,,,None,"[1, 1, 1, 1, 1, 1]"
1868601,658207UA0A,"[297, 0]","[87, 0]",09:19:21,20260417,0.0,10821,"[15.3, 75.6, 87.7, 115.9, 16.4, 310.8]","[1, 1, 1, 1]",0.0,OK,,,None,"[1, 1, 1, 1, 1, 1]"
1868600,8462284S00,"[790, 6]","[188, 1]",09:19:19,20260417,0.0,10823,"[12.4, 127.6, 127.6, 128.1, 128.1, 128.4, 127.3, 12.7, 792.1]",None,0.0,OK,None,7,00024533,"[1, 1, 1, 1, 1, 1, 1, 1, 1]"
1868599,658207UA0A,"[296, 0]","[86, 0]",09:19:16,20260417,0.0,10821,"[16.0, 75.0, 88.1, 116.2, 16.3, 311.6]","[1, 1, 1, 1]",0.0,OK,,,None,"[1, 1, 1, 1, 1, 1]"
1868598,658207UA0A,"[295, 0]","[85, 0]",09:19:11,20260417,0.0,10821,"[14.8, 75.5, 88.3, 116.0, 16.7, 311.2]","[1, 1, 1, 1]",0.0,OK,,,None,"[1, 1, 1, 1, 1, 1]"
1868597,8462284S00,"[789, 6]","[187, 1]",09:19:08,20260417,0.0,10823,"[11.8, 127.6, 127.8, 128.1, 128.4, 128.1, 127.4, 12.9, 792.1]",None,0.0,OK,None,7,00024533,"[1, 1, 1, 1, 1, 1, 1, 1, 1]"
1868596,658207UA0A,"[294, 0]","[84, 0]",09:19:06,20260417,0.0,10821,"[15.4, 75.1, 88.0, 116.2, 16.5, 311.2]","[1, 1, 1, 1]",0.0,OK,,,None,"[1, 1, 1, 1, 1, 1]"
1868594,808397UA0A,"[97, 4]","[25, 0]",09:19:04,20260417,0.0,10819,"[15.8, 123.2, 120.6, 80.8, 80.8, 121.8, 123.4, 15.0, 37.4, 40.3]",None,0.0,OK,,,None,"[1, 1, 1, 1, 1, 1, 1, 1, 1, 1]"
1868593,808397UA0A,"[97, 4]","[25, 0]",09:19:04,20260417,0.0,10819,"[16.0, 123.0, 121.2, 80.6, 80.6, 122.0, 123.0, 15.8, 38.4, 40.5]",None,0.0,OK,,,None,"[1, 1, 1, 1, 1, 1, 1, 1, 1, 1]"
1868591,808397UA0A,"[97, 4]","[25, 0]",09:19:03,20260417,0.0,10819,"[15.4, 123.4, 121.0, 80.8, 80.8, 122.0, 123.6, 15.6, 35.3, 40.9]",None,0.0,OK,,,None,"[1, 1, 1, 1, 1, 1, 1, 1, 1, 1]"
1868590,808397UA0A,"[97, 4]","[25, 0]",09:19:03,20260417,0.0,10819,"[15.4, 123.2, 121.6, 80.4, 81.0, 122.2, 123.2, 15.8, 36.3, 41.1]",None,0.0,OK,,,None,"[1, 1, 1, 1, 1, 1, 1, 1, 1, 1]"
1868589,808397UA0A,"[97, 4]","[25, 0]",09:19:03,20260417,0.0,10819,"[16.0, 122.6, 121.6, 80.0, 80.4, 121.4, 122.8, 15.4, 36.3, 41.1]",None,0.0,OK,,,None,"[1, 1, 1, 1, 1, 1, 1, 1, 1, 1]"
1868588,658207UA0A,"[293, 0]","[83, 0]",09:19:01,20260417,0.0,10821,"[15.5, 74.7, 88.4, 116.2, 15.9, 310.7]","[1, 1, 1, 1]",0.0,OK,,,None,"[1, 1, 1, 1, 1, 1]"
1868592,82832W080PKENGEN,"[304, 0]","[79, 0]",09:19:00,20260417,0.0,None,MANUAL,MANUAL,0.0,MANUAL,MANUAL,,MANUAL,MANUAL
1868595,8462284S00,"[788, 6]","[186, 1]",09:18:58,20260417,0.0,10823,"[12.2, 127.4, 127.8, 128.1, 128.4, 128.6, 127.4, 12.5, 792.4]",None,0.0,OK,None,7,00024533,"[1, 1, 1, 1, 1, 1, 1, 1, 1]"
1868587,658207UA0A,"[292, 0]","[82, 0]",09:18:56,20260417,0.0,10821,"[15.2, 75.1, 88.6, 116.2, 15.9, 311.0]","[1, 1, 1, 1]",0.0,OK,,,None,"[1, 1, 1, 1, 1, 1]"
1868586,658207UA0A,"[291, 0]","[81, 0]",09:18:51,20260417,0.0,10821,"[15.1, 75.1, 88.3, 116.3, 16.6, 311.4]","[1, 1, 1, 1]",0.0,OK,,,None,"[1, 1, 1, 1, 1, 1]"
1868585,8462284S00,"[787, 6]","[185, 1]",09:18:47,20260417,0.0,10823,"[12.3, 127.4, 127.8, 127.9, 128.6, 128.4, 127.0, 12.7, 792.0]",None,0.0,OK,None,7,00024533,"[1, 1, 1, 1, 1, 1, 1, 1, 1]"
1868584,8462284S00,"[786, 6]","[184, 1]",09:18:37,20260417,0.0,10823,"[12.2, 127.4, 127.8, 128.4, 128.3, 128.1, 127.4, 12.5, 792.0]",None,0.0,OK,None,7,00024533,"[1, 1, 1, 1, 1, 1, 1, 1, 1]"
1868583,8462284S00,"[785, 6]","[183, 1]",09:18:27,20260417,0.0,10823,"[12.1, 127.4, 127.8, 128.2, 128.6, 128.2, 126.8, 13.1, 792.2]",None,0.0,OK,None,7,00024533,"[1, 1, 1, 1, 1, 1, 1, 1, 1]"
1868582,8462284S00,"[784, 6]","[182, 1]",09:18:17,20260417,0.0,10823,"[11.9, 127.3, 127.8, 128.6, 127.8, 128.1, 127.0, 12.4, 790.7]",None,0.0,OK,None,7,00024533,"[1, 1, 1, 1, 1, 1, 1, 1, 1]"
1868581,8462284S00,"[783, 6]","[181, 1]",09:17:56,20260417,0.0,10823,"[12.4, 127.6, 127.9, 128.2, 128.4, 128.4, 127.3, 13.1, 793.3]",None,0.0,OK,None,7,00024533,"[1, 1, 1, 1, 1, 1, 1, 1, 1]"
1868580,658207UA0A,"[290, 0]","[80, 0]",09:17:16,20260417,0.0,10821,"[15.3, 75.1, 88.1, 116.2, 16.2, 310.9]","[1, 1, 1, 1]",0.0,OK,,,None,"[1, 1, 1, 1, 1, 1]"
1868579,8462284S00,"[782, 6]","[180, 1]",09:17:10,20260417,0.0,10823,"[12.1, 127.1, 128.4, 128.2, 128.4, 128.4, 127.6, 12.2, 792.4]",None,0.0,OK,None,7,00024533,"[1, 1, 1, 1, 1, 1, 1, 1, 1]"
1868578,658207UA0A,"[289, 0]","[79, 0]",09:17:10,20260417,0.0,10821,"[15.7, 75.0, 88.1, 116.3, 16.0, 311.2]","[1, 1, 1, 1]",0.0,OK,,,None,"[1, 1, 1, 1, 1, 1]"
1868577,658207UA0A,"[288, 0]","[78, 0]",09:17:06,20260417,0.0,10821,"[15.5, 75.3, 88.3, 115.9, 16.3, 311.2]","[1, 1, 1, 1]",0.0,OK,,,None,"[1, 1, 1, 1, 1, 1]"
1868576,8462284S00,"[781, 6]","[179, 1]",09:17:02,20260417,0.0,10823,"[12.7, 127.3, 127.8, 128.7, 128.2, 128.2, 128.1, 12.3, 793.3]",None,0.0,OK,None,7,00024533,"[1, 1, 1, 1, 1, 1, 1, 1, 1]"
1868575,658207UA0A,"[287, 0]","[77, 0]",09:16:58,20260417,0.0,10821,"[15.9, 75.3, 88.0, 116.3, 15.8, 311.3]","[1, 1, 1, 1]",0.0,OK,,,None,"[1, 1, 1, 1, 1, 1]"
1868574,82832W080PKENGEN,"[305, 0]","[80, 0]",09:16:57,20260417,0.0,None,"[27.3, 37.1, 38.5, 52.3, 61.5, 78.5, 97.5, 97.6, 86.8, 85.2, 13.6]",None,0.0,OK,None,,Null,"[1, 1, 1, 1, 1, 1, 1, 1, 1, 1, 1]"
1868573,658207UA0A,"[286, 0]","[76, 0]",09:16:51,20260417,0.0,10821,"[16.0, 75.0, 88.1, 116.3, 16.0, 311.3]","[1, 1, 1, 1]",0.0,OK,,,None,"[1, 1, 1, 1, 1, 1]"
1868571,658207UA0A,"[285, 0]","[75, 0]",09:16:46,20260417,0.0,10821,"[15.8, 75.0, 88.3, 116.3, 15.5, 310.9]","[1, 1, 1, 1]",0.0,OK,,,None,"[1, 1, 1, 1, 1, 1]"
1868572,8462284S00,"[780, 6]","[178, 1]",09:16:45,20260417,0.0,10823,"[12.1, 127.4, 127.4, 128.2, 128.2, 128.1, 127.6, 12.1, 791.2]",None,0.0,OK,None,7,00024533,"[1, 1, 1, 1, 1, 1, 1, 1, 1]"
1868570,808387UA0A,"[91, 7]","[5, 0]",09:16:45,20260417,0.0,10819,"[14.8, 122.2, 121.2, 80.4, 79.4, 123.2, 122.8, 14.6, 37.4, 40.3]",None,0.0,OK,,,None,"[1, 1, 1, 1, 1, 1, 1, 1, 1, 1]"
1868569,808387UA0A,"[91, 7]","[5, 0]",09:16:45,20260417,0.0,10819,"[15.2, 122.0, 121.2, 80.4, 79.8, 122.8, 123.2, 14.2, 37.1, 40.3]",None,0.0,OK,,,None,"[1, 1, 1, 1, 1, 1, 1, 1, 1, 1]"
1868566,808387UA0A,"[91, 7]","[5, 0]",09:16:44,20260417,0.0,10819,"[14.6, 122.4, 121.6, 80.4, 79.4, 123.8, 122.4, 14.6, 37.8, 40.3]",None,0.0,OK,,,None,"[1, 1, 1, 1, 1, 1, 1, 1, 1, 1]"
1868567,808387UA0A,"[91, 7]","[5, 0]",09:16:44,20260417,0.0,10819,"[15.0, 122.0, 121.4, 80.4, 79.6, 122.8, 123.2, 14.0, 36.4, 40.1]",None,0.0,OK,,,None,"[1, 1, 1, 1, 1, 1, 1, 1, 1, 1]"
1868568,808387UA0A,"[91, 7]","[5, 0]",09:16:44,20260417,0.0,10819,"[14.8, 122.0, 121.8, 80.0, 80.0, 123.0, 123.0, 14.2, 37.2, 40.5]",None,0.0,OK,,,None,"[1, 1, 1, 1, 1, 1, 1, 1, 1, 1]"
1868565,658207UA0A,"[284, 0]","[74, 0]",09:16:37,20260417,0.0,10821,"[14.9, 75.5, 88.0, 116.2, 16.2, 310.8]","[1, 1, 1, 1]",0.0,OK,,,None,"[1, 1, 1, 1, 1, 1]"
1868564,8462284S00,"[779, 6]","[177, 1]",09:16:36,20260417,0.0,10823,"[12.4, 127.1, 128.1, 127.9, 128.4, 128.1, 127.3, 12.6, 791.9]",None,0.0,OK,None,7,00024533,"[1, 1, 1, 1, 1, 1, 1, 1, 1]"
1868563,658207UA0A,"[283, 0]","[73, 0]",09:16:31,20260417,0.0,10821,"[15.4, 75.1, 88.4, 116.3, 15.8, 311.1]","[1, 1, 1, 1]",0.0,OK,,,None,"[1, 1, 1, 1, 1, 1]"
1868562,658207UA0A,"[282, 0]","[72, 0]",09:16:26,20260417,0.0,10821,"[14.9, 75.5, 88.0, 116.3, 16.2, 310.9]","[1, 1, 1, 1]",0.0,OK,,,None,"[1, 1, 1, 1, 1, 1]"
1868561,82832W080PKENGEN,"[304, 0]","[79, 0]",09:16:24,20260417,0.0,None,"[27.6, 36.8, 38.7, 52.4, 61.5, 78.1, 98.0, 97.8, 87.3, 85.0, 13.8]",None,0.0,OK,None,,Null,"[1, 1, 1, 1, 1, 1, 1, 1, 1, 1, 1]"
1868560,658207UA0A,"[281, 0]","[71, 0]",09:16:21,20260417,0.0,10821,"[15.6, 75.6, 88.1, 116.2, 16.1, 311.7]","[1, 1, 1, 1]",0.0,OK,,,None,"[1, 1, 1, 1, 1, 1]"
1868559,658207UA0A,"[280, 0]","[70, 0]",09:16:16,20260417,0.0,10821,"[15.2, 75.1, 88.3, 116.0, 16.7, 311.4]","[1, 1, 1, 1]",0.0,OK,,,None,"[1, 1, 1, 1, 1, 1]"
1868558,658207UA0A,"[279, 0]","[69, 0]",09:16:10,20260417,0.0,10821,"[15.7, 75.3, 88.1, 116.2, 16.1, 311.3]","[1, 1, 1, 1]",0.0,OK,,,None,"[1, 1, 1, 1, 1, 1]"
1868557,658207UA0A,"[278, 0]","[68, 0]",09:16:05,20260417,0.0,10821,"[15.5, 75.3, 87.8, 116.3, 16.0, 311.0]","[1, 1, 1, 1]",0.0,OK,,,None,"[1, 1, 1, 1, 1, 1]"
1868556,658207UA0A,"[277, 0]","[67, 0]",09:16:00,20260417,0.0,10821,"[15.2, 75.4, 88.3, 116.2, 15.9, 311.0]","[1, 1, 1, 1]",0.0,OK,,,None,"[1, 1, 1, 1, 1, 1]"
1868555,82832W080PKENGEN,"[303, 0]","[78, 0]",09:15:59,20260417,0.0,None,"[27.6, 36.9, 38.2, 52.1, 61.8, 77.7, 97.6, 98.0, 86.9, 85.0, 13.4]",None,0.0,OK,None,,Null,"[1, 1, 1, 1, 1, 1, 1, 1, 1, 1, 1]"
1868554,658207UA0A,"[276, 0]","[66, 0]",09:15:55,20260417,0.0,10821,"[15.3, 75.4, 88.1, 116.0, 16.3, 311.2]","[1, 1, 1, 1]",0.0,OK,,,None,"[1, 1, 1, 1, 1, 1]"
1868553,8462284S00,"[778, 6]","[176, 1]",09:15:48,20260417,0.0,10823,"[12.5, 127.6, 127.4, 128.2, 128.2, 128.4, 127.4, 12.3, 792.1]",None,0.0,OK,None,7,00024533,"[1, 1, 1, 1, 1, 1, 1, 1, 1]"
1868552,658207UA0A,"[275, 0]","[65, 0]",09:15:47,20260417,0.0,10821,"[15.3, 75.3, 88.1, 116.2, 15.8, 310.7]","[1, 1, 1, 1]",0.0,OK,,,None,"[1, 1, 1, 1, 1, 1]"
1868551,658207UA0A,"[274, 0]","[64, 0]",09:15:41,20260417,0.0,10821,"[15.4, 75.6, 88.3, 116.0, 16.0, 311.3]","[1, 1, 1, 1]",0.0,OK,,,None,"[1, 1, 1, 1, 1, 1]"
1868550,8462284S00,"[777, 6]","[175, 1]",09:15:37,20260417,0.0,10823,"[12.3, 127.1, 127.9, 128.1, 128.4, 128.2, 127.4, 12.4, 791.8]",None,0.0,OK,None,7,00024533,"[1, 1, 1, 1, 1, 1, 1, 1, 1]"
1868549,82832W080PKENGEN,"[302, 0]","[77, 0]",09:15:35,20260417,0.0,None,"[27.5, 36.8, 38.5, 52.6, 61.4, 77.8, 98.0, 98.0, 86.9, 85.3, 13.4]",None,0.0,OK,None,,Null,"[1, 1, 1, 1, 1, 1, 1, 1, 1, 1, 1]"
1868548,8462284S00,"[776, 6]","[174, 1]",09:15:26,20260417,0.0,10823,"[12.3, 127.3, 127.6, 128.1, 128.4, 128.2, 127.4, 12.7, 792.1]",None,0.0,OK,None,7,00024533,"[1, 1, 1, 1, 1, 1, 1, 1, 1]"
1868547,658207UA0A,"[273, 0]","[63, 0]",09:15:25,20260417,0.0,10821,"[16.0, 75.3, 88.1, 116.2, 15.8, 311.4]","[1, 1, 1, 1]",0.0,OK,,,None,"[1, 1, 1, 1, 1, 1]"
1868546,658207UA0A,"[272, 0]","[62, 0]",09:15:20,20260417,0.0,10821,"[15.1, 75.0, 88.3, 115.9, 16.8, 311.0]","[1, 1, 1, 1]",0.0,OK,,,None,"[1, 1, 1, 1, 1, 1]"
1868545,8462284S00,"[775, 6]","[173, 1]",09:15:17,20260417,0.0,10823,"[12.2, 127.3, 127.8, 128.3, 128.4, 128.2, 127.4, 12.7, 792.3]",None,0.0,OK,None,7,00024533,"[1, 1, 1, 1, 1, 1, 1, 1, 1]"
1868544,658207UA0A,"[271, 0]","[61, 0]",09:15:15,20260417,0.0,10821,"[15.5, 75.3, 88.3, 115.9, 16.0, 311.0]","[1, 1, 1, 1]",0.0,OK,,,None,"[1, 1, 1, 1, 1, 1]"
1868543,8462284S00,"[774, 6]","[172, 1]",09:15:08,20260417,0.0,10823,"[11.7, 128.2, 127.9, 128.2, 128.6, 128.6, 127.4, 12.9, 793.5]",None,0.0,OK,None,7,00024533,"[1, 1, 1, 1, 1, 1, 1, 1, 1]"
1868542,82832W080PKENGEN,"[301, 0]","[76, 0]",09:15:05,20260417,0.0,None,"[27.5, 37.1, 38.4, 52.3, 61.7, 78.0, 97.5, 97.3, 86.9, 85.0, 13.8]",None,0.0,OK,None,,Null,"[1, 1, 1, 1, 1, 1, 1, 1, 1, 1, 1]"
1868541,82832W080PKENGEN,"[300, 0]","[75, 0]",09:14:33,20260417,0.0,None,"[27.6, 37.1, 38.7, 52.3, 61.5, 78.0, 98.0, 97.8, 87.1, 84.7, 13.4]",None,0.0,OK,None,,Null,"[1, 1, 1, 1, 1, 1, 1, 1, 1, 1, 1]"
1868540,82832W080PKENGEN,"[299, 0]","[74, 0]",09:13:59,20260417,0.0,None,"[27.6, 37.1, 38.7, 52.3, 61.7, 78.0, 98.0, 98.1, 87.4, 84.9, 13.8]",None,0.0,OK,None,,Null,"[1, 1, 1, 1, 1, 1, 1, 1, 1, 1, 1]"
1868539,82832W080PKENGEN,"[298, 0]","[73, 0]",09:13:25,20260417,0.0,None,"[27.5, 37.2, 38.5, 52.1, 61.5, 77.8, 97.6, 97.8, 86.9, 85.2, 13.6]",None,0.0,OK,None,,Null,"[1, 1, 1, 1, 1, 1, 1, 1, 1, 1, 1]"
1868538,658207UA0A,"[270, 0]","[60, 0]",09:13:22,20260417,0.0,10821,"[14.2, 75.0, 86.7, 117.1, 16.6, 309.6]","[1, 1, 1, 1]",0.0,OK,,,None,"[1, 1, 1, 1, 1, 1]"
1868537,658207UA0A,"[269, 0]","[59, 0]",09:13:17,20260417,0.0,10821,"[15.9, 75.1, 87.7, 117.3, 15.0, 311.0]","[1, 1, 1, 1]",0.0,OK,,,None,"[1, 1, 1, 1, 1, 1]"
1868536,8462284S00,"[773, 6]","[171, 1]",09:13:15,20260417,0.0,10823,"[12.4, 127.6, 127.6, 128.2, 128.6, 128.2, 127.1, 12.8, 792.6]",None,0.0,OK,None,7,00024533,"[1, 1, 1, 1, 1, 1, 1, 1, 1]"
1868535,658207UA0A,"[268, 0]","[58, 0]",09:13:11,20260417,0.0,10821,"[15.6, 75.0, 87.8, 117.1, 15.1, 310.5]","[1, 1, 1, 1]",0.0,OK,,,None,"[1, 1, 1, 1, 1, 1]"
1868533,658207UA0A,"[267, 0]","[57, 0]",09:13:06,20260417,0.0,10821,"[15.5, 75.0, 88.3, 116.2, 16.4, 311.4]","[1, 1, 1, 1]",0.0,OK,,,None,"[1, 1, 1, 1, 1, 1]"
1868534,8462284S00,"[772, 6]","[170, 1]",09:13:06,20260417,0.0,10823,"[12.3, 127.3, 127.8, 128.1, 128.4, 127.9, 127.4, 12.6, 791.7]",None,0.0,OK,None,7,00024533,"[1, 1, 1, 1, 1, 1, 1, 1, 1]"
1868532,82832W080PKENGEN,"[297, 0]","[72, 0]",09:13:02,20260417,0.0,None,"[27.5, 37.1, 38.5, 52.1, 61.5, 77.7, 98.1, 97.6, 86.9, 84.7, 13.8]",None,0.0,OK,None,,Null,"[1, 1, 1, 1, 1, 1, 1, 1, 1, 1, 1]"
1868531,658207UA0A,"[266, 0]","[56, 0]",09:13:00,20260417,0.0,10821,"[16.0, 75.1, 88.1, 117.0, 15.5, 311.8]","[1, 1, 1, 1]",0.0,OK,,,None,"[1, 1, 1, 1, 1, 1]"
1868530,8462284S00,"[771, 6]","[169, 1]",09:12:57,20260417,0.0,10823,"[12.1, 127.9, 127.8, 128.6, 128.6, 128.4, 127.0, 12.5, 792.8]",None,0.0,OK,None,7,00024533,"[1, 1, 1, 1, 1, 1, 1, 1, 1]"
1868529,658207UA0A,"[265, 0]","[55, 0]",09:12:54,20260417,0.0,10821,"[15.9, 75.1, 88.1, 117.0, 14.7, 310.9]","[1, 1, 1, 1]",0.0,OK,,,None,"[1, 1, 1, 1, 1, 1]"
1868528,658207UA0A,"[264, 0]","[54, 0]",09:12:48,20260417,0.0,10821,"[15.6, 75.4, 87.8, 116.7, 16.1, 311.6]","[1, 1, 1, 1]",0.0,OK,,,None,"[1, 1, 1, 1, 1, 1]"
1868527,658207UA0A,"[263, 0]","[53, 0]",09:12:43,20260417,0.0,10821,"[15.6, 75.1, 88.3, 116.2, 16.2, 311.5]","[1, 1, 1, 1]",0.0,OK,,,None,"[1, 1, 1, 1, 1, 1]"
1868526,658207UA0A,"[262, 0]","[52, 0]",09:12:37,20260417,0.0,10821,"[15.2, 74.8, 88.3, 115.9, 15.4, 309.6]","[1, 1, 1, 1]",0.0,OK,,,None,"[1, 1, 1, 1, 1, 1]"
1868525,658207UA0A,"[261, 0]","[51, 0]",09:12:32,20260417,0.0,10821,"[14.9, 75.6, 88.0, 116.0, 16.3, 310.8]","[1, 1, 1, 1]",0.0,OK,,,None,"[1, 1, 1, 1, 1, 1]"
1868524,658207UA0A,"[260, 0]","[50, 0]",09:12:26,20260417,0.0,10821,"[15.1, 75.6, 87.8, 116.0, 16.4, 310.9]","[1, 1, 1, 1]",0.0,OK,,,None,"[1, 1, 1, 1, 1, 1]"
1868523,82832W080PKENGEN,"[296, 0]","[71, 0]",09:12:21,20260417,0.0,None,"[27.5, 36.9, 38.5, 52.3, 61.7, 77.7, 97.6, 97.6, 86.8, 85.2, 13.6]",None,0.0,OK,None,,Null,"[1, 1, 1, 1, 1, 1, 1, 1, 1, 1, 1]"
1868522,658207UA0A,"[259, 0]","[49, 0]",09:12:21,20260417,0.0,10821,"[14.6, 74.5, 86.9, 116.3, 17.1, 309.4]","[1, 1, 1, 1]",0.0,OK,,,None,"[1, 1, 1, 1, 1, 1]"
1868521,8462284S00,"[770, 6]","[168, 1]",09:12:17,20260417,0.0,10823,"[12.0, 127.3, 128.4, 128.1, 128.4, 128.7, 127.3, 12.8, 792.9]",None,0.0,OK,None,7,00024533,"[1, 1, 1, 1, 1, 1, 1, 1, 1]"
1868520,658207UA0A,"[258, 0]","[48, 0]",09:12:15,20260417,0.0,10821,"[15.6, 75.1, 88.3, 116.0, 15.9, 310.9]","[1, 1, 1, 1]",0.0,OK,,,None,"[1, 1, 1, 1, 1, 1]"
1868519,658207UA0A,"[257, 0]","[47, 0]",09:12:10,20260417,0.0,10821,"[15.9, 74.8, 88.0, 116.7, 15.8, 311.1]","[1, 1, 1, 1]",0.0,OK,,,None,"[1, 1, 1, 1, 1, 1]"
1868518,8462284S00,"[769, 6]","[167, 1]",09:12:06,20260417,0.0,10823,"[12.3, 127.4, 127.6, 128.2, 127.9, 128.1, 127.3, 12.5, 791.3]",None,0.0,OK,None,7,00024533,"[1, 1, 1, 1, 1, 1, 1, 1, 1]"
1868517,658207UA0A,"[256, 0]","[46, 0]",09:12:04,20260417,0.0,10821,"[15.6, 75.3, 88.1, 116.3, 16.0, 311.3]","[1, 1, 1, 1]",0.0,OK,,,None,"[1, 1, 1, 1, 1, 1]"
1868516,658207UA0A,"[255, 0]","[45, 0]",09:11:59,20260417,0.0,10821,"[15.2, 75.1, 88.1, 116.7, 15.7, 310.9]","[1, 1, 1, 1]",0.0,OK,,,None,"[1, 1, 1, 1, 1, 1]"
1868515,658207UA0A,"[254, 0]","[44, 0]",09:11:55,20260417,0.0,10821,"[15.2, 75.1, 88.1, 116.2, 15.9, 310.5]","[1, 1, 1, 1]",0.0,OK,,,None,"[1, 1, 1, 1, 1, 1]"
1868514,8462284S00,"[768, 6]","[166, 1]",09:11:52,20260417,0.0,10823,"[12.0, 127.6, 127.9, 128.1, 128.2, 128.4, 127.1, 12.4, 791.8]",None,0.0,OK,None,7,00024533,"[1, 1, 1, 1, 1, 1, 1, 1, 1]"
1868513,658207UA0A,"[253, 0]","[43, 0]",09:11:50,20260417,0.0,10821,"[15.5, 75.0, 88.0, 116.7, 16.4, 311.5]","[1, 1, 1, 1]",0.0,OK,,,None,"[1, 1, 1, 1, 1, 1]"
1868512,658207UA0A,"[252, 0]","[42, 0]",09:11:44,20260417,0.0,10821,"[15.7, 75.3, 88.1, 116.5, 16.1, 311.8]","[1, 1, 1, 1]",0.0,OK,,,None,"[1, 1, 1, 1, 1, 1]"
1868511,82832W080PKENGEN,"[295, 0]","[70, 0]",09:11:41,20260417,0.0,None,"[27.6, 37.1, 38.5, 52.3, 61.5, 77.7, 98.1, 97.8, 86.9, 84.7, 13.6]",None,0.0,OK,None,,Null,"[1, 1, 1, 1, 1, 1, 1, 1, 1, 1, 1]"
1868510,8462284S00,"[767, 6]","[165, 1]",09:11:40,20260417,0.0,10823,"[12.4, 127.4, 127.9, 127.9, 128.4, 128.2, 127.3, 12.6, 792.2]",None,0.0,OK,None,7,00024533,"[1, 1, 1, 1, 1, 1, 1, 1, 1]"
1868509,658207UA0A,"[251, 0]","[41, 0]",09:11:39,20260417,0.0,10821,"[15.2, 75.1, 88.1, 116.0, 16.0, 310.5]","[1, 1, 1, 1]",0.0,OK,,,None,"[1, 1, 1, 1, 1, 1]"
1868508,8462284S00,"[766, 6]","[164, 1]",09:11:29,20260417,0.0,10823,"[12.3, 127.4, 127.4, 128.1, 128.1, 128.6, 127.3, 12.7, 791.8]",None,0.0,OK,None,7,00024533,"[1, 1, 1, 1, 1, 1, 1, 1, 1]"
1868507,8462284S00,"[765, 6]","[163, 1]",09:11:18,20260417,0.0,10823,"[12.3, 127.3, 127.8, 128.6, 128.1, 128.1, 127.6, 12.2, 791.8]",None,0.0,OK,None,7,00024533,"[1, 1, 1, 1, 1, 1, 1, 1, 1]"
1868506,8462284S00,"[764, 6]","[162, 1]",09:11:07,20260417,0.0,10823,"[12.2, 127.8, 127.6, 128.2, 127.8, 128.4, 127.4, 12.5, 791.9]",None,0.0,OK,None,7,00024533,"[1, 1, 1, 1, 1, 1, 1, 1, 1]"
1868505,82832W080PKENGEN,"[294, 0]","[69, 0]",09:11:03,20260417,0.0,None,"[27.5, 37.1, 38.4, 52.3, 61.4, 78.1, 97.6, 97.5, 86.5, 84.9, 13.6]",None,0.0,OK,None,,Null,"[1, 1, 1, 1, 1, 1, 1, 1, 1, 1, 1]"
1868504,8462284S00,"[763, 6]","[161, 1]",09:10:56,20260417,0.0,10823,"[12.2, 127.4, 127.8, 127.8, 127.9, 128.6, 127.3, 12.4, 791.3]",None,0.0,OK,None,7,00024533,"[1, 1, 1, 1, 1, 1, 1, 1, 1]"
1868503,82832W080PKENGEN,"[293, 0]","[68, 0]",09:10:32,20260417,0.0,None,"[27.3, 37.1, 38.7, 52.3, 61.7, 78.5, 98.1, 97.6, 87.3, 84.7, 13.6]",None,0.0,OK,None,,Null,"[1, 1, 1, 1, 1, 1, 1, 1, 1, 1, 1]"
1868502,8462284S00,"[762, 6]","[160, 1]",09:10:14,20260417,0.0,10823,"[12.3, 127.4, 127.9, 128.4, 128.1, 127.9, 127.1, 12.6, 791.7]",None,0.0,OK,None,7,00024533,"[1, 1, 1, 1, 1, 1, 1, 1, 1]"
1868501,82832W080PKENGEN,"[292, 0]","[67, 0]",09:10:06,20260417,0.0,None,"[27.5, 37.1, 38.8, 51.9, 61.2, 78.0, 97.6, 97.3, 86.9, 85.0, 13.6]",None,0.0,OK,None,,Null,"[1, 1, 1, 1, 1, 1, 1, 1, 1, 1, 1]"
1868500,8462284S00,"[761, 6]","[159, 1]",09:10:03,20260417,0.0,10823,"[12.4, 127.4, 127.8, 128.1, 128.1, 128.2, 127.3, 12.5, 791.8]",None,0.0,OK,None,7,00024533,"[1, 1, 1, 1, 1, 1, 1, 1, 1]"
1868499,8462284S00,"[760, 6]","[158, 1]",09:09:51,20260417,0.0,10823,"[12.5, 127.6, 127.6, 128.1, 127.9, 128.2, 127.4, 12.6, 791.9]",None,0.0,OK,None,7,00024533,"[1, 1, 1, 1, 1, 1, 1, 1, 1]"
1868498,8462284S00,"[759, 6]","[157, 1]",09:09:38,20260417,0.0,10823,"[12.3, 127.6, 127.8, 128.3, 128.2, 128.2, 127.1, 12.6, 792.1]",None,0.0,OK,None,7,00024533,"[1, 1, 1, 1, 1, 1, 1, 1, 1]"
1868497,82832W080PKENGEN,"[291, 0]","[66, 0]",09:09:29,20260417,0.0,None,"[27.3, 36.8, 38.7, 52.3, 61.5, 78.0, 98.1, 97.6, 86.6, 84.9, 13.6]",None,0.0,OK,None,,Null,"[1, 1, 1, 1, 1, 1, 1, 1, 1, 1, 1]"
1868496,8462284S00,"[758, 6]","[156, 1]",09:09:27,20260417,0.0,10823,"[11.7, 127.3, 128.1, 126.8, 128.4, 128.6, 126.6, 12.6, 790.1]",None,0.0,OK,None,7,00024533,"[1, 1, 1, 1, 1, 1, 1, 1, 1]"
1868495,658207UA0A,"[250, 0]","[40, 0]",09:09:17,20260417,0.0,10821,"[15.5, 74.8, 88.3, 116.3, 16.1, 311.0]","[1, 1, 1, 1]",0.0,OK,,,None,"[1, 1, 1, 1, 1, 1]"
1868494,658207UA0A,"[249, 0]","[39, 0]",09:09:12,20260417,0.0,10821,"[15.2, 75.3, 88.3, 116.0, 16.5, 311.4]","[1, 1, 1, 1]",0.0,OK,,,None,"[1, 1, 1, 1, 1, 1]"
1868493,658207UA0A,"[248, 0]","[38, 0]",09:09:06,20260417,0.0,10821,"[15.0, 75.0, 88.3, 116.3, 16.0, 310.6]","[1, 1, 1, 1]",0.0,OK,,,None,"[1, 1, 1, 1, 1, 1]"
1868492,8462284S00,"[757, 6]","[155, 1]",09:09:05,20260417,0.0,10823,"[12.2, 127.6, 127.6, 128.4, 128.2, 128.2, 127.3, 13.0, 792.6]",None,0.0,OK,None,7,00024533,"[1, 1, 1, 1, 1, 1, 1, 1, 1]"
1868491,658207UA0A,"[247, 0]","[37, 0]",09:09:00,20260417,0.0,10821,"[15.0, 75.0, 88.4, 115.7, 16.3, 310.5]","[1, 1, 1, 1]",0.0,OK,,,None,"[1, 1, 1, 1, 1, 1]"
1868490,82832W080PKENGEN,"[290, 0]","[65, 0]",09:08:58,20260417,0.0,None,"[27.6, 37.1, 38.4, 52.1, 61.5, 78.0, 97.8, 98.0, 86.6, 85.0, 13.6]",None,0.0,OK,None,,Null,"[1, 1, 1, 1, 1, 1, 1, 1, 1, 1, 1]"
1868489,808397UA0A,"[92, 4]","[20, 0]",09:08:56,20260417,0.0,10819,"[15.6, 123.4, 121.6, 80.2, 80.8, 121.6, 123.0, 16.0, 37.5, 40.3]",None,0.0,OK,,,None,"[1, 1, 1, 1, 1, 1, 1, 1, 1, 1]"
1868488,808397UA0A,"[92, 4]","[20, 0]",09:08:56,20260417,0.0,10819,"[15.8, 122.8, 121.6, 80.4, 80.6, 121.8, 123.2, 15.8, 37.4, 40.7]",None,0.0,OK,,,None,"[1, 1, 1, 1, 1, 1, 1, 1, 1, 1]"
1868487,658207UA0A,"[246, 0]","[36, 0]",09:08:55,20260417,0.0,10821,"[15.3, 75.5, 88.1, 116.7, 16.0, 311.6]","[1, 1, 1, 1]",0.0,OK,,,None,"[1, 1, 1, 1, 1, 1]"
1868484,808397UA0A,"[92, 4]","[20, 0]",09:08:55,20260417,0.0,10819,"[16.2, 122.0, 122.8, 79.6, 80.8, 122.2, 123.4, 15.6, 36.5, 41.3]",None,0.0,OK,,,None,"[1, 1, 1, 1, 1, 1, 1, 1, 1, 1]"
1868485,808397UA0A,"[92, 4]","[20, 0]",09:08:55,20260417,0.0,10819,"[15.6, 122.8, 122.2, 79.4, 80.6, 122.0, 123.4, 15.8, 36.2, 41.5]",None,0.0,OK,,,None,"[1, 1, 1, 1, 1, 1, 1, 1, 1, 1]"
1868486,808397UA0A,"[92, 4]","[20, 0]",09:08:55,20260417,0.0,10819,"[15.6, 123.2, 121.6, 80.6, 80.8, 122.0, 123.2, 15.4, 36.5, 41.1]",None,0.0,OK,,,None,"[1, 1, 1, 1, 1, 1, 1, 1, 1, 1]"
1868483,8462284S00,"[756, 6]","[154, 1]",09:08:53,20260417,0.0,10823,"[12.3, 127.4, 127.6, 128.1, 128.2, 128.1, 127.7, 12.8, 792.1]",None,0.0,OK,None,7,00024533,"[1, 1, 1, 1, 1, 1, 1, 1, 1]"
1868482,658207UA0A,"[245, 0]","[35, 0]",09:08:47,20260417,0.0,10821,"[15.3, 75.5, 88.0, 116.5, 16.0, 311.2]","[1, 1, 1, 1]",0.0,OK,,,None,"[1, 1, 1, 1, 1, 1]"
1868481,8462284S00,"[755, 6]","[153, 1]",09:08:39,20260417,0.0,10823,"[12.5, 127.1, 127.8, 128.1, 128.1, 128.1, 127.3, 12.7, 791.5]",None,0.0,OK,None,7,00024533,"[1, 1, 1, 1, 1, 1, 1, 1, 1]"
1868480,658207UA0A,"[244, 0]","[34, 0]",09:08:33,20260417,0.0,10821,MANUAL,MANUAL,0.0,MANUAL,MANUAL,,Null,MANUAL
1868479,658207UA0A,"[244, 1]","[34, 1]",09:08:32,20260417,0.0,10821,"[14.9, 75.0, 88.1, 116.3, 16.6, 311.0]","[1, 1, 1, 1]",0.0,OK,,,None,"[1, 1, 1, 1, 1, 1]"
1868478,8462284S00,"[754, 6]","[152, 1]",09:08:28,20260417,0.0,10823,"[12.2, 127.4, 127.9, 128.2, 127.9, 127.9, 127.1, 12.5, 791.2]",None,0.0,OK,None,7,00024533,"[1, 1, 1, 1, 1, 1, 1, 1, 1]"
1868477,658207UA0A,"[243, 1]","[33, 1]",09:08:28,20260417,0.0,10821,"[0, 0, 0, 0, 0, 0]",[],0.0,NG,PART IS NOT FOUND,,None,"[0, 0, 0, 0, 0, 0]"
1868476,82832W080PKENGEN,"[289, 0]","[64, 0]",09:08:24,20260417,0.0,None,"[27.3, 36.9, 38.7, 52.1, 61.5, 78.1, 98.0, 97.8, 87.3, 85.0, 13.6]",None,0.0,OK,None,,Null,"[1, 1, 1, 1, 1, 1, 1, 1, 1, 1, 1]"
1868475,658207UA0A,"[243, 0]","[33, 0]",09:08:23,20260417,0.0,10821,"[15.6, 75.1, 88.3, 116.0, 15.9, 310.9]","[1, 1, 1, 1]",0.0,OK,,,None,"[1, 1, 1, 1, 1, 1]"
1868474,658207UA0A,"[242, 0]","[32, 0]",09:08:14,20260417,0.0,10821,"[15.3, 75.3, 88.0, 116.0, 16.3, 310.9]","[1, 1, 1, 1]",0.0,OK,,,None,"[1, 1, 1, 1, 1, 1]"
1868473,658207UA0A,"[241, 0]","[31, 0]",09:08:07,20260417,0.0,10821,"[15.5, 75.0, 88.3, 116.3, 16.0, 311.1]","[1, 1, 1, 1]",0.0,OK,,,None,"[1, 1, 1, 1, 1, 1]"
1868472,658207UA0A,"[240, 0]","[30, 0]",09:08:01,20260417,0.0,10821,"[15.4, 75.3, 87.8, 115.9, 16.7, 311.1]","[1, 1, 1, 1]",0.0,OK,,,None,"[1, 1, 1, 1, 1, 1]"
1868471,658207UA0A,"[239, 0]","[29, 0]",09:07:55,20260417,0.0,10821,"[15.4, 75.1, 88.1, 116.7, 16.0, 311.3]","[1, 1, 1, 1]",0.0,OK,,,None,"[1, 1, 1, 1, 1, 1]"
1868470,8462284S00,"[753, 6]","[151, 1]",09:07:46,20260417,0.0,10823,"[11.9, 127.4, 127.9, 128.2, 128.1, 128.1, 127.6, 12.2, 791.4]",None,0.0,OK,None,7,00024533,"[1, 1, 1, 1, 1, 1, 1, 1, 1]"
1868469,82832W080PKENGEN,"[288, 0]","[63, 0]",09:07:46,20260417,0.0,None,"[27.5, 36.9, 38.4, 52.1, 61.4, 78.3, 97.8, 98.0, 86.9, 84.7, 13.6]",None,0.0,OK,None,,Null,"[1, 1, 1, 1, 1, 1, 1, 1, 1, 1, 1]"
1868468,808387UA0A,"[86, 7]","[0, 0]",09:07:41,20260417,0.0,10819,COUNTERRESET,COUNTERRESET,0.0,COUNTERRESET,COUNTERRESET,,Null,COUNTERRESET
1868467,8462284S00,"[752, 6]","[150, 1]",09:07:35,20260417,0.0,10823,"[11.9, 127.6, 127.6, 128.4, 127.9, 128.1, 127.4, 12.9, 791.8]",None,0.0,OK,None,7,00024533,"[1, 1, 1, 1, 1, 1, 1, 1, 1]"
1868466,8462284S00,"[751, 6]","[149, 1]",09:07:24,20260417,0.0,10823,"[12.7, 127.1, 127.8, 127.7, 128.6, 128.3, 127.3, 11.9, 791.3]",None,0.0,OK,None,7,00024533,"[1, 1, 1, 1, 1, 1, 1, 1, 1]"
1868465,8462284S00,"[750, 6]","[148, 1]",09:07:13,20260417,0.0,10823,"[12.3, 127.4, 127.9, 128.2, 128.4, 128.6, 127.3, 12.4, 792.5]",None,0.0,OK,None,7,00024533,"[1, 1, 1, 1, 1, 1, 1, 1, 1]"
1868464,8462284S00,"[749, 6]","[147, 1]",09:07:02,20260417,0.0,10823,"[12.7, 127.4, 128.1, 128.2, 128.2, 127.8, 127.9, 11.6, 792.0]",None,0.0,OK,None,7,00024533,"[1, 1, 1, 1, 1, 1, 1, 1, 1]"
1868463,82832W080PKENGEN,"[287, 0]","[62, 0]",09:07:00,20260417,0.0,None,"[27.6, 36.6, 38.5, 52.3, 61.4, 78.3, 98.0, 97.8, 86.8, 85.2, 13.6]",None,0.0,OK,None,,Null,"[1, 1, 1, 1, 1, 1, 1, 1, 1, 1, 1]"
1868462,8462284S00,"[748, 6]","[146, 1]",09:06:52,20260417,0.0,10823,"[12.0, 127.8, 128.1, 128.6, 128.1, 128.4, 127.4, 12.6, 793.0]",None,0.0,OK,None,7,00024533,"[1, 1, 1, 1, 1, 1, 1, 1, 1]"
1868461,808387UA0A,"[86, 7]","[16, 0]",09:06:50,20260417,0.0,10819,"[14.8, 122.0, 121.4, 80.0, 79.8, 123.2, 123.0, 14.4, 37.4, 40.9]",None,0.0,OK,,,None,"[1, 1, 1, 1, 1, 1, 1, 1, 1, 1]"
1868460,808387UA0A,"[86, 7]","[16, 0]",09:06:50,20260417,0.0,10819,None,None,0.0,NOPART,None,,None,None
1868459,808387UA0A,"[86, 7]","[16, 0]",09:06:50,20260417,0.0,10819,None,None,0.0,NOPART,None,,None,None
1868458,808387UA0A,"[86, 7]","[16, 0]",09:06:50,20260417,0.0,10819,None,None,0.0,NOPART,None,,None,None
1868457,808387UA0A,"[86, 7]","[16, 0]",09:06:50,20260417,0.0,10819,None,None,0.0,NOPART,None,,None,None
1868456,8462284S00,"[747, 6]","[145, 1]",09:06:36,20260417,0.0,10823,"[13.0, 127.0, 127.9, 127.8, 128.6, 128.4, 127.3, 12.6, 792.5]",None,0.0,OK,None,7,00024533,"[1, 1, 1, 1, 1, 1, 1, 1, 1]"
1868454,658207UA0A,"[238, 0]","[28, 0]",09:06:26,20260417,0.0,10821,"[15.2, 75.0, 88.0, 116.2, 16.5, 310.8]","[1, 1, 1, 1]",0.0,OK,,,None,"[1, 1, 1, 1, 1, 1]"
1868455,8462284S00,"[746, 6]","[144, 1]",09:06:25,20260417,0.0,10823,"[12.2, 127.6, 128.1, 128.4, 128.1, 128.2, 127.4, 12.6, 792.6]",None,0.0,OK,None,7,00024533,"[1, 1, 1, 1, 1, 1, 1, 1, 1]"
1868453,82832W080PKENGEN,"[286, 0]","[61, 0]",09:06:21,20260417,0.0,None,"[27.6, 36.8, 38.5, 52.4, 61.4, 78.0, 98.0, 97.8, 86.8, 84.9, 13.6]",None,0.0,OK,None,,Null,"[1, 1, 1, 1, 1, 1, 1, 1, 1, 1, 1]"
1868452,658207UA0A,"[237, 0]","[27, 0]",09:06:21,20260417,0.0,10821,"[14.8, 75.4, 88.1, 116.0, 16.1, 310.5]","[1, 1, 1, 1]",0.0,OK,,,None,"[1, 1, 1, 1, 1, 1]"
1868450,658207UA0A,"[236, 0]","[26, 0]",09:06:17,20260417,0.0,10821,"[15.6, 75.1, 88.0, 116.3, 16.3, 311.3]","[1, 1, 1, 1]",0.0,OK,,,None,"[1, 1, 1, 1, 1, 1]"
1868451,8462284S00,"[745, 6]","[143, 1]",09:06:15,20260417,0.0,10823,"[12.2, 127.6, 127.6, 128.1, 127.8, 128.7, 127.3, 12.5, 791.7]",None,0.0,OK,None,7,00024533,"[1, 1, 1, 1, 1, 1, 1, 1, 1]"
1868449,658207UA0A,"[235, 0]","[25, 0]",09:06:12,20260417,0.0,10821,"[15.4, 75.0, 88.3, 115.9, 15.8, 310.3]","[1, 1, 1, 1]",0.0,OK,,,None,"[1, 1, 1, 1, 1, 1]"
1868448,658207UA0A,"[234, 0]","[24, 0]",09:06:07,20260417,0.0,10821,"[15.3, 75.0, 88.4, 115.9, 15.9, 310.5]","[1, 1, 1, 1]",0.0,OK,,,None,"[1, 1, 1, 1, 1, 1]"
1868447,8462284S00,"[744, 6]","[142, 1]",09:06:05,20260417,0.0,10823,"[12.2, 127.4, 128.1, 128.1, 128.1, 128.1, 127.0, 12.2, 791.1]",None,0.0,OK,None,7,00024533,"[1, 1, 1, 1, 1, 1, 1, 1, 1]"
1868446,658207UA0A,"[233, 0]","[23, 0]",09:06:02,20260417,0.0,10821,"[14.9, 75.1, 87.7, 115.5, 16.8, 310.0]","[1, 1, 1, 1]",0.0,OK,,,None,"[1, 1, 1, 1, 1, 1]"
1868444,658207UA0A,"[232, 0]","[22, 0]",09:05:57,20260417,0.0,10821,"[15.3, 75.3, 88.3, 116.7, 15.2, 310.7]","[1, 1, 1, 1]",0.0,OK,,,None,"[1, 1, 1, 1, 1, 1]"
1868445,8462284S00,"[743, 6]","[141, 1]",09:05:56,20260417,0.0,10823,"[12.3, 127.3, 127.9, 128.1, 127.8, 128.1, 127.6, 12.6, 791.7]",None,0.0,OK,None,7,00024533,"[1, 1, 1, 1, 1, 1, 1, 1, 1]"
1868443,658207UA0A,"[231, 0]","[21, 0]",09:05:53,20260417,0.0,10821,"[15.3, 75.0, 88.4, 116.3, 16.0, 311.0]","[1, 1, 1, 1]",0.0,OK,,,None,"[1, 1, 1, 1, 1, 1]"
1868442,8462284S00,"[742, 6]","[140, 1]",09:05:21,20260417,0.0,10823,"[12.5, 127.3, 127.9, 127.9, 128.1, 128.2, 127.1, 12.5, 791.6]",None,0.0,OK,None,7,00024533,"[1, 1, 1, 1, 1, 1, 1, 1, 1]"
1868441,8462284S00,"[741, 6]","[139, 1]",09:05:10,20260417,0.0,10823,"[12.4, 127.3, 127.9, 126.5, 128.9, 128.6, 127.0, 12.1, 790.7]",None,0.0,OK,None,7,00024533,"[1, 1, 1, 1, 1, 1, 1, 1, 1]"
1868439,808397UA0A,"[87, 4]","[15, 0]",09:05:02,20260417,0.0,10819,"[15.8, 123.0, 122.4, 80.0, 80.8, 122.0, 123.0, 16.0, 36.9, 40.1]",None,0.0,OK,,,None,"[1, 1, 1, 1, 1, 1, 1, 1, 1, 1]"
1868437,808397UA0A,"[87, 4]","[15, 0]",09:05:02,20260417,0.0,10819,"[16.2, 122.8, 122.2, 79.8, 80.4, 121.8, 123.0, 15.6, 36.1, 41.3]",None,0.0,OK,,,None,"[1, 1, 1, 1, 1, 1, 1, 1, 1, 1]"
1868438,808397UA0A,"[87, 4]","[15, 0]",09:05:02,20260417,0.0,10819,"[15.4, 123.2, 121.8, 79.8, 80.6, 122.2, 123.2, 15.6, 36.5, 40.9]",None,0.0,OK,,,None,"[1, 1, 1, 1, 1, 1, 1, 1, 1, 1]"
1868440,808397UA0A,"[87, 4]","[15, 0]",09:05:02,20260417,0.0,10819,"[15.8, 123.0, 121.8, 80.0, 80.8, 122.0, 123.0, 15.4, 36.9, 40.1]",None,0.0,OK,,,None,"[1, 1, 1, 1, 1, 1, 1, 1, 1, 1]"
1868436,808397UA0A,"[87, 4]","[15, 0]",09:05:01,20260417,0.0,10819,"[15.6, 123.0, 122.8, 79.6, 80.8, 122.2, 123.0, 14.6, 36.7, 41.3]",None,0.0,OK,,,None,"[1, 1, 1, 1, 1, 1, 1, 1, 1, 1]"
1868435,8462284S00,"[740, 6]","[138, 1]",09:05:00,20260417,0.0,10823,"[12.3, 127.3, 127.6, 128.1, 128.4, 128.4, 127.4, 12.9, 792.4]",None,0.0,OK,None,7,00024533,"[1, 1, 1, 1, 1, 1, 1, 1, 1]"
1868434,82832W080PKENGEN,"[285, 0]","[60, 0]",09:04:54,20260417,0.0,None,"[27.5, 37.1, 38.5, 52.1, 61.4, 78.0, 97.5, 98.0, 87.1, 85.0, 13.6]",None,0.0,OK,None,,Null,"[1, 1, 1, 1, 1, 1, 1, 1, 1, 1, 1]"
1868432,658207UA0A,"[230, 0]","[20, 0]",09:04:53,20260417,0.0,10821,"[15.5, 75.1, 88.0, 116.3, 16.7, 311.7]","[1, 1, 1, 1]",0.0,OK,,,None,"[1, 1, 1, 1, 1, 1]"
1868433,8462284S00,"[739, 6]","[137, 1]",09:04:50,20260417,0.0,10823,"[12.3, 127.6, 128.0, 128.6, 128.2, 127.9, 127.8, 12.6, 792.9]",None,0.0,OK,None,7,00024533,"[1, 1, 1, 1, 1, 1, 1, 1, 1]"
1868431,658207UA0A,"[229, 0]","[19, 0]",09:04:31,20260417,0.0,10821,"[15.7, 75.1, 87.8, 116.0, 16.2, 310.9]","[1, 1, 1, 1]",0.0,OK,,,None,"[1, 1, 1, 1, 1, 1]"
1868430,82832W080PKENGEN,"[284, 0]","[59, 0]",09:04:26,20260417,0.0,None,"[27.5, 37.2, 38.5, 52.4, 61.5, 78.1, 98.1, 97.8, 87.3, 84.9, 12.8]",None,0.0,OK,None,,Null,"[1, 1, 1, 1, 1, 1, 1, 1, 1, 1, 1]"
1868429,658207UA0A,"[228, 0]","[18, 0]",09:04:26,20260417,0.0,10821,"[15.9, 75.3, 88.1, 116.0, 16.1, 311.4]","[1, 1, 1, 1]",0.0,OK,,,None,"[1, 1, 1, 1, 1, 1]"
1868428,658207UA0A,"[227, 0]","[17, 0]",09:04:19,20260417,0.0,10821,"[11.9, 75.0, 88.1, 115.7, 16.8, 307.6]","[1, 1, 1, 1]",0.0,OK,,,None,"[1, 1, 1, 1, 1, 1]"
1868427,658207UA0A,"[226, 0]","[16, 0]",09:04:11,20260417,0.0,10821,"[15.7, 75.1, 88.1, 116.2, 16.1, 311.3]","[1, 1, 1, 1]",0.0,OK,,,None,"[1, 1, 1, 1, 1, 1]"
1868426,658207UA0A,"[225, 0]","[15, 0]",09:04:07,20260417,0.0,10821,"[15.5, 75.3, 88.3, 116.3, 15.9, 311.3]","[1, 1, 1, 1]",0.0,OK,,,None,"[1, 1, 1, 1, 1, 1]"
1868425,82832W080PKENGEN,"[283, 0]","[58, 0]",09:04:04,20260417,0.0,None,"[27.5, 36.9, 38.5, 52.1, 61.5, 78.1, 97.8, 97.6, 87.3, 85.2, 13.5]",None,0.0,OK,None,,Null,"[1, 1, 1, 1, 1, 1, 1, 1, 1, 1, 1]"
1868424,658207UA0A,"[224, 0]","[14, 0]",09:04:02,20260417,0.0,10821,"[15.6, 75.1, 88.4, 116.0, 15.6, 310.8]","[1, 1, 1, 1]",0.0,OK,,,None,"[1, 1, 1, 1, 1, 1]"
1868423,658207UA0A,"[223, 0]","[13, 0]",09:03:56,20260417,0.0,10821,"[14.8, 75.1, 88.3, 116.0, 15.6, 309.8]","[1, 1, 1, 1]",0.0,OK,,,None,"[1, 1, 1, 1, 1, 1]"
1868422,658207UA0A,"[222, 0]","[12, 0]",09:03:51,20260417,0.0,10821,"[15.9, 75.1, 88.4, 116.2, 15.7, 311.3]","[1, 1, 1, 1]",0.0,OK,,,None,"[1, 1, 1, 1, 1, 1]"
1868420,658207UA0A,"[221, 0]","[11, 0]",09:03:46,20260417,0.0,10821,"[15.4, 75.0, 88.3, 115.9, 16.1, 310.6]","[1, 1, 1, 1]",0.0,OK,,,None,"[1, 1, 1, 1, 1, 1]"
1868421,82832W080PKENGEN,"[282, 0]","[57, 0]",09:03:45,20260417,0.0,None,"[27.5, 37.2, 38.8, 52.4, 61.5, 78.1, 97.8, 97.8, 86.8, 84.9, 13.6]",None,0.0,OK,None,,Null,"[1, 1, 1, 1, 1, 1, 1, 1, 1, 1, 1]"
1868419,658207UA0A,"[220, 0]","[10, 0]",09:03:39,20260417,0.0,10821,"[15.6, 74.8, 88.3, 116.0, 15.9, 310.6]","[1, 1, 1, 1]",0.0,OK,,,None,"[1, 1, 1, 1, 1, 1]"
1868418,658207UA0A,"[219, 0]","[9, 0]",09:03:34,20260417,0.0,10821,"[16.4, 75.1, 88.4, 116.5, 16.0, 312.5]","[1, 1, 1, 1]",0.0,OK,,,None,"[1, 1, 1, 1, 1, 1]"
1868417,658207UA0A,"[218, 0]","[8, 0]",09:03:29,20260417,0.0,10821,"[15.6, 75.3, 88.1, 116.7, 16.0, 311.7]","[1, 1, 1, 1]",0.0,OK,,,None,"[1, 1, 1, 1, 1, 1]"
1868416,808387UA0A,"[85, 7]","[15, 0]",09:03:29,20260417,0.0,10819,"[15.0, 121.8, 121.4, 80.4, 80.0, 122.8, 123.2, 14.8, 36.9, 40.9]",None,0.0,OK,,,None,"[1, 1, 1, 1, 1, 1, 1, 1, 1, 1]"
1868415,808387UA0A,"[85, 7]","[15, 0]",09:03:29,20260417,0.0,10819,None,None,0.0,NOPART,None,,None,None
1868414,808387UA0A,"[85, 7]","[15, 0]",09:03:29,20260417,0.0,10819,None,None,0.0,NOPART,None,,None,None
1868413,808387UA0A,"[85, 7]","[15, 0]",09:03:29,20260417,0.0,10819,None,None,0.0,NOPART,None,,None,None
1868412,808387UA0A,"[85, 7]","[15, 0]",09:03:29,20260417,0.0,10819,None,None,0.0,NOPART,None,,None,None
1868411,808387UA0A,"[84, 7]","[14, 0]",09:03:27,20260417,0.0,10819,MANUAL,MANUAL,0.0,MANUAL,MANUAL,,MANUAL,MANUAL
1868410,658207UA0A,"[217, 0]","[7, 0]",09:03:22,20260417,0.0,10821,"[15.1, 75.8, 88.0, 116.0, 16.2, 311.0]","[1, 1, 1, 1]",0.0,OK,,,None,"[1, 1, 1, 1, 1, 1]"
1868409,82832W080PKENGEN,"[281, 0]","[56, 0]",09:03:20,20260417,0.0,None,"[27.8, 37.1, 38.5, 52.6, 61.8, 78.3, 98.3, 98.1, 86.9, 85.0, 13.8]",None,0.0,OK,None,,Null,"[1, 1, 1, 1, 1, 1, 1, 1, 1, 1, 1]"
1868408,658207UA0A,"[216, 0]","[6, 0]",09:03:16,20260417,0.0,10821,"[14.7, 75.9, 87.8, 116.0, 16.6, 311.1]","[1, 1, 1, 1]",0.0,OK,,,None,"[1, 1, 1, 1, 1, 1]"
1868407,658207UA0A,"[215, 0]","[5, 0]",09:03:10,20260417,0.0,10821,"[15.6, 75.1, 88.6, 116.3, 15.8, 311.4]","[1, 1, 1, 1]",0.0,OK,,,None,"[1, 1, 1, 1, 1, 1]"
1868406,658207UA0A,"[214, 0]","[4, 0]",09:03:03,20260417,0.0,10821,"[15.6, 75.1, 88.0, 116.2, 16.4, 311.3]","[1, 1, 1, 1]",0.0,OK,,,None,"[1, 1, 1, 1, 1, 1]"
1868405,82832W080PKENGEN,"[280, 0]","[55, 0]",09:02:58,20260417,0.0,None,"[27.6, 37.1, 38.5, 52.1, 61.4, 78.1, 98.1, 98.0, 87.1, 85.0, 13.8]",None,0.0,OK,None,,Null,"[1, 1, 1, 1, 1, 1, 1, 1, 1, 1, 1]"
1868404,658207UA0A,"[213, 0]","[3, 0]",09:02:57,20260417,0.0,10821,"[15.1, 75.5, 87.8, 115.9, 16.7, 310.9]","[1, 1, 1, 1]",0.0,OK,,,None,"[1, 1, 1, 1, 1, 1]"
1868403,658207UA0A,"[212, 0]","[2, 0]",09:02:51,20260417,0.0,10821,"[15.6, 75.0, 88.3, 116.2, 16.0, 311.1]","[1, 1, 1, 1]",0.0,OK,,,None,"[1, 1, 1, 1, 1, 1]"
1868402,82832W080PKENGEN,"[279, 0]","[54, 0]",09:02:35,20260417,0.0,None,"[27.6, 37.1, 38.8, 52.4, 61.8, 78.1, 98.0, 98.0, 86.8, 84.7, 13.6]",None,0.0,OK,None,,Null,"[1, 1, 1, 1, 1, 1, 1, 1, 1, 1, 1]"
1868401,658207UA0A,"[211, 0]","[1, 0]",09:02:34,20260417,0.0,10821,"[15.3, 75.3, 87.8, 116.5, 16.7, 311.6]","[1, 1, 1, 1]",0.0,OK,,,None,"[1, 1, 1, 1, 1, 1]"
1868400,808387UA0A,"[84, 8]","[14, 1]",09:02:27,20260417,0.0,10819,"[15.2, 122.0, 121.2, 80.2, 79.2, 123.4, 123.0, 14.4, 37.0, 41.1]",None,0.0,OK,,,None,"[1, 1, 1, 1, 1, 1, 1, 1, 1, 1]"
1868399,808387UA0A,"[84, 8]","[14, 1]",09:02:27,20260417,0.0,10819,"[14.8, 122.0, 121.2, 80.4, 79.8, 123.2, 123.0, 14.4, 36.5, 40.7]",None,0.0,OK,,,None,"[1, 1, 1, 1, 1, 1, 1, 1, 1, 1]"
1868398,808387UA0A,"[84, 8]","[14, 1]",09:02:26,20260417,0.0,10819,"[14.8, 121.8, 121.2, 80.6, 80.0, 122.6, 123.0, 14.6, 30.9, 46.9]",None,0.0,NG,EPTO SET POSITION NG,,None,[]
1868397,808387UA0A,"[84, 8]","[14, 1]",09:02:26,20260417,0.0,10819,"[15.2, 121.8, 121.6, 80.4, 79.4, 123.4, 123.2, 14.2, 36.5, 40.9]",None,0.0,OK,,,None,"[1, 1, 1, 1, 1, 1, 1, 1, 1, 1]"
1868396,808387UA0A,"[84, 8]","[14, 1]",09:02:26,20260417,0.0,10819,"[14.8, 122.2, 121.4, 80.4, 79.6, 123.8, 122.6, 14.8, 37.0, 40.5]",None,0.0,OK,,,None,"[1, 1, 1, 1, 1, 1, 1, 1, 1, 1]"
1868395,82832W080PKENGEN,"[278, 0]","[53, 0]",09:02:11,20260417,0.0,None,"[27.3, 36.9, 38.7, 52.6, 61.4, 78.0, 98.4, 98.0, 86.8, 85.2, 13.8]",None,0.0,OK,None,,Null,"[1, 1, 1, 1, 1, 1, 1, 1, 1, 1, 1]"
1868394,82832W080PKENGEN,"[277, 0]","[52, 0]",09:01:44,20260417,0.0,None,"[27.5, 36.9, 38.7, 52.6, 61.5, 78.1, 98.1, 97.6, 87.3, 84.9, 13.9]",None,0.0,OK,None,,Null,"[1, 1, 1, 1, 1, 1, 1, 1, 1, 1, 1]"
1868393,658207UA0A,"[210, 0]","[0, 0]",09:01:28,20260417,0.0,10821,COUNTERRESET,COUNTERRESET,0.0,COUNTERRESET,COUNTERRESET,,COUNTERRESET,COUNTERRESET
1868392,82832W080PKENGEN,"[276, 0]","[51, 0]",09:01:20,20260417,0.0,None,"[27.3, 36.9, 38.4, 52.1, 61.5, 78.1, 97.8, 98.0, 86.9, 85.0, 13.8]",None,0.0,OK,None,,Null,"[1, 1, 1, 1, 1, 1, 1, 1, 1, 1, 1]"
1868391,82832W080PKENGEN,"[275, 0]","[50, 0]",09:00:56,20260417,0.0,None,"[27.3, 37.2, 38.8, 52.1, 61.5, 78.1, 98.0, 97.8, 86.9, 85.2, 13.6]",None,0.0,OK,None,,Null,"[1, 1, 1, 1, 1, 1, 1, 1, 1, 1, 1]"
1868390,82832W080PKENGEN,"[274, 0]","[49, 0]",09:00:37,20260417,0.0,None,"[27.6, 36.9, 38.7, 52.4, 61.5, 77.8, 97.8, 97.8, 86.9, 85.2, 13.8]",None,0.0,OK,None,,Null,"[1, 1, 1, 1, 1, 1, 1, 1, 1, 1, 1]"
1868389,808397UA0A,"[82, 4]","[10, 0]",09:00:16,20260417,0.0,10819,"[15.4, 123.2, 121.8, 80.1, 81.0, 122.0, 123.4, 15.2, 37.1, 40.7]",None,0.0,OK,,,None,"[1, 1, 1, 1, 1, 1, 1, 1, 1, 1]"
1868388,808397UA0A,"[82, 4]","[10, 0]",09:00:16,20260417,0.0,10819,"[16.0, 123.2, 121.0, 80.2, 80.6, 121.6, 123.2, 15.8, 38.1, 40.7]",None,0.0,OK,,,None,"[1, 1, 1, 1, 1, 1, 1, 1, 1, 1]"
1868387,808397UA0A,"[82, 4]","[10, 0]",09:00:16,20260417,0.0,10819,"[15.6, 122.6, 121.8, 80.2, 80.6, 122.0, 122.8, 15.8, 36.3, 40.7]",None,0.0,OK,,,None,"[1, 1, 1, 1, 1, 1, 1, 1, 1, 1]"
1868386,808397UA0A,"[82, 4]","[10, 0]",09:00:15,20260417,0.0,10819,"[16.0, 123.0, 121.2, 80.0, 80.8, 121.6, 123.2, 15.8, 36.9, 41.1]",None,0.0,OK,,,None,"[1, 1, 1, 1, 1, 1, 1, 1, 1, 1]"
1868385,808397UA0A,"[82, 4]","[10, 0]",09:00:15,20260417,0.0,10819,"[16.0, 122.6, 122.2, 79.4, 80.8, 121.8, 123.0, 15.6, 37.1, 41.1]",None,0.0,OK,,,None,"[1, 1, 1, 1, 1, 1, 1, 1, 1, 1]"
1868384,82832W080PKENGEN,"[273, 0]","[48, 0]",09:00:10,20260417,0.0,None,"[27.6, 36.9, 38.2, 52.1, 61.7, 78.1, 97.6, 97.8, 86.8, 85.0, 13.8]",None,0.0,OK,None,,Null,"[1, 1, 1, 1, 1, 1, 1, 1, 1, 1, 1]"
1868383,82832W080PKENGEN,"[272, 0]","[47, 0]",08:59:34,20260417,0.0,None,"[27.5, 36.8, 38.2, 52.3, 61.4, 78.3, 97.8, 97.6, 86.9, 85.0, 13.6]",None,0.0,OK,None,,Null,"[1, 1, 1, 1, 1, 1, 1, 1, 1, 1, 1]"
1868382,82832W080PKENGEN,"[271, 0]","[46, 0]",08:59:14,20260417,0.0,None,"[27.5, 37.1, 38.5, 52.1, 61.4, 77.8, 98.0, 97.8, 86.9, 85.2, 13.8]",None,0.0,OK,None,,Null,"[1, 1, 1, 1, 1, 1, 1, 1, 1, 1, 1]"
1868381,808387UA0A,"[80, 7]","[10, 0]",08:58:52,20260417,0.0,10819,"[15.2, 121.8, 121.4, 80.2, 80.0, 122.6, 122.8, 15.0, 35.7, 40.9]",None,0.0,OK,,,None,"[1, 1, 1, 1, 1, 1, 1, 1, 1, 1]"
1868380,808387UA0A,"[80, 7]","[10, 0]",08:58:51,20260417,0.0,10819,None,None,0.0,NOPART,None,,None,None
1868379,808387UA0A,"[80, 7]","[10, 0]",08:58:51,20260417,0.0,10819,None,None,0.0,NOPART,None,,None,None
1868376,808387UA0A,"[80, 7]","[10, 0]",08:58:51,20260417,0.0,10819,None,None,0.0,NOPART,None,,None,None
1868377,808387UA0A,"[80, 7]","[10, 0]",08:58:51,20260417,0.0,10819,None,None,0.0,NOPART,None,,None,None
1868375,808387UA0A,"[79, 7]","[9, 0]",08:58:49,20260417,0.0,10819,MANUAL,MANUAL,0.0,MANUAL,MANUAL,,MANUAL,MANUAL
1868378,82832W080PKENGEN,"[270, 0]","[45, 0]",08:58:49,20260417,0.0,None,"[27.5, 37.1, 38.5, 52.1, 61.4, 78.3, 98.1, 98.1, 87.1, 85.0, 13.6]",None,0.0,OK,None,,Null,"[1, 1, 1, 1, 1, 1, 1, 1, 1, 1, 1]"
1868374,82832W080PKENGEN,"[269, 0]","[44, 0]",08:58:11,20260417,0.0,None,"[27.5, 36.8, 38.4, 52.1, 61.5, 78.0, 97.8, 97.6, 86.9, 85.2, 13.9]",None,0.0,OK,None,,Null,"[1, 1, 1, 1, 1, 1, 1, 1, 1, 1, 1]"
1868373,82832W080PKENGEN,"[268, 0]","[43, 0]",08:57:48,20260417,0.0,None,"[27.6, 36.8, 38.5, 52.1, 61.5, 78.3, 97.6, 97.8, 86.9, 84.9, 13.9]",None,0.0,OK,None,,Null,"[1, 1, 1, 1, 1, 1, 1, 1, 1, 1, 1]"
1868372,808387UA0A,"[79, 8]","[9, 1]",08:57:46,20260417,0.0,10819,"[15.4, 121.4, 121.4, 80.4, 79.4, 123.0, 123.2, 14.6, 36.3, 40.9]",None,0.0,OK,,,None,"[1, 1, 1, 1, 1, 1, 1, 1, 1, 1]"
1868371,808387UA0A,"[79, 8]","[9, 1]",08:57:46,20260417,0.0,10819,"[15.0, 122.0, 121.2, 80.2, 79.8, 122.8, 122.6, 14.8, 36.9, 42.9]",None,0.0,OK,,,None,"[1, 1, 1, 1, 1, 1, 1, 1, 1, 1]"
1868370,808387UA0A,"[79, 8]","[9, 1]",08:57:46,20260417,0.0,10819,"[14.8, 122.0, 121.6, 80.0, 80.6, 122.2, 122.6, 14.2, 37.3, 40.5]",None,0.0,OK,,,None,"[1, 1, 1, 1, 1, 1, 1, 1, 1, 1]"
1868369,808387UA0A,"[79, 8]","[9, 1]",08:57:45,20260417,0.0,10819,"[15.0, 122.0, 121.4, 80.2, 79.4, 123.6, 123.0, 14.6, 37.2, 46.5]",None,0.0,NG,CLIP PITCH NG,,None,"[1, 1, 1, 1, 1, 1, 1, 1, 1, 0]"
1868368,808387UA0A,"[79, 8]","[9, 1]",08:57:45,20260417,0.0,10819,"[15.0, 122.0, 121.4, 80.4, 79.4, 123.4, 122.8, 14.2, 37.2, 40.3]",None,0.0,OK,,,None,"[1, 1, 1, 1, 1, 1, 1, 1, 1, 1]"
1868367,658207UA0A,"[210, 0]","[290, 0]",08:57:35,20260417,0.0,10821,"[15.5, 75.6, 88.0, 117.8, 14.9, 311.8]","[1, 1, 1, 1]",0.0,OK,,,None,"[1, 1, 1, 1, 1, 1]"
1868366,658207UA0A,"[209, 0]","[289, 0]",08:57:29,20260417,0.0,10821,"[15.9, 75.0, 88.0, 117.3, 15.1, 311.2]","[1, 1, 1, 1]",0.0,OK,,,None,"[1, 1, 1, 1, 1, 1]"
1868365,658207UA0A,"[208, 0]","[288, 0]",08:57:25,20260417,0.0,10821,"[15.9, 74.7, 88.3, 117.3, 15.6, 311.7]","[1, 1, 1, 1]",0.0,OK,,,None,"[1, 1, 1, 1, 1, 1]"
1868364,82832W080PKENGEN,"[267, 0]","[42, 0]",08:57:20,20260417,0.0,None,"[27.8, 37.1, 38.7, 52.4, 61.8, 78.1, 97.8, 98.0, 87.1, 85.0, 13.9]",None,0.0,OK,None,,Null,"[1, 1, 1, 1, 1, 1, 1, 1, 1, 1, 1]"
1868363,658207UA0A,"[207, 0]","[287, 0]",08:57:19,20260417,0.0,10821,"[15.9, 75.5, 88.0, 117.3, 15.2, 311.9]","[1, 1, 1, 1]",0.0,OK,,,None,"[1, 1, 1, 1, 1, 1]"
1868362,658207UA0A,"[206, 0]","[286, 0]",08:57:13,20260417,0.0,10821,"[15.8, 75.0, 88.1, 117.5, 15.0, 311.3]","[1, 1, 1, 1]",0.0,OK,,,None,"[1, 1, 1, 1, 1, 1]"
1868361,658207UA0A,"[205, 0]","[285, 0]",08:57:08,20260417,0.0,10821,"[15.6, 74.8, 88.1, 117.0, 15.3, 310.8]","[1, 1, 1, 1]",0.0,OK,,,None,"[1, 1, 1, 1, 1, 1]"
1868360,658207UA0A,"[204, 0]","[284, 0]",08:57:03,20260417,0.0,10821,"[15.4, 75.1, 88.3, 117.8, 14.6, 311.2]","[1, 1, 1, 1]",0.0,OK,,,None,"[1, 1, 1, 1, 1, 1]"
1868359,658207UA0A,"[203, 0]","[283, 0]",08:56:58,20260417,0.0,10821,"[15.7, 75.5, 88.0, 117.0, 15.3, 311.5]","[1, 1, 1, 1]",0.0,OK,,,None,"[1, 1, 1, 1, 1, 1]"
1868358,658207UA0A,"[202, 0]","[282, 0]",08:56:54,20260417,0.0,10821,"[15.9, 75.1, 88.1, 117.3, 15.0, 311.5]","[1, 1, 1, 1]",0.0,OK,,,None,"[1, 1, 1, 1, 1, 1]"
1868357,82832W080PKENGEN,"[266, 0]","[41, 0]",08:56:53,20260417,0.0,None,"[27.8, 36.9, 38.7, 52.4, 61.4, 78.0, 98.1, 98.1, 86.9, 85.2, 13.6]",None,0.0,OK,None,,Null,"[1, 1, 1, 1, 1, 1, 1, 1, 1, 1, 1]"
1868356,658207UA0A,"[201, 0]","[281, 0]",08:56:50,20260417,0.0,10821,"[15.9, 74.7, 88.1, 117.1, 15.3, 311.1]","[1, 1, 1, 1]",0.0,OK,,,None,"[1, 1, 1, 1, 1, 1]"
1868355,658207UA0A,"[200, 0]","[280, 0]",08:55:31,20260417,0.0,10821,"[15.5, 74.8, 88.1, 117.1, 15.4, 311.0]","[1, 1, 1, 1]",0.0,OK,,,None,"[1, 1, 1, 1, 1, 1]"
1868354,808397UA0A,"[77, 4]","[5, 0]",08:55:28,20260417,0.0,10819,"[16.2, 122.8, 121.2, 80.6, 81.0, 121.8, 123.2, 15.2, 36.6, 39.9]",None,0.0,OK,,,None,"[1, 1, 1, 1, 1, 1, 1, 1, 1, 1]"
1868353,808397UA0A,"[77, 4]","[5, 0]",08:55:28,20260417,0.0,10819,"[15.4, 123.2, 122.0, 80.0, 80.6, 121.8, 123.0, 15.6, 37.6, 39.5]",None,0.0,OK,,,None,"[1, 1, 1, 1, 1, 1, 1, 1, 1, 1]"
1868352,808397UA0A,"[77, 4]","[5, 0]",08:55:28,20260417,0.0,10819,"[15.6, 123.0, 121.6, 80.0, 80.8, 121.8, 122.8, 15.6, 36.6, 40.1]",None,0.0,OK,,,None,"[1, 1, 1, 1, 1, 1, 1, 1, 1, 1]"
1868351,808397UA0A,"[77, 4]","[5, 0]",08:55:28,20260417,0.0,10819,"[15.8, 122.8, 121.8, 79.8, 80.6, 122.0, 123.2, 15.6, 36.7, 41.1]",None,0.0,OK,,,None,"[1, 1, 1, 1, 1, 1, 1, 1, 1, 1]"
1868350,808397UA0A,"[77, 4]","[5, 0]",08:55:28,20260417,0.0,10819,"[16.6, 122.6, 121.6, 80.0, 80.6, 121.8, 123.4, 15.0, 35.8, 41.5]",None,0.0,OK,,,None,"[1, 1, 1, 1, 1, 1, 1, 1, 1, 1]"
1868349,658207UA0A,"[199, 0]","[279, 0]",08:55:24,20260417,0.0,10821,"[15.5, 75.0, 88.3, 116.8, 15.3, 310.8]","[1, 1, 1, 1]",0.0,OK,,,None,"[1, 1, 1, 1, 1, 1]"
1868348,658207UA0A,"[198, 0]","[278, 0]",08:55:18,20260417,0.0,10821,"[15.9, 74.8, 88.1, 117.5, 15.2, 311.5]","[1, 1, 1, 1]",0.0,OK,,,None,"[1, 1, 1, 1, 1, 1]"
1868347,658207UA0A,"[197, 0]","[277, 0]",08:55:12,20260417,0.0,10821,"[15.5, 74.8, 88.0, 117.6, 14.9, 310.8]","[1, 1, 1, 1]",0.0,OK,,,None,"[1, 1, 1, 1, 1, 1]"
1868346,658207UA0A,"[196, 0]","[276, 0]",08:55:04,20260417,0.0,10821,"[15.9, 75.3, 88.1, 117.0, 15.1, 311.4]","[1, 1, 1, 1]",0.0,OK,,,None,"[1, 1, 1, 1, 1, 1]"
1868345,658207UA0A,"[195, 0]","[275, 0]",08:54:59,20260417,0.0,10821,"[15.7, 74.8, 88.3, 117.5, 15.1, 311.4]","[1, 1, 1, 1]",0.0,OK,,,None,"[1, 1, 1, 1, 1, 1]"
1868344,658207UA0A,"[194, 0]","[274, 0]",08:54:54,20260417,0.0,10821,"[14.7, 75.3, 87.7, 117.1, 15.2, 310.1]","[1, 1, 1, 1]",0.0,OK,,,None,"[1, 1, 1, 1, 1, 1]"
1868343,658207UA0A,"[193, 0]","[273, 0]",08:54:48,20260417,0.0,10821,"[15.6, 75.4, 88.1, 117.5, 14.7, 311.3]","[1, 1, 1, 1]",0.0,OK,,,None,"[1, 1, 1, 1, 1, 1]"
1868342,82832W080PKENGEN,"[265, 0]","[40, 0]",08:54:43,20260417,0.0,None,"[27.5, 37.1, 38.5, 52.1, 61.7, 78.3, 97.5, 97.6, 87.1, 85.0, 13.4]",None,0.0,OK,None,,Null,"[1, 1, 1, 1, 1, 1, 1, 1, 1, 1, 1]"
1868341,658207UA0A,"[192, 0]","[272, 0]",08:54:43,20260417,0.0,10821,"[15.6, 75.0, 88.6, 117.1, 14.8, 311.2]","[1, 1, 1, 1]",0.0,OK,,,None,"[1, 1, 1, 1, 1, 1]"
1868340,658207UA0A,"[191, 0]","[271, 0]",08:54:37,20260417,0.0,10821,"[16.1, 75.0, 88.0, 117.4, 14.9, 311.4]","[1, 1, 1, 1]",0.0,OK,,,None,"[1, 1, 1, 1, 1, 1]"
1868339,658207UA0A,"[190, 0]","[270, 0]",08:54:32,20260417,0.0,10821,"[15.6, 75.0, 88.0, 117.0, 15.4, 311.0]","[1, 1, 1, 1]",0.0,OK,,,None,"[1, 1, 1, 1, 1, 1]"
1868338,658207UA0A,"[189, 0]","[269, 0]",08:54:27,20260417,0.0,10821,"[15.8, 75.0, 88.3, 117.0, 15.0, 311.1]","[1, 1, 1, 1]",0.0,OK,,,None,"[1, 1, 1, 1, 1, 1]"
1868337,658207UA0A,"[188, 0]","[268, 0]",08:54:21,20260417,0.0,10821,"[16.1, 75.1, 88.1, 117.0, 14.9, 311.3]","[1, 1, 1, 1]",0.0,OK,,,None,"[1, 1, 1, 1, 1, 1]"
1868336,82832W080PKENGEN,"[264, 0]","[39, 0]",08:54:18,20260417,0.0,None,"[27.5, 36.9, 38.2, 51.9, 61.7, 78.1, 98.1, 97.8, 86.9, 85.2, 13.8]",None,0.0,OK,None,,Null,"[1, 1, 1, 1, 1, 1, 1, 1, 1, 1, 1]"
1868335,658207UA0A,"[187, 0]","[267, 0]",08:54:16,20260417,0.0,10821,"[15.7, 75.1, 88.0, 117.4, 15.6, 311.9]","[1, 1, 1, 1]",0.0,OK,,,None,"[1, 1, 1, 1, 1, 1]"
1868334,658207UA0A,"[186, 0]","[266, 0]",08:54:12,20260417,0.0,10821,"[15.0, 74.8, 88.4, 116.8, 14.8, 309.8]","[1, 1, 1, 1]",0.0,OK,,,None,"[1, 1, 1, 1, 1, 1]"
1868333,658207UA0A,"[185, 0]","[265, 0]",08:54:06,20260417,0.0,10821,"[15.7, 75.0, 87.8, 117.3, 15.3, 311.1]","[1, 1, 1, 1]",0.0,OK,,,None,"[1, 1, 1, 1, 1, 1]"
1868332,808387UA0A,"[75, 7]","[5, 0]",08:54:06,20260417,0.0,10819,"[15.0, 122.0, 121.4, 80.4, 79.4, 122.8, 123.0, 14.8, 36.8, 40.7]",None,0.0,OK,,,None,"[1, 1, 1, 1, 1, 1, 1, 1, 1, 1]"
1868331,808387UA0A,"[75, 7]","[5, 0]",08:54:06,20260417,0.0,10819,None,None,0.0,NOPART,None,,None,None
1868330,808387UA0A,"[75, 7]","[5, 0]",08:54:06,20260417,0.0,10819,None,None,0.0,NOPART,None,,None,None
1868328,808387UA0A,"[75, 7]","[5, 0]",08:54:05,20260417,0.0,10819,None,None,0.0,NOPART,None,,None,None
1868329,808387UA0A,"[75, 7]","[5, 0]",08:54:05,20260417,0.0,10819,None,None,0.0,NOPART,None,,None,None
1868327,808387UA0A,"[74, 7]","[4, 0]",08:54:03,20260417,0.0,10819,MANUAL,MANUAL,0.0,MANUAL,MANUAL,,MANUAL,MANUAL
1868326,808387UA0A,"[74, 8]","[4, 1]",08:54:03,20260417,0.0,10819,MANUAL,MANUAL,0.0,MANUAL,MANUAL,,MANUAL,MANUAL
1868325,808387UA0A,"[74, 9]","[4, 2]",08:54:02,20260417,0.0,10819,MANUAL,MANUAL,0.0,MANUAL,MANUAL,,MANUAL,MANUAL
1868324,808387UA0A,"[74, 10]","[4, 3]",08:54:02,20260417,0.0,10819,MANUAL,MANUAL,0.0,MANUAL,MANUAL,,MANUAL,MANUAL
1868323,658207UA0A,"[184, 0]","[264, 0]",08:54:01,20260417,0.0,10821,"[15.6, 74.8, 88.1, 117.3, 14.9, 310.7]","[1, 1, 1, 1]",0.0,OK,,,None,"[1, 1, 1, 1, 1, 1]"
1868322,808387UA0A,"[74, 11]","[4, 4]",08:54:01,20260417,0.0,10819,MANUAL,MANUAL,0.0,MANUAL,MANUAL,,MANUAL,MANUAL
1868321,808387UA0A,"[74, 12]","[4, 5]",08:53:58,20260417,0.0,10819,MANUAL,MANUAL,0.0,MANUAL,MANUAL,,MANUAL,MANUAL
1868320,658207UA0A,"[183, 0]","[263, 0]",08:53:54,20260417,0.0,10821,"[16.0, 74.8, 88.4, 117.0, 14.9, 311.1]","[1, 1, 1, 1]",0.0,OK,,,None,"[1, 1, 1, 1, 1, 1]"
1868319,658207UA0A,"[182, 0]","[262, 0]",08:53:48,20260417,0.0,10821,"[15.7, 75.3, 87.7, 117.6, 15.4, 311.7]","[1, 1, 1, 1]",0.0,OK,,,None,"[1, 1, 1, 1, 1, 1]"
1868318,658207UA0A,"[181, 0]","[261, 0]",08:53:44,20260417,0.0,10821,"[16.0, 75.0, 87.8, 117.8, 15.6, 312.2]","[1, 1, 1, 1]",0.0,OK,,,None,"[1, 1, 1, 1, 1, 1]"
1868317,82832W080PKENGEN,"[263, 0]","[38, 0]",08:53:29,20260417,0.0,None,"[27.5, 37.1, 38.5, 51.9, 61.5, 78.0, 97.8, 97.6, 86.6, 84.9, 13.6]",None,0.0,OK,None,,Null,"[1, 1, 1, 1, 1, 1, 1, 1, 1, 1, 1]"
1868316,82832W080PKENGEN,"[262, 0]","[37, 0]",08:52:58,20260417,0.0,None,"[27.6, 36.9, 38.5, 52.3, 61.4, 77.8, 98.1, 98.1, 86.9, 84.6, 13.6]",None,0.0,OK,None,,Null,"[1, 1, 1, 1, 1, 1, 1, 1, 1, 1, 1]"
1868311,808387UA0A,"[74, 13]","[4, 6]",08:52:50,20260417,0.0,10819,"[14.8, 122.0, 121.4, 80.8, 80.0, 123.2, 123.0, 14.0, 36.8, 40.5]",None,0.0,OK,,,None,"[1, 1, 1, 1, 1, 1, 1, 1, 1, 1]"
1868312,808387UA0A,"[74, 13]","[4, 6]",08:52:50,20260417,0.0,10819,"[15.0, 122.2, 121.2, 80.6, 79.8, 122.4, 123.0, 14.6, 37.6, 46.1]",None,0.0,NG,CLIP PITCH NG,,None,"[1, 1, 1, 1, 1, 1, 1, 1, 1, 0]"
1868313,808387UA0A,"[74, 13]","[4, 6]",08:52:50,20260417,0.0,10819,"[14.6, 122.4, 121.6, 80.6, 80.6, 122.0, 123.2, 14.2, 36.4, 40.7]",None,0.0,OK,,,None,"[1, 1, 1, 1, 1, 1, 1, 1, 1, 1]"
1868315,808387UA0A,"[74, 13]","[4, 6]",08:52:50,20260417,0.0,10819,"[15.2, 121.6, 121.4, 80.2, 79.6, 122.4, 123.0, 14.6, 36.1, 40.5]",None,0.0,OK,,,None,"[1, 1, 1, 1, 1, 1, 1, 1, 1, 1]"
1868314,808387UA0A,"[74, 13]","[4, 6]",08:52:50,20260417,0.0,10819,"[14.8, 122.0, 121.4, 80.4, 80.2, 122.4, 123.0, 14.4, 36.2, 40.7]",None,0.0,OK,,,None,"[1, 1, 1, 1, 1, 1, 1, 1, 1, 1]"
1868310,82832W080PKENGEN,"[261, 0]","[36, 0]",08:52:31,20260417,0.0,None,"[27.6, 37.1, 38.7, 52.3, 61.5, 77.8, 98.1, 98.0, 86.9, 85.0, 13.6]",None,0.0,OK,None,,Null,"[1, 1, 1, 1, 1, 1, 1, 1, 1, 1, 1]"
1868309,808397UA0A,"[72, 4]","[0, 0]",08:52:16,20260417,0.0,10819,COUNTERRESET,COUNTERRESET,0.0,COUNTERRESET,COUNTERRESET,,Null,COUNTERRESET
1868308,82832W080PKENGEN,"[260, 0]","[35, 0]",08:52:07,20260417,0.0,None,"[27.6, 36.9, 38.7, 52.6, 61.5, 77.8, 98.0, 98.1, 86.8, 84.9, 13.6]",None,0.0,OK,None,,Null,"[1, 1, 1, 1, 1, 1, 1, 1, 1, 1, 1]"
1868307,658207UA0A,"[180, 0]","[260, 0]",08:52:02,20260417,0.0,10821,"[15.6, 74.8, 88.1, 117.1, 15.2, 310.9]","[1, 1, 1, 1]",0.0,OK,,,None,"[1, 1, 1, 1, 1, 1]"
1868306,658207UA0A,"[179, 0]","[259, 0]",08:51:58,20260417,0.0,10821,"[15.9, 75.0, 88.1, 117.1, 15.0, 311.1]","[1, 1, 1, 1]",0.0,OK,,,None,"[1, 1, 1, 1, 1, 1]"
1868305,658207UA0A,"[178, 0]","[258, 0]",08:51:52,20260417,0.0,10821,"[15.8, 75.5, 88.0, 117.1, 15.0, 311.4]","[1, 1, 1, 1]",0.0,OK,,,None,"[1, 1, 1, 1, 1, 1]"
1868304,658207UA0A,"[177, 0]","[257, 0]",08:51:48,20260417,0.0,10821,"[15.7, 75.0, 88.0, 117.3, 15.0, 311.0]","[1, 1, 1, 1]",0.0,OK,,,None,"[1, 1, 1, 1, 1, 1]"
1868303,658207UA0A,"[176, 0]","[256, 0]",08:51:43,20260417,0.0,10821,"[15.7, 75.0, 88.1, 117.1, 15.6, 311.6]","[1, 1, 1, 1]",0.0,OK,,,None,"[1, 1, 1, 1, 1, 1]"
1868302,82832W080PKENGEN,"[259, 0]","[34, 0]",08:51:37,20260417,0.0,None,"[27.5, 37.1, 38.7, 52.6, 61.4, 78.5, 98.0, 98.1, 87.3, 84.9, 13.6]",None,0.0,OK,None,,Null,"[1, 1, 1, 1, 1, 1, 1, 1, 1, 1, 1]"
1868301,658207UA0A,"[175, 0]","[255, 0]",08:51:37,20260417,0.0,10821,"[15.5, 74.8, 88.3, 117.0, 15.0, 310.5]","[1, 1, 1, 1]",0.0,OK,,,None,"[1, 1, 1, 1, 1, 1]"
1868300,658207UA0A,"[174, 0]","[254, 0]",08:51:32,20260417,0.0,10821,"[15.8, 75.1, 88.1, 117.3, 15.4, 311.8]","[1, 1, 1, 1]",0.0,OK,,,None,"[1, 1, 1, 1, 1, 1]"
1868299,658207UA0A,"[173, 0]","[253, 0]",08:51:27,20260417,0.0,10821,"[15.6, 75.5, 88.3, 117.0, 15.5, 311.8]","[1, 1, 1, 1]",0.0,OK,,,None,"[1, 1, 1, 1, 1, 1]"
1868298,658207UA0A,"[172, 0]","[252, 0]",08:51:21,20260417,0.0,10821,"[15.6, 75.5, 87.5, 117.6, 15.4, 311.6]","[1, 1, 1, 1]",0.0,OK,,,None,"[1, 1, 1, 1, 1, 1]"
1868297,658207UA0A,"[171, 0]","[251, 0]",08:51:15,20260417,0.0,10821,"[15.6, 74.8, 88.1, 117.0, 15.5, 311.0]","[1, 1, 1, 1]",0.0,OK,,,None,"[1, 1, 1, 1, 1, 1]"
1868296,8462284S00,"[738, 6]","[136, 1]",08:51:14,20260417,0.0,10823,"[12.3, 127.9, 128.1, 128.4, 128.4, 128.4, 127.6, 12.2, 793.2]",None,0.0,OK,None,7,00024533,"[1, 1, 1, 1, 1, 1, 1, 1, 1]"
1868295,82832W080PKENGEN,"[258, 0]","[33, 0]",08:51:11,20260417,0.0,None,"[27.6, 36.9, 38.2, 51.9, 61.7, 78.1, 97.8, 97.5, 87.1, 85.0, 13.8]",None,0.0,OK,None,,Null,"[1, 1, 1, 1, 1, 1, 1, 1, 1, 1, 1]"
1868294,658207UA0A,"[170, 0]","[250, 0]",08:51:11,20260417,0.0,10821,"[15.7, 74.8, 88.3, 117.1, 15.2, 311.1]","[1, 1, 1, 1]",0.0,OK,,,None,"[1, 1, 1, 1, 1, 1]"
1868293,658207UA0A,"[169, 0]","[249, 0]",08:51:05,20260417,0.0,10821,"[15.7, 75.5, 87.8, 116.8, 15.7, 311.5]","[1, 1, 1, 1]",0.0,OK,,,None,"[1, 1, 1, 1, 1, 1]"
1868292,8462284S00,"[737, 6]","[135, 1]",08:51:01,20260417,0.0,10823,"[11.6, 128.1, 128.1, 128.2, 128.6, 128.4, 127.3, 12.6, 792.9]",None,0.0,OK,None,7,00024533,"[1, 1, 1, 1, 1, 1, 1, 1, 1]"
1868291,658207UA0A,"[168, 0]","[248, 0]",08:51:01,20260417,0.0,10821,"[15.8, 75.0, 88.1, 117.1, 15.4, 311.4]","[1, 1, 1, 1]",0.0,OK,,,None,"[1, 1, 1, 1, 1, 1]"
1868290,658207UA0A,"[167, 0]","[247, 0]",08:50:55,20260417,0.0,10821,"[15.5, 74.8, 88.3, 116.5, 15.6, 310.7]","[1, 1, 1, 1]",0.0,OK,,,None,"[1, 1, 1, 1, 1, 1]"
1868289,658207UA0A,"[166, 0]","[246, 0]",08:50:50,20260417,0.0,10821,"[15.8, 75.1, 88.0, 117.3, 15.2, 311.3]","[1, 1, 1, 1]",0.0,OK,,,None,"[1, 1, 1, 1, 1, 1]"
1868288,82832W080PKENGEN,"[257, 0]","[32, 0]",08:50:46,20260417,0.0,None,"[27.6, 36.9, 38.5, 52.1, 61.7, 78.1, 98.3, 98.0, 86.9, 85.2, 13.6]",None,0.0,OK,None,,Null,"[1, 1, 1, 1, 1, 1, 1, 1, 1, 1, 1]"
1868287,658207UA0A,"[165, 0]","[245, 0]",08:50:45,20260417,0.0,10821,"[15.6, 75.0, 88.4, 116.7, 15.4, 311.1]","[1, 1, 1, 1]",0.0,OK,,,None,"[1, 1, 1, 1, 1, 1]"
1868286,8462284S00,"[736, 6]","[134, 1]",08:50:41,20260417,0.0,10823,"[12.2, 127.8, 128.1, 128.2, 128.6, 128.4, 128.1, 12.2, 793.5]",None,0.0,OK,None,7,00024533,"[1, 1, 1, 1, 1, 1, 1, 1, 1]"
1868285,658207UA0A,"[164, 0]","[244, 0]",08:50:41,20260417,0.0,10821,"[15.8, 75.0, 88.1, 116.8, 15.4, 311.1]","[1, 1, 1, 1]",0.0,OK,,,None,"[1, 1, 1, 1, 1, 1]"
1868284,658207UA0A,"[163, 0]","[243, 0]",08:50:36,20260417,0.0,10821,"[15.6, 75.0, 88.0, 117.0, 15.3, 310.8]","[1, 1, 1, 1]",0.0,OK,,,None,"[1, 1, 1, 1, 1, 1]"
1868283,658207UA0A,"[162, 0]","[242, 0]",08:50:31,20260417,0.0,10821,"[15.9, 75.0, 88.0, 117.4, 15.7, 312.0]","[1, 1, 1, 1]",0.0,OK,,,None,"[1, 1, 1, 1, 1, 1]"
1868282,8462284S00,"[735, 6]","[133, 1]",08:50:26,20260417,0.0,10823,"[12.1, 127.8, 128.2, 128.2, 128.4, 128.1, 127.3, 12.8, 792.8]",None,0.0,OK,None,7,00024533,"[1, 1, 1, 1, 1, 1, 1, 1, 1]"
1868281,658207UA0A,"[161, 0]","[241, 0]",08:50:25,20260417,0.0,10821,"[16.0, 75.0, 88.0, 117.4, 15.9, 312.3]","[1, 1, 1, 1]",0.0,OK,,,None,"[1, 1, 1, 1, 1, 1]"
1868280,82832W080PKENGEN,"[256, 0]","[31, 0]",08:50:21,20260417,0.0,None,"[27.5, 37.2, 38.5, 52.3, 62.0, 78.1, 97.8, 98.0, 87.4, 85.0, 13.8]",None,0.0,OK,None,,Null,"[1, 1, 1, 1, 1, 1, 1, 1, 1, 1, 1]"
1868279,808397UA0A,"[72, 4]","[2, 0]",08:50:19,20260417,0.0,10819,MANUAL,MANUAL,0.0,MANUAL,MANUAL,,MANUAL,MANUAL
1868278,808397UA0A,"[72, 5]","[2, 1]",08:50:19,20260417,0.0,10819,MANUAL,MANUAL,0.0,MANUAL,MANUAL,,MANUAL,MANUAL
1868277,8462284S00,"[734, 6]","[132, 1]",08:50:13,20260417,0.0,10823,"[12.7, 127.1, 127.8, 127.9, 128.4, 128.6, 127.0, 12.5, 791.9]",None,0.0,OK,None,7,00024533,"[1, 1, 1, 1, 1, 1, 1, 1, 1]"
1868276,8462284S00,"[733, 6]","[131, 1]",08:50:04,20260417,0.0,10823,"[12.4, 127.8, 128.2, 129.0, 128.4, 128.4, 128.1, 12.8, 795.2]",None,0.0,OK,None,7,00024533,"[1, 1, 1, 1, 1, 1, 1, 1, 1]"
1868275,82832W080PKENGEN,"[255, 0]","[30, 0]",08:49:58,20260417,0.0,None,"[27.5, 36.8, 38.8, 52.3, 61.7, 78.1, 98.1, 97.5, 87.1, 84.7, 13.8]",None,0.0,OK,None,,Null,"[1, 1, 1, 1, 1, 1, 1, 1, 1, 1, 1]"
1868274,808397UA0A,"[72, 6]","[2, 2]",08:49:42,20260417,0.0,10819,"[15.8, 123.0, 121.8, 80.0, 81.4, 122.0, 123.0, 15.6, 37.4, 39.9]",None,0.0,OK,,,None,"[1, 1, 1, 1, 1, 1, 1, 1, 1, 1]"
1868273,808397UA0A,"[72, 6]","[2, 2]",08:49:42,20260417,0.0,10819,"[16.0, 122.8, 121.6, 80.2, 80.4, 122.2, 123.2, 15.6, 37.5, 39.5]",None,0.0,OK,,,None,"[1, 1, 1, 1, 1, 1, 1, 1, 1, 1]"
1868272,808397UA0A,"[72, 6]","[2, 2]",08:49:42,20260417,0.0,10819,None,None,0.0,NOPART,None,,None,None
1868271,808397UA0A,"[72, 6]","[2, 2]",08:49:42,20260417,0.0,10819,None,None,0.0,NOPART,None,,None,None
1868270,808397UA0A,"[72, 6]","[2, 2]",08:49:42,20260417,0.0,10819,None,None,0.0,NOPART,None,,None,None
1868269,82832W080PKENGEN,"[254, 0]","[29, 0]",08:49:33,20260417,0.0,None,"[27.5, 36.9, 38.4, 52.4, 61.7, 78.1, 98.1, 98.0, 87.3, 85.0, 13.4]",None,0.0,OK,None,,Null,"[1, 1, 1, 1, 1, 1, 1, 1, 1, 1, 1]"
1868268,82832W080PKENGEN,"[253, 0]","[28, 0]",08:49:08,20260417,0.0,None,"[27.5, 37.1, 38.4, 52.1, 61.8, 78.3, 98.3, 98.0, 86.9, 85.0, 13.6]",None,0.0,OK,None,,Null,"[1, 1, 1, 1, 1, 1, 1, 1, 1, 1, 1]"
1868267,808387UA0A,"[70, 12]","[0, 5]",08:49:08,20260417,0.0,10819,"[0, 0, 0, 0, 0, 0, 0, 0, 0, 0]",None,0.0,NG,EPTO TAPE NOT FOUND,,None,"[0, 0, 0, 0, 0, 0, 0, 0, 0, 0]"
1868264,808387UA0A,"[70, 12]","[0, 5]",08:49:07,20260417,0.0,10819,"[0, 0, 0, 0, 0, 0, 0, 0, 0, 0]",None,0.0,NG,EPTO TAPE NOT FOUND,,None,"[0, 0, 0, 0, 0, 0, 0, 0, 0, 0]"
1868263,808387UA0A,"[70, 12]","[0, 5]",08:49:07,20260417,0.0,10819,"[0, 0, 0, 0, 0, 0, 0, 0, 0, 0]",None,0.0,NG,EPTO TAPE NOT FOUND,,None,"[0, 0, 0, 0, 0, 0, 0, 0, 0, 0]"
1868265,808387UA0A,"[70, 12]","[0, 5]",08:49:07,20260417,0.0,10819,"[0, 0, 0, 0, 0, 0, 0, 0, 0, 0]",None,0.0,NG,EPTO TAPE NOT FOUND,,None,"[0, 0, 0, 0, 0, 0, 0, 0, 0, 0]"
1868266,808387UA0A,"[70, 12]","[0, 5]",08:49:07,20260417,0.0,10819,"[0, 0, 0, 0, 0, 0, 0, 0, 0, 0]",None,0.0,NG,EPTO TAPE NOT FOUND,,None,"[0, 0, 0, 0, 0, 0, 0, 0, 0, 0]"
1868262,658207UA0A,"[160, 0]","[240, 0]",08:48:52,20260417,0.0,10821,"[15.9, 75.0, 87.8, 117.3, 15.2, 311.2]","[1, 1, 1, 1]",0.0,OK,,,None,"[1, 1, 1, 1, 1, 1]"
1868261,658207UA0A,"[159, 0]","[239, 0]",08:48:47,20260417,0.0,10821,"[15.7, 75.0, 88.1, 117.3, 14.8, 310.9]","[1, 1, 1, 1]",0.0,OK,,,None,"[1, 1, 1, 1, 1, 1]"
1868260,658207UA0A,"[158, 0]","[238, 0]",08:48:41,20260417,0.0,10821,"[16.1, 75.1, 87.8, 117.8, 15.0, 311.8]","[1, 1, 1, 1]",0.0,OK,,,None,"[1, 1, 1, 1, 1, 1]"
1868259,82832W080PKENGEN,"[252, 0]","[27, 0]",08:48:40,20260417,0.0,None,"[27.0, 37.2, 38.7, 52.3, 61.9, 77.8, 97.6, 98.0, 87.3, 85.0, 13.8]",None,0.0,OK,None,,Null,"[1, 1, 1, 1, 1, 1, 1, 1, 1, 1, 1]"
1868258,658207UA0A,"[157, 0]","[237, 0]",08:48:35,20260417,0.0,10821,"[15.2, 75.5, 88.0, 116.8, 15.6, 311.0]","[1, 1, 1, 1]",0.0,OK,,,None,"[1, 1, 1, 1, 1, 1]"
1868257,658207UA0A,"[156, 0]","[236, 0]",08:48:30,20260417,0.0,10821,"[15.5, 75.3, 88.3, 116.7, 15.4, 311.1]","[1, 1, 1, 1]",0.0,OK,,,None,"[1, 1, 1, 1, 1, 1]"
1868256,658207UA0A,"[155, 0]","[235, 0]",08:48:24,20260417,0.0,10821,"[15.6, 75.0, 88.4, 117.1, 15.0, 311.1]","[1, 1, 1, 1]",0.0,OK,,,None,"[1, 1, 1, 1, 1, 1]"
1868255,658207UA0A,"[154, 0]","[234, 0]",08:48:19,20260417,0.0,10821,"[15.8, 75.0, 88.1, 116.2, 15.5, 310.6]","[1, 1, 1, 1]",0.0,OK,,,None,"[1, 1, 1, 1, 1, 1]"
1868254,8462284S00,"[732, 6]","[130, 1]",08:48:18,20260417,0.0,10823,"[12.3, 127.6, 127.9, 128.1, 128.4, 128.7, 127.6, 12.3, 792.9]",None,0.0,OK,None,7,00024533,"[1, 1, 1, 1, 1, 1, 1, 1, 1]"
1868252,658207UA0A,"[153, 0]","[233, 0]",08:48:13,20260417,0.0,10821,"[15.4, 75.9, 87.7, 117.1, 15.4, 311.6]","[1, 1, 1, 1]",0.0,OK,,,None,"[1, 1, 1, 1, 1, 1]"
1868253,82832W080PKENGEN,"[251, 0]","[26, 0]",08:48:09,20260417,0.0,None,"[27.6, 36.9, 38.7, 52.3, 61.5, 78.5, 97.5, 97.6, 87.3, 84.7, 13.6]",None,0.0,OK,None,,Null,"[1, 1, 1, 1, 1, 1, 1, 1, 1, 1, 1]"
1868247,808397UA0A,"[70, 6]","[0, 2]",08:48:07,20260417,0.0,10819,None,None,0.0,NOPART,None,,None,None
1868246,808397UA0A,"[70, 6]","[0, 2]",08:48:07,20260417,0.0,10819,None,None,0.0,NOPART,None,,None,None
1868248,808397UA0A,"[70, 6]","[0, 2]",08:48:07,20260417,0.0,10819,None,None,0.0,NOPART,None,,None,None
1868250,808397UA0A,"[70, 6]","[0, 2]",08:48:07,20260417,0.0,10819,"[0, 0, 0, 0, 0, 0, 0, 0, 0, 0]",None,0.0,NG,EPTO TAPE NOT FOUND,,None,"[0, 0, 0, 0, 0, 0, 0, 0, 0, 0]"
1868249,808397UA0A,"[70, 6]","[0, 2]",08:48:07,20260417,0.0,10819,"[0, 0, 0, 0, 0, 0, 0, 0, 0, 0]",None,0.0,NG,EPTO TAPE NOT FOUND,,None,"[0, 0, 0, 0, 0, 0, 0, 0, 0, 0]"
1868251,658207UA0A,"[152, 0]","[232, 0]",08:48:07,20260417,0.0,10821,"[15.3, 75.6, 87.8, 117.3, 15.8, 311.8]","[1, 1, 1, 1]",0.0,OK,,,None,"[1, 1, 1, 1, 1, 1]"
1868245,8462284S00,"[731, 6]","[129, 1]",08:48:03,20260417,0.0,10823,"[12.1, 127.9, 127.9, 128.3, 128.0, 128.9, 127.4, 11.8, 792.3]",None,0.0,OK,None,7,00024533,"[1, 1, 1, 1, 1, 1, 1, 1, 1]"
1868244,658207UA0A,"[151, 0]","[231, 0]",08:47:59,20260417,0.0,10821,"[15.7, 75.0, 88.0, 117.1, 15.1, 310.9]","[1, 1, 1, 1]",0.0,OK,,,None,"[1, 1, 1, 1, 1, 1]"
1868242,82832W080PKENGEN,"[250, 0]","[25, 0]",08:47:48,20260417,0.0,None,"[27.3, 37.2, 38.8, 52.4, 61.5, 78.5, 98.6, 97.8, 87.3, 84.7, 13.4]",None,0.0,OK,None,,Null,"[1, 1, 1, 1, 1, 1, 1, 1, 1, 1, 1]"
1868243,8462284S00,"[730, 6]","[128, 1]",08:47:46,20260417,0.0,10823,"[11.8, 128.2, 127.9, 128.1, 128.4, 128.1, 127.1, 12.9, 792.5]",None,0.0,OK,None,7,00024533,"[1, 1, 1, 1, 1, 1, 1, 1, 1]"
1868241,658207UA0A,"[150, 0]","[230, 0]",08:47:44,20260417,0.0,10821,"[15.9, 74.8, 88.3, 117.0, 15.3, 311.2]","[1, 1, 1, 1]",0.0,OK,,,None,"[1, 1, 1, 1, 1, 1]"
1868240,8462284S00,"[729, 6]","[127, 1]",08:47:33,20260417,0.0,10823,"[12.2, 127.3, 127.8, 128.7, 127.3, 128.7, 127.1, 12.7, 791.8]",None,0.0,OK,None,7,00024533,"[1, 1, 1, 1, 1, 1, 1, 1, 1]"
1868239,82832W080PKENGEN,"[249, 0]","[24, 0]",08:47:25,20260417,0.0,None,"[27.5, 36.9, 38.7, 52.3, 61.7, 78.0, 98.0, 98.0, 87.3, 85.0, 13.8]",None,0.0,OK,None,,Null,"[1, 1, 1, 1, 1, 1, 1, 1, 1, 1, 1]"
1868238,658207UA0A,"[149, 0]","[229, 0]",08:47:25,20260417,0.0,10821,"[15.7, 75.8, 87.3, 117.3, 15.5, 311.6]","[1, 1, 1, 1]",0.0,OK,,,None,"[1, 1, 1, 1, 1, 1]"
1868237,658207UA0A,"[148, 0]","[228, 0]",08:47:19,20260417,0.0,10821,"[14.9, 75.1, 88.4, 117.3, 15.3, 311.1]","[1, 1, 1, 1]",0.0,OK,,,None,"[1, 1, 1, 1, 1, 1]"
1868236,8462284S00,"[728, 6]","[126, 1]",08:47:17,20260417,0.0,10823,"[12.4, 127.0, 127.9, 128.4, 128.1, 128.6, 127.6, 12.7, 792.7]",None,0.0,OK,None,7,00024533,"[1, 1, 1, 1, 1, 1, 1, 1, 1]"
1868235,658207UA0A,"[147, 0]","[227, 0]",08:47:13,20260417,0.0,10821,"[15.9, 75.0, 88.1, 117.0, 15.5, 311.5]","[1, 1, 1, 1]",0.0,OK,,,None,"[1, 1, 1, 1, 1, 1]"
1868234,658207UA0A,"[146, 0]","[226, 0]",08:47:08,20260417,0.0,10821,"[15.9, 75.0, 88.0, 117.0, 15.4, 311.1]","[1, 1, 1, 1]",0.0,OK,,,None,"[1, 1, 1, 1, 1, 1]"
1868233,658207UA0A,"[145, 0]","[225, 0]",08:47:02,20260417,0.0,10821,"[15.5, 74.8, 88.2, 117.6, 15.6, 311.7]","[1, 1, 1, 1]",0.0,OK,,,None,"[1, 1, 1, 1, 1, 1]"
1868232,8462284S00,"[727, 6]","[125, 1]",08:47:00,20260417,0.0,10823,"[12.3, 127.4, 127.6, 128.4, 128.4, 128.4, 127.3, 12.5, 792.4]",None,0.0,OK,None,7,00024533,"[1, 1, 1, 1, 1, 1, 1, 1, 1]"
1868231,82832W080PKENGEN,"[248, 0]","[23, 0]",08:46:59,20260417,0.0,None,"[27.5, 36.9, 38.5, 52.3, 61.5, 77.8, 97.8, 97.6, 86.9, 85.0, 13.6]",None,0.0,OK,None,,Null,"[1, 1, 1, 1, 1, 1, 1, 1, 1, 1, 1]"
1868230,658207UA0A,"[144, 0]","[224, 0]",08:46:55,20260417,0.0,10821,"[15.7, 75.3, 87.5, 117.6, 15.4, 311.5]","[1, 1, 1, 1]",0.0,OK,,,None,"[1, 1, 1, 1, 1, 1]"
1868228,658207UA0A,"[143, 0]","[223, 0]",08:46:50,20260417,0.0,10821,"[15.5, 74.8, 88.1, 117.4, 14.5, 310.3]","[1, 1, 1, 1]",0.0,OK,,,None,"[1, 1, 1, 1, 1, 1]"
1868229,8462284S00,"[726, 6]","[124, 1]",08:46:49,20260417,0.0,10823,"[12.0, 128.2, 128.4, 128.6, 128.1, 128.6, 127.8, 12.6, 794.2]",None,0.0,OK,None,7,00024533,"[1, 1, 1, 1, 1, 1, 1, 1, 1]"
1868227,658207UA0A,"[142, 0]","[222, 0]",08:46:45,20260417,0.0,10821,"[16.0, 74.8, 88.3, 116.8, 15.2, 311.2]","[1, 1, 1, 1]",0.0,OK,,,None,"[1, 1, 1, 1, 1, 1]"
1868226,658207UA0A,"[141, 0]","[221, 0]",08:46:40,20260417,0.0,10821,"[15.2, 75.4, 88.3, 116.7, 15.4, 311.0]","[1, 1, 1, 1]",0.0,OK,,,None,"[1, 1, 1, 1, 1, 1]"
1868225,8462284S00,"[725, 6]","[123, 1]",08:46:32,20260417,0.0,10823,"[12.4, 127.6, 128.1, 128.4, 128.2, 128.4, 127.4, 12.5, 793.1]",None,0.0,OK,None,7,00024533,"[1, 1, 1, 1, 1, 1, 1, 1, 1]"
1868224,82832W080PKENGEN,"[247, 0]","[22, 0]",08:46:17,20260417,0.0,None,"[27.3, 36.9, 38.7, 52.4, 61.7, 78.0, 97.8, 97.6, 86.9, 84.9, 13.8]",None,0.0,OK,None,,Null,"[1, 1, 1, 1, 1, 1, 1, 1, 1, 1, 1]"
1868223,8462284S00,"[724, 6]","[122, 1]",08:46:06,20260417,0.0,10823,"[12.3, 127.4, 127.8, 127.9, 128.7, 128.4, 127.1, 12.6, 792.2]",None,0.0,OK,None,7,00024533,"[1, 1, 1, 1, 1, 1, 1, 1, 1]"
1868222,8462284S00,"[723, 6]","[121, 1]",08:45:52,20260417,0.0,10823,"[12.4, 127.4, 127.8, 128.1, 127.9, 128.2, 127.1, 12.1, 791.0]",None,0.0,OK,None,7,00024533,"[1, 1, 1, 1, 1, 1, 1, 1, 1]"
1868221,658207UA0A,"[140, 0]","[220, 0]",08:45:20,20260417,0.0,10821,"[15.3, 75.5, 88.1, 117.0, 15.4, 311.2]","[1, 1, 1, 1]",0.0,OK,,,None,"[1, 1, 1, 1, 1, 1]"
1868220,658207UA0A,"[139, 0]","[219, 0]",08:45:14,20260417,0.0,10821,"[15.6, 75.1, 88.0, 117.0, 15.4, 311.1]","[1, 1, 1, 1]",0.0,OK,,,None,"[1, 1, 1, 1, 1, 1]"
1868219,658207UA0A,"[138, 0]","[218, 0]",08:45:08,20260417,0.0,10821,"[15.1, 75.1, 88.0, 117.3, 14.7, 310.2]","[1, 1, 1, 1]",0.0,OK,,,None,"[1, 1, 1, 1, 1, 1]"
1868218,658207UA0A,"[137, 0]","[217, 0]",08:45:02,20260417,0.0,10821,"[15.4, 75.3, 88.1, 117.1, 15.2, 311.2]","[1, 1, 1, 1]",0.0,OK,,,None,"[1, 1, 1, 1, 1, 1]"
1868217,658207UA0A,"[136, 0]","[216, 0]",08:44:55,20260417,0.0,10821,"[15.5, 75.1, 88.1, 117.0, 15.3, 311.0]","[1, 1, 1, 1]",0.0,OK,,,None,"[1, 1, 1, 1, 1, 1]"
1868216,8462284S00,"[722, 6]","[120, 1]",08:44:52,20260417,0.0,10823,"[12.5, 127.4, 128.1, 127.9, 128.4, 128.6, 127.6, 12.6, 793.1]",None,0.0,OK,None,7,00024533,"[1, 1, 1, 1, 1, 1, 1, 1, 1]"
1868215,658207UA0A,"[135, 0]","[215, 0]",08:44:49,20260417,0.0,10821,"[15.6, 75.1, 88.1, 117.3, 15.4, 311.6]","[1, 1, 1, 1]",0.0,OK,,,None,"[1, 1, 1, 1, 1, 1]"
1868214,658207UA0A,"[134, 0]","[214, 0]",08:44:43,20260417,0.0,10821,"[16.0, 75.3, 87.8, 117.1, 15.6, 311.8]","[1, 1, 1, 1]",0.0,OK,,,None,"[1, 1, 1, 1, 1, 1]"
1868213,8462284S00,"[721, 6]","[119, 1]",08:44:37,20260417,0.0,10823,"[12.4, 127.6, 127.6, 128.6, 128.7, 128.4, 127.6, 12.5, 793.4]",None,0.0,OK,None,7,00024533,"[1, 1, 1, 1, 1, 1, 1, 1, 1]"
1868212,658207UA0A,"[133, 0]","[213, 0]",08:44:36,20260417,0.0,10821,"[15.8, 74.8, 88.0, 117.0, 14.9, 310.5]","[1, 1, 1, 1]",0.0,OK,,,None,"[1, 1, 1, 1, 1, 1]"
1868211,658207UA0A,"[132, 0]","[212, 0]",08:44:30,20260417,0.0,10821,"[15.7, 75.0, 88.1, 116.8, 15.0, 310.6]","[1, 1, 1, 1]",0.0,OK,,,None,"[1, 1, 1, 1, 1, 1]"
1868210,658207UA0A,"[131, 0]","[211, 0]",08:44:25,20260417,0.0,10821,"[15.8, 75.0, 88.3, 117.0, 15.7, 311.7]","[1, 1, 1, 1]",0.0,OK,,,None,"[1, 1, 1, 1, 1, 1]"
1868209,658207UA0A,"[130, 0]","[210, 0]",08:44:20,20260417,0.0,10821,"[15.9, 74.8, 88.0, 117.3, 15.2, 311.1]","[1, 1, 1, 1]",0.0,OK,,,None,"[1, 1, 1, 1, 1, 1]"
1868208,658207UA0A,"[129, 0]","[209, 0]",08:44:14,20260417,0.0,10821,"[15.9, 74.5, 88.0, 117.1, 14.8, 310.3]","[1, 1, 1, 1]",0.0,OK,,,None,"[1, 1, 1, 1, 1, 1]"
1868207,82832W080PKENGEN,"[246, 0]","[21, 0]",08:44:11,20260417,0.0,None,"[27.3, 36.8, 38.7, 51.8, 61.4, 78.1, 97.3, 97.8, 87.1, 84.7, 13.6]",None,0.0,OK,None,,Null,"[1, 1, 1, 1, 1, 1, 1, 1, 1, 1, 1]"
1868206,658207UA0A,"[128, 0]","[208, 0]",08:44:07,20260417,0.0,10821,"[15.9, 74.8, 88.3, 117.3, 15.2, 311.5]","[1, 1, 1, 1]",0.0,OK,,,None,"[1, 1, 1, 1, 1, 1]"
1868205,8462284S00,"[720, 6]","[118, 1]",08:44:02,20260417,0.0,10823,"[12.1, 127.6, 128.1, 127.9, 128.7, 128.2, 127.3, 12.5, 792.5]",None,0.0,OK,None,7,00024533,"[1, 1, 1, 1, 1, 1, 1, 1, 1]"
1868204,658207UA0A,"[127, 0]","[207, 0]",08:44:02,20260417,0.0,10821,"[15.5, 75.1, 88.3, 116.8, 14.9, 310.7]","[1, 1, 1, 1]",0.0,OK,,,None,"[1, 1, 1, 1, 1, 1]"
1868203,658207UA0A,"[126, 0]","[206, 0]",08:43:56,20260417,0.0,10821,"[15.6, 75.0, 88.1, 117.1, 15.1, 311.0]","[1, 1, 1, 1]",0.0,OK,,,None,"[1, 1, 1, 1, 1, 1]"
1868202,8462284S00,"[719, 6]","[117, 1]",08:43:49,20260417,0.0,10823,"[12.3, 127.5, 127.8, 128.2, 128.1, 128.7, 127.3, 12.9, 792.8]",None,0.0,OK,None,7,00024533,"[1, 1, 1, 1, 1, 1, 1, 1, 1]"
1868201,658207UA0A,"[125, 0]","[205, 0]",08:43:49,20260417,0.0,10821,"[15.7, 75.0, 88.1, 117.6, 15.3, 311.7]","[1, 1, 1, 1]",0.0,OK,,,None,"[1, 1, 1, 1, 1, 1]"
1868200,658207UA0A,"[124, 0]","[204, 0]",08:43:43,20260417,0.0,10821,"[15.8, 75.0, 88.1, 117.5, 15.1, 311.5]","[1, 1, 1, 1]",0.0,OK,,,None,"[1, 1, 1, 1, 1, 1]"
1868199,658207UA0A,"[123, 0]","[203, 0]",08:43:37,20260417,0.0,10821,"[15.8, 75.0, 88.1, 117.0, 15.2, 311.0]","[1, 1, 1, 1]",0.0,OK,,,None,"[1, 1, 1, 1, 1, 1]"
1868198,8462284S00,"[718, 6]","[116, 1]",08:43:32,20260417,0.0,10823,"[12.5, 127.6, 127.6, 127.9, 128.4, 127.9, 127.0, 12.3, 791.2]",None,0.0,OK,None,7,00024533,"[1, 1, 1, 1, 1, 1, 1, 1, 1]"
1868197,658207UA0A,"[122, 0]","[202, 0]",08:43:32,20260417,0.0,10821,"[16.0, 74.5, 88.1, 116.8, 14.9, 310.3]","[1, 1, 1, 1]",0.0,OK,,,None,"[1, 1, 1, 1, 1, 1]"
1868196,658207UA0A,"[121, 0]","[201, 0]",08:43:26,20260417,0.0,10821,"[15.7, 75.0, 88.1, 116.7, 15.5, 311.0]","[1, 1, 1, 1]",0.0,OK,,,None,"[1, 1, 1, 1, 1, 1]"
1868195,8462284S00,"[717, 6]","[115, 1]",08:43:19,20260417,0.0,10823,"[12.3, 127.9, 128.1, 128.2, 128.3, 127.9, 127.8, 13.1, 793.6]",None,0.0,OK,None,7,00024533,"[1, 1, 1, 1, 1, 1, 1, 1, 1]"
1868194,82832W080PKENGEN,"[245, 0]","[20, 0]",08:43:15,20260417,0.0,None,"[27.5, 37.1, 38.5, 52.4, 61.5, 78.0, 98.4, 98.1, 86.9, 84.9, 13.6]",None,0.0,OK,None,,Null,"[1, 1, 1, 1, 1, 1, 1, 1, 1, 1, 1]"
1868193,8462284S00,"[716, 6]","[114, 1]",08:43:09,20260417,0.0,10823,"[12.5, 127.6, 128.1, 128.4, 128.7, 128.2, 127.4, 12.8, 793.7]",None,0.0,OK,None,7,00024533,"[1, 1, 1, 1, 1, 1, 1, 1, 1]"
1868192,8462284S00,"[715, 6]","[113, 1]",08:42:56,20260417,0.0,10823,"[12.2, 127.5, 127.9, 128.1, 128.6, 128.6, 127.6, 13.0, 793.3]",None,0.0,OK,None,7,00024533,"[1, 1, 1, 1, 1, 1, 1, 1, 1]"
1868191,82832W080PKENGEN,"[244, 0]","[19, 0]",08:42:50,20260417,0.0,None,"[27.2, 37.1, 38.5, 52.4, 61.5, 78.0, 97.8, 98.0, 87.3, 84.9, 13.4]",None,0.0,OK,None,,Null,"[1, 1, 1, 1, 1, 1, 1, 1, 1, 1, 1]"
1868190,8462284S00,"[714, 6]","[112, 1]",08:42:44,20260417,0.0,10823,"[12.6, 127.6, 127.6, 128.1, 128.6, 128.9, 127.4, 12.5, 793.2]",None,0.0,OK,None,7,00024533,"[1, 1, 1, 1, 1, 1, 1, 1, 1]"
1868189,82832W080PKENGEN,"[243, 0]","[18, 0]",08:42:20,20260417,0.0,None,"[27.6, 36.9, 38.7, 52.4, 61.5, 78.1, 97.8, 98.3, 86.9, 85.0, 13.6]",None,0.0,OK,None,,Null,"[1, 1, 1, 1, 1, 1, 1, 1, 1, 1, 1]"
1868188,8462284S00,"[713, 6]","[111, 1]",08:42:20,20260417,0.0,10823,"[12.6, 127.3, 127.4, 128.4, 127.9, 128.4, 127.4, 12.3, 791.7]",None,0.0,OK,None,7,00024533,"[1, 1, 1, 1, 1, 1, 1, 1, 1]"
1868187,82832W080PKENGEN,"[242, 0]","[17, 0]",08:41:45,20260417,0.0,None,"[27.5, 36.9, 38.4, 52.6, 61.5, 78.0, 97.3, 97.8, 86.9, 85.0, 13.6]",None,0.0,OK,None,,Null,"[1, 1, 1, 1, 1, 1, 1, 1, 1, 1, 1]"
1868186,8462284S00,"[712, 6]","[110, 1]",08:41:31,20260417,0.0,10823,"[12.5, 127.8, 127.6, 127.9, 127.6, 128.7, 127.1, 12.5, 791.8]",None,0.0,OK,None,7,00024533,"[1, 1, 1, 1, 1, 1, 1, 1, 1]"
1868185,658207UA0A,"[120, 0]","[200, 0]",08:41:30,20260417,0.0,10821,"[15.6, 74.8, 87.8, 116.7, 16.0, 310.9]","[1, 1, 1, 1]",0.0,OK,,,None,"[1, 1, 1, 1, 1, 1]"
1868184,82832W080PKENGEN,"[241, 0]","[16, 0]",08:41:24,20260417,0.0,None,"[27.8, 37.2, 38.5, 51.9, 61.4, 78.0, 98.0, 97.8, 86.9, 84.7, 13.8]",None,0.0,OK,None,,Null,"[1, 1, 1, 1, 1, 1, 1, 1, 1, 1, 1]"
1868183,658207UA0A,"[119, 0]","[199, 0]",08:41:24,20260417,0.0,10821,"[16.1, 74.7, 88.0, 116.8, 15.4, 311.0]","[1, 1, 1, 1]",0.0,OK,,,None,"[1, 1, 1, 1, 1, 1]"
1868182,658207UA0A,"[118, 0]","[198, 0]",08:41:20,20260417,0.0,10821,MANUAL,MANUAL,0.0,MANUAL,MANUAL,,Null,MANUAL
1868180,8462284S00,"[711, 6]","[109, 1]",08:41:18,20260417,0.0,10823,"[12.3, 127.6, 127.8, 128.2, 128.4, 128.4, 127.6, 12.2, 792.5]",None,0.0,OK,None,7,00024533,"[1, 1, 1, 1, 1, 1, 1, 1, 1]"
1868181,658207UA0A,"[118, 1]","[198, 1]",08:41:16,20260417,0.0,10821,"[15.5, 75.3, 88.1, 117.0, 15.8, 311.6]","[1, 1, 1, 1]",0.0,OK,,,None,"[1, 1, 1, 1, 1, 1]"
1868179,658207UA0A,"[117, 1]","[197, 1]",08:41:12,20260417,0.0,10821,"[0, 0, 0, 0, 0, 0]",[],0.0,NG,PART IS NOT FOUND,,None,"[0, 0, 0, 0, 0, 0]"
1868178,658207UA0A,"[117, 0]","[197, 0]",08:41:07,20260417,0.0,10821,"[16.1, 75.1, 88.4, 116.8, 15.6, 312.1]","[1, 1, 1, 1]",0.0,OK,,,None,"[1, 1, 1, 1, 1, 1]"
1868177,8462284S00,"[710, 6]","[108, 1]",08:41:06,20260417,0.0,10823,"[12.7, 127.4, 127.4, 127.6, 128.6, 128.2, 127.3, 12.3, 791.5]",None,0.0,OK,None,7,00024533,"[1, 1, 1, 1, 1, 1, 1, 1, 1]"
1868175,658207UA0A,"[116, 0]","[196, 0]",08:41:01,20260417,0.0,10821,"[15.7, 75.1, 88.1, 116.8, 15.3, 311.1]","[1, 1, 1, 1]",0.0,OK,,,None,"[1, 1, 1, 1, 1, 1]"
1868176,82832W080PKENGEN,"[240, 0]","[15, 0]",08:41:00,20260417,0.0,None,"[27.3, 36.9, 38.5, 52.3, 61.0, 78.0, 97.8, 97.8, 86.9, 84.9, 13.6]",None,0.0,OK,None,,Null,"[1, 1, 1, 1, 1, 1, 1, 1, 1, 1, 1]"
1868174,8462284S00,"[709, 6]","[107, 1]",08:40:53,20260417,0.0,10823,"[12.7, 127.6, 127.9, 128.3, 127.9, 128.6, 127.4, 12.4, 792.7]",None,0.0,OK,None,7,00024533,"[1, 1, 1, 1, 1, 1, 1, 1, 1]"
1868173,658207UA0A,"[115, 0]","[195, 0]",08:40:53,20260417,0.0,10821,"[15.8, 75.1, 88.3, 116.7, 15.8, 311.7]","[1, 1, 1, 1]",0.0,OK,,,None,"[1, 1, 1, 1, 1, 1]"
1868172,658207UA0A,"[114, 0]","[194, 0]",08:40:48,20260417,0.0,10821,"[15.7, 75.3, 88.1, 116.8, 15.1, 311.1]","[1, 1, 1, 1]",0.0,OK,,,None,"[1, 1, 1, 1, 1, 1]"
1868171,8462284S00,"[708, 6]","[106, 1]",08:40:43,20260417,0.0,10823,"[12.7, 127.3, 127.6, 128.6, 128.6, 128.4, 127.6, 12.5, 793.1]",None,0.0,OK,None,7,00024533,"[1, 1, 1, 1, 1, 1, 1, 1, 1]"
1868170,8462284S00,"[707, 6]","[105, 1]",08:40:32,20260417,0.0,10823,"[12.3, 127.8, 127.6, 128.6, 128.6, 128.4, 127.6, 12.5, 793.3]",None,0.0,OK,None,7,00024533,"[1, 1, 1, 1, 1, 1, 1, 1, 1]"
1868169,658207UA0A,"[113, 0]","[193, 0]",08:40:27,20260417,0.0,10821,"[15.7, 74.7, 87.7, 117.1, 15.9, 311.0]","[1, 1, 1, 1]",0.0,OK,,,None,"[1, 1, 1, 1, 1, 1]"
1868168,82832W080PKENGEN,"[239, 0]","[14, 0]",08:40:26,20260417,0.0,None,"[27.3, 36.8, 38.8, 52.3, 61.7, 77.7, 97.8, 97.8, 86.9, 84.5, 13.6]",None,0.0,OK,None,,Null,"[1, 1, 1, 1, 1, 1, 1, 1, 1, 1, 1]"
1868167,658207UA0A,"[112, 0]","[192, 0]",08:40:23,20260417,0.0,10821,"[15.8, 75.0, 88.3, 117.3, 15.3, 311.7]","[1, 1, 1, 1]",0.0,OK,,,None,"[1, 1, 1, 1, 1, 1]"
1868166,8462284S00,"[706, 6]","[104, 1]",08:40:21,20260417,0.0,10823,"[12.4, 127.8, 127.8, 128.2, 128.4, 128.6, 127.4, 12.4, 793.0]",None,0.0,OK,None,7,00024533,"[1, 1, 1, 1, 1, 1, 1, 1, 1]"
1868165,658207UA0A,"[111, 0]","[191, 0]",08:40:18,20260417,0.0,10821,"[15.7, 75.0, 88.1, 116.7, 15.3, 310.8]","[1, 1, 1, 1]",0.0,OK,,,None,"[1, 1, 1, 1, 1, 1]"
1868164,658207UA0A,"[110, 0]","[190, 0]",08:40:13,20260417,0.0,10821,"[16.8, 75.1, 88.3, 117.0, 15.2, 312.4]","[1, 1, 1, 1]",0.0,OK,,,None,"[1, 1, 1, 1, 1, 1]"
1868163,658207UA0A,"[109, 0]","[189, 0]",08:40:09,20260417,0.0,10821,"[15.8, 75.1, 88.1, 117.0, 15.1, 311.1]","[1, 1, 1, 1]",0.0,OK,,,None,"[1, 1, 1, 1, 1, 1]"
1868157,658207UA0A,"[108, 0]","[188, 0]",08:40:03,20260417,0.0,10821,"[15.9, 75.1, 88.0, 117.0, 15.4, 311.4]","[1, 1, 1, 1]",0.0,OK,,,None,"[1, 1, 1, 1, 1, 1]"
1868162,65820W030P,"[100, 1]","[100, 1]",08:40:01,20260417,0.0,10733,None,None,0.0,None,,,,None
1868161,65820W030P,"[100, 1]","[100, 1]",08:40:01,20260417,0.0,10733,None,None,0.0,None,,,,None
1868160,65820W030P,"[100, 1]","[100, 1]",08:40:01,20260417,0.0,10733,None,None,0.0,None,,,,None
1868159,65820W030P,"[100, 1]","[100, 1]",08:40:01,20260417,0.0,10733,None,None,0.0,None,,,,None
1868158,65820W030P,"[100, 1]","[100, 1]",08:40:01,20260417,0.0,10733,None,None,0.0,None,,,,None
1868156,8462284S00,"[705, 6]","[103, 1]",08:39:58,20260417,0.0,10823,"[12.6, 127.6, 128.1, 128.2, 128.6, 128.6, 127.9, 12.6, 794.2]",None,0.0,OK,None,7,00024533,"[1, 1, 1, 1, 1, 1, 1, 1, 1]"
1868154,658207UA0A,"[107, 0]","[187, 0]",08:39:57,20260417,0.0,10821,"[16.1, 75.0, 88.1, 117.0, 15.3, 311.5]","[1, 1, 1, 1]",0.0,OK,,,None,"[1, 1, 1, 1, 1, 1]"
1868155,65820W030P,"[100, 1]","[100, 1]",08:39:55,20260417,0.0,10733,"[27.3, 106.1, 74.6, 74.8, 74.6, 76.5, 73.5, 91.6, 74.8, 102.0, 99.7, 129.3, 103.4, 109.7, 103.2, 129.6, 99.7, 102.3, 75.0, 92.9, 75.9, 74.6, 75.0, 75.0, 74.5, 105.6, 27.3]",None,0.0,OK,,,,"[1, 1, 1, 1, 1, 1, 1, 1, 1, 1, 1, 1, 1, 1, 1, 1, 1, 1, 1, 1, 1, 1, 1, 1, 1, 1, 1]"
1868153,65820W030P,"[99, 1]","[99, 1]",08:39:55,20260417,0.0,10733,"[27.0, 106.6, 75.0, 74.8, 74.8, 75.6, 74.6, 91.6, 74.8, 102.1, 100.0, 129.4, 103.9, 109.7, 103.5, 129.9, 99.9, 102.4, 74.6, 93.4, 74.8, 75.3, 75.0, 75.0, 74.6, 105.9, 27.3]",None,0.0,OK,,,,"[1, 1, 1, 1, 1, 1, 1, 1, 1, 1, 1, 1, 1, 1, 1, 1, 1, 1, 1, 1, 1, 1, 1, 1, 1, 1, 1]"
1868152,65820W030P,"[98, 1]","[98, 1]",08:39:54,20260417,0.0,10733,"[27.0, 106.2, 74.6, 74.6, 75.0, 75.4, 74.5, 91.2, 75.0, 102.1, 100.2, 129.4, 103.5, 109.6, 103.5, 129.9, 99.9, 102.3, 75.3, 92.4, 75.8, 74.8, 75.4, 75.3, 75.1, 106.1, 27.5]",None,0.0,OK,,,,"[1, 1, 1, 1, 1, 1, 1, 1, 1, 1, 1, 1, 1, 1, 1, 1, 1, 1, 1, 1, 1, 1, 1, 1, 1, 1, 1]"
1868151,65820W030P,"[97, 1]","[97, 1]",08:39:53,20260417,0.0,10733,"[26.8, 106.7, 74.8, 75.0, 74.8, 75.6, 74.0, 91.8, 74.6, 102.3, 100.4, 129.9, 103.5, 109.7, 103.2, 129.4, 99.9, 102.6, 75.4, 92.3, 75.4, 75.3, 75.3, 75.3, 75.1, 106.4, 27.5]",None,0.0,OK,,,,"[1, 1, 1, 1, 1, 1, 1, 1, 1, 1, 1, 1, 1, 1, 1, 1, 1, 1, 1, 1, 1, 1, 1, 1, 1, 1, 1]"
1868150,65820W030P,"[96, 1]","[96, 1]",08:39:53,20260417,0.0,10733,"[27.5, 106.6, 74.8, 74.6, 75.1, 75.7, 73.8, 91.5, 75.0, 102.3, 99.9, 129.6, 104.0, 109.9, 103.7, 129.4, 100.0, 102.7, 75.1, 92.1, 75.3, 75.1, 75.4, 75.3, 75.3, 106.9, 27.6]",None,0.0,OK,,,,"[1, 1, 1, 1, 1, 1, 1, 1, 1, 1, 1, 1, 1, 1, 1, 1, 1, 1, 1, 1, 1, 1, 1, 1, 1, 1, 1]"
1868149,658207UA0A,"[106, 0]","[186, 0]",08:39:53,20260417,0.0,10821,"[16.0, 75.3, 87.8, 117.8, 15.4, 312.3]","[1, 1, 1, 1]",0.0,OK,,,None,"[1, 1, 1, 1, 1, 1]"
1868148,82832W080PKENGEN,"[238, 0]","[13, 0]",08:39:51,20260417,0.0,None,"[27.5, 37.1, 38.9, 52.3, 61.4, 78.1, 97.6, 98.1, 87.1, 85.2, 13.7]",None,0.0,OK,None,,Null,"[1, 1, 1, 1, 1, 1, 1, 1, 1, 1, 1]"
1868147,658207UA0A,"[105, 0]","[185, 0]",08:39:48,20260417,0.0,10821,"[15.8, 75.0, 87.7, 117.1, 14.7, 310.3]","[1, 1, 1, 1]",0.0,OK,,,None,"[1, 1, 1, 1, 1, 1]"
1868146,8462284S00,"[704, 6]","[102, 1]",08:39:47,20260417,0.0,10823,"[12.5, 127.3, 128.2, 128.6, 128.2, 128.2, 127.8, 12.5, 793.3]",None,0.0,OK,None,7,00024533,"[1, 1, 1, 1, 1, 1, 1, 1, 1]"
1868145,658207UA0A,"[104, 0]","[184, 0]",08:39:44,20260417,0.0,10821,"[16.2, 74.8, 88.3, 117.0, 15.3, 311.6]","[1, 1, 1, 1]",0.0,OK,,,None,"[1, 1, 1, 1, 1, 1]"
1868144,658207UA0A,"[103, 0]","[183, 0]",08:39:39,20260417,0.0,10821,"[15.8, 75.0, 88.1, 117.1, 15.3, 311.3]","[1, 1, 1, 1]",0.0,OK,,,None,"[1, 1, 1, 1, 1, 1]"
1868143,658207UA0A,"[102, 0]","[182, 0]",08:39:32,20260417,0.0,10821,"[15.8, 75.1, 88.3, 116.8, 15.2, 311.2]","[1, 1, 1, 1]",0.0,OK,,,None,"[1, 1, 1, 1, 1, 1]"
1868142,82832W080PKENGEN,"[237, 0]","[12, 0]",08:39:28,20260417,0.0,None,"[27.5, 36.9, 38.7, 51.9, 61.8, 78.0, 97.8, 98.0, 86.9, 85.0, 13.8]",None,0.0,OK,None,,Null,"[1, 1, 1, 1, 1, 1, 1, 1, 1, 1, 1]"
1868141,658207UA0A,"[101, 0]","[181, 0]",08:39:24,20260417,0.0,10821,"[15.5, 75.0, 88.3, 117.1, 14.9, 310.8]","[1, 1, 1, 1]",0.0,OK,,,None,"[1, 1, 1, 1, 1, 1]"
1868139,8462284S00,"[703, 6]","[101, 1]",08:39:09,20260417,0.0,10823,"[12.5, 127.1, 128.2, 128.2, 129.0, 128.6, 127.6, 13.0, 794.2]",None,0.0,OK,None,7,00024533,"[1, 1, 1, 1, 1, 1, 1, 1, 1]"
1868140,65820W030P,"[95, 1]","[95, 1]",08:39:08,20260417,0.0,10733,"[26.7, 105.9, 74.6, 74.8, 74.8, 76.5, 73.5, 91.3, 74.6, 102.1, 99.6, 129.3, 103.4, 109.7, 103.2, 130.2, 99.9, 102.6, 75.1, 92.1, 76.7, 74.8, 75.0, 74.8, 74.5, 105.6, 27.6]",None,0.0,OK,,,,"[1, 1, 1, 1, 1, 1, 1, 1, 1, 1, 1, 1, 1, 1, 1, 1, 1, 1, 1, 1, 1, 1, 1, 1, 1, 1, 1]"
1868138,65820W030P,"[94, 1]","[94, 1]",08:39:08,20260417,0.0,10733,"[26.2, 106.4, 75.0, 74.6, 74.8, 75.1, 74.8, 91.2, 75.1, 102.0, 99.7, 129.3, 103.9, 109.9, 103.5, 129.9, 100.0, 102.6, 75.3, 91.9, 76.2, 75.0, 75.3, 75.1, 75.0, 106.1, 27.3]",None,0.0,OK,,,,"[1, 1, 1, 1, 1, 1, 1, 1, 1, 1, 1, 1, 1, 1, 1, 1, 1, 1, 1, 1, 1, 1, 1, 1, 1, 1, 1]"
1868137,65820W030P,"[93, 1]","[93, 1]",08:39:07,20260417,0.0,10733,"[27.0, 106.2, 74.8, 74.6, 74.8, 75.1, 74.3, 91.2, 74.8, 102.3, 100.0, 128.6, 103.5, 109.7, 103.4, 129.1, 99.9, 102.6, 75.1, 91.8, 75.6, 75.1, 75.3, 75.1, 75.0, 106.4, 27.6]",None,0.0,OK,,,,"[1, 1, 1, 1, 1, 1, 1, 1, 1, 1, 1, 1, 1, 1, 1, 1, 1, 1, 1, 1, 1, 1, 1, 1, 1, 1, 1]"
1868136,65820W030P,"[92, 1]","[92, 1]",08:39:07,20260417,0.0,10733,"[26.7, 106.1, 74.8, 74.5, 75.1, 75.0, 74.0, 91.2, 74.8, 102.3, 99.4, 129.3, 103.7, 109.6, 103.2, 129.6, 100.4, 102.7, 75.3, 92.1, 75.8, 75.1, 75.3, 75.3, 75.1, 106.7, 27.3]",None,0.0,OK,,,,"[1, 1, 1, 1, 1, 1, 1, 1, 1, 1, 1, 1, 1, 1, 1, 1, 1, 1, 1, 1, 1, 1, 1, 1, 1, 1, 1]"
1868135,65820W030P,"[91, 1]","[91, 1]",08:39:06,20260417,0.0,10733,"[27.0, 106.6, 74.6, 74.8, 74.6, 75.7, 73.8, 91.5, 75.1, 102.1, 99.9, 129.7, 104.0, 109.6, 103.2, 129.6, 100.0, 102.6, 74.8, 92.4, 75.4, 75.3, 75.3, 75.4, 75.0, 106.7, 27.3]",None,0.0,OK,,,,"[1, 1, 1, 1, 1, 1, 1, 1, 1, 1, 1, 1, 1, 1, 1, 1, 1, 1, 1, 1, 1, 1, 1, 1, 1, 1, 1]"
1868134,82832W080PKENGEN,"[236, 0]","[11, 0]",08:39:04,20260417,0.0,None,"[27.3, 37.1, 39.0, 52.3, 61.5, 77.7, 98.1, 97.8, 86.9, 85.2, 13.6]",None,0.0,OK,None,,Null,"[1, 1, 1, 1, 1, 1, 1, 1, 1, 1, 1]"
1868133,82832W080PKENGEN,"[235, 0]","[10, 0]",08:38:38,20260417,0.0,None,"[27.5, 36.9, 38.4, 52.3, 61.4, 78.0, 97.8, 98.0, 86.8, 85.2, 13.6]",None,0.0,OK,None,,Null,"[1, 1, 1, 1, 1, 1, 1, 1, 1, 1, 1]"
1868132,65820W030P,"[90, 1]","[90, 1]",08:38:18,20260417,0.0,10733,"[26.7, 106.1, 74.5, 74.6, 74.6, 74.3, 75.7, 91.2, 75.0, 101.8, 99.4, 129.4, 103.5, 108.8, 102.9, 130.2, 99.7, 102.3, 75.0, 91.8, 76.9, 75.1, 75.0, 74.8, 74.5, 105.4, 27.5]",None,0.0,OK,,,,"[1, 1, 1, 1, 1, 1, 1, 1, 1, 1, 1, 1, 1, 1, 1, 1, 1, 1, 1, 1, 1, 1, 1, 1, 1, 1, 1]"
1868131,65820W030P,"[89, 1]","[89, 1]",08:38:18,20260417,0.0,10733,"[26.8, 106.1, 74.5, 74.5, 74.6, 75.9, 73.7, 91.2, 75.0, 101.9, 99.7, 129.1, 103.4, 109.3, 103.4, 129.7, 99.9, 102.6, 75.1, 91.9, 76.1, 74.8, 75.3, 75.0, 75.0, 105.9, 27.2]",None,0.0,OK,,,,"[1, 1, 1, 1, 1, 1, 1, 1, 1, 1, 1, 1, 1, 1, 1, 1, 1, 1, 1, 1, 1, 1, 1, 1, 1, 1, 1]"
1868130,65820W030P,"[88, 1]","[88, 1]",08:38:17,20260417,0.0,10733,"[27.8, 106.7, 74.8, 75.0, 74.6, 75.3, 74.5, 91.5, 75.0, 102.4, 99.9, 129.1, 103.5, 109.7, 103.1, 129.6, 100.4, 102.7, 75.3, 92.3, 75.8, 75.1, 75.4, 75.4, 75.1, 106.4, 27.5]",None,0.0,OK,,,,"[1, 1, 1, 1, 1, 1, 1, 1, 1, 1, 1, 1, 1, 1, 1, 1, 1, 1, 1, 1, 1, 1, 1, 1, 1, 1, 1]"
1868129,65820W030P,"[87, 1]","[87, 1]",08:38:16,20260417,0.0,10733,"[27.3, 106.7, 74.6, 74.6, 74.8, 75.4, 74.0, 91.2, 74.8, 102.1, 99.9, 129.9, 103.9, 110.1, 103.5, 129.4, 99.9, 102.7, 75.0, 92.3, 75.8, 75.1, 75.1, 75.4, 74.8, 106.7, 27.6]",None,0.0,OK,,,,"[1, 1, 1, 1, 1, 1, 1, 1, 1, 1, 1, 1, 1, 1, 1, 1, 1, 1, 1, 1, 1, 1, 1, 1, 1, 1, 1]"
1868128,65820W030P,"[86, 1]","[86, 1]",08:38:16,20260417,0.0,10733,"[27.2, 106.4, 74.8, 74.8, 75.1, 75.6, 74.2, 91.3, 75.0, 102.0, 100.0, 129.9, 103.5, 109.6, 103.7, 129.6, 99.9, 102.7, 75.4, 92.3, 75.3, 75.3, 75.4, 75.4, 75.1, 107.0, 27.3]",None,0.0,OK,,,,"[1, 1, 1, 1, 1, 1, 1, 1, 1, 1, 1, 1, 1, 1, 1, 1, 1, 1, 1, 1, 1, 1, 1, 1, 1, 1, 1]"
1868127,82832W080PKENGEN,"[234, 0]","[9, 0]",08:38:11,20260417,0.0,None,"[27.2, 37.1, 38.7, 52.6, 61.4, 78.5, 98.0, 98.0, 87.3, 84.9, 13.6]",None,0.0,OK,None,,Null,"[1, 1, 1, 1, 1, 1, 1, 1, 1, 1, 1]"
1868126,8462284S00,"[702, 6]","[100, 1]",08:38:03,20260417,0.0,10823,"[12.5, 127.8, 127.9, 128.4, 128.4, 128.4, 127.6, 12.7, 793.7]",None,0.0,OK,None,7,00024533,"[1, 1, 1, 1, 1, 1, 1, 1, 1]"
1868124,8462284S00,"[701, 6]","[99, 1]",08:37:51,20260417,0.0,10823,"[12.4, 127.8, 127.8, 128.4, 128.2, 128.3, 127.4, 12.4, 792.6]",None,0.0,OK,None,7,00024533,"[1, 1, 1, 1, 1, 1, 1, 1, 1]"
1868125,82832W080PKENGEN,"[233, 0]","[8, 0]",08:37:49,20260417,0.0,None,"[27.6, 37.1, 38.5, 52.3, 61.7, 78.3, 98.1, 98.0, 86.9, 85.0, 13.6]",None,0.0,OK,None,,Null,"[1, 1, 1, 1, 1, 1, 1, 1, 1, 1, 1]"
1868123,8462284S00,"[700, 6]","[98, 1]",08:37:39,20260417,0.0,10823,"[12.3, 127.8, 127.9, 127.6, 128.6, 128.2, 127.3, 12.6, 792.2]",None,0.0,OK,None,7,00024533,"[1, 1, 1, 1, 1, 1, 1, 1, 1]"
1868122,8462284S00,"[699, 6]","[97, 1]",08:37:25,20260417,0.0,10823,"[12.4, 127.8, 128.1, 128.6, 128.2, 128.2, 127.9, 12.5, 793.6]",None,0.0,OK,None,7,00024533,"[1, 1, 1, 1, 1, 1, 1, 1, 1]"
1868121,65820W030P,"[85, 1]","[85, 1]",08:37:15,20260417,0.0,10733,"[26.8, 106.4, 74.8, 74.5, 74.6, 75.9, 74.8, 91.2, 74.8, 102.4, 99.9, 129.4, 103.4, 109.7, 103.7, 130.2, 99.7, 102.6, 75.1, 91.9, 77.2, 74.8, 75.0, 75.0, 74.8, 105.6, 27.5]",None,0.0,OK,,,,"[1, 1, 1, 1, 1, 1, 1, 1, 1, 1, 1, 1, 1, 1, 1, 1, 1, 1, 1, 1, 1, 1, 1, 1, 1, 1, 1]"
1868120,65820W030P,"[84, 1]","[84, 1]",08:37:14,20260417,0.0,10733,"[27.0, 106.4, 74.5, 74.6, 74.8, 75.6, 74.2, 91.0, 74.8, 101.8, 99.7, 129.3, 103.7, 109.6, 103.2, 129.6, 100.2, 102.4, 75.1, 92.4, 76.2, 74.8, 75.1, 75.3, 75.0, 106.1, 27.5]",None,0.0,OK,,,,"[1, 1, 1, 1, 1, 1, 1, 1, 1, 1, 1, 1, 1, 1, 1, 1, 1, 1, 1, 1, 1, 1, 1, 1, 1, 1, 1]"
1868116,658207UA0A,"[100, 0]","[180, 0]",08:37:14,20260417,0.0,10821,"[16.0, 75.0, 88.1, 116.8, 15.5, 311.4]","[1, 1, 1, 1]",0.0,OK,,,None,"[1, 1, 1, 1, 1, 1]"
1868119,65820W030P,"[83, 1]","[83, 1]",08:37:13,20260417,0.0,10733,"[27.6, 106.6, 75.1, 74.8, 75.0, 75.3, 74.5, 91.6, 74.8, 102.0, 100.2, 129.4, 103.7, 109.3, 103.4, 129.3, 99.9, 102.3, 75.4, 92.3, 75.8, 75.0, 75.4, 75.1, 75.1, 106.3, 27.3]",None,0.0,OK,,,,"[1, 1, 1, 1, 1, 1, 1, 1, 1, 1, 1, 1, 1, 1, 1, 1, 1, 1, 1, 1, 1, 1, 1, 1, 1, 1, 1]"
1868118,65820W030P,"[82, 1]","[82, 1]",08:37:13,20260417,0.0,10733,"[27.9, 106.9, 75.0, 74.8, 75.3, 75.4, 74.3, 91.5, 75.0, 101.8, 100.2, 129.9, 104.0, 109.6, 103.5, 129.7, 100.4, 102.7, 75.1, 92.4, 75.9, 75.3, 75.4, 75.4, 75.0, 106.4, 27.5]",None,0.0,OK,,,,"[1, 1, 1, 1, 1, 1, 1, 1, 1, 1, 1, 1, 1, 1, 1, 1, 1, 1, 1, 1, 1, 1, 1, 1, 1, 1, 1]"
1868115,8462284S00,"[698, 6]","[96, 1]",08:37:13,20260417,0.0,10823,"[12.1, 127.4, 128.1, 127.5, 128.3, 128.2, 127.1, 12.2, 790.9]",None,0.0,OK,None,7,00024533,"[1, 1, 1, 1, 1, 1, 1, 1, 1]"
1868117,65820W030P,"[81, 1]","[81, 1]",08:37:12,20260417,0.0,10733,"[26.8, 106.4, 75.1, 75.0, 75.1, 75.3, 73.7, 91.3, 74.8, 102.1, 99.7, 129.9, 103.7, 109.6, 103.4, 129.4, 100.0, 102.7, 75.4, 92.4, 75.3, 75.1, 75.7, 75.3, 75.4, 106.4, 27.6]",None,0.0,OK,,,,"[1, 1, 1, 1, 1, 1, 1, 1, 1, 1, 1, 1, 1, 1, 1, 1, 1, 1, 1, 1, 1, 1, 1, 1, 1, 1, 1]"
1868114,82832W080PKENGEN,"[232, 0]","[7, 0]",08:37:10,20260417,0.0,None,"[27.5, 37.1, 38.7, 52.4, 61.7, 77.8, 98.0, 98.1, 87.3, 85.2, 13.6]",None,0.0,OK,None,,Null,"[1, 1, 1, 1, 1, 1, 1, 1, 1, 1, 1]"
1868113,658207UA0A,"[99, 0]","[179, 0]",08:37:08,20260417,0.0,10821,"[15.8, 75.1, 87.8, 117.3, 15.1, 311.1]","[1, 1, 1, 1]",0.0,OK,,,None,"[1, 1, 1, 1, 1, 1]"
1868112,658207UA0A,"[98, 0]","[178, 0]",08:37:03,20260417,0.0,10821,"[15.7, 75.0, 88.1, 117.0, 15.2, 311.1]","[1, 1, 1, 1]",0.0,OK,,,None,"[1, 1, 1, 1, 1, 1]"
1868111,8462284S00,"[697, 6]","[95, 1]",08:37:00,20260417,0.0,10823,"[11.2, 127.9, 128.1, 128.3, 128.4, 128.6, 126.8, 11.1, 790.2]",None,0.0,OK,None,7,00024533,"[1, 1, 1, 1, 1, 1, 1, 1, 1]"
1868110,658207UA0A,"[97, 0]","[177, 0]",08:36:59,20260417,0.0,10821,"[16.1, 75.0, 88.1, 117.0, 15.1, 311.2]","[1, 1, 1, 1]",0.0,OK,,,None,"[1, 1, 1, 1, 1, 1]"
1868109,658207UA0A,"[96, 0]","[176, 0]",08:36:54,20260417,0.0,10821,"[15.5, 75.0, 88.0, 117.0, 15.5, 310.9]","[1, 1, 1, 1]",0.0,OK,,,None,"[1, 1, 1, 1, 1, 1]"
1868108,658207UA0A,"[95, 0]","[175, 0]",08:36:49,20260417,0.0,10821,"[16.0, 75.0, 88.3, 117.1, 15.2, 311.5]","[1, 1, 1, 1]",0.0,OK,,,None,"[1, 1, 1, 1, 1, 1]"
1868107,82832W080PKENGEN,"[231, 0]","[6, 0]",08:36:46,20260417,0.0,None,"[27.5, 37.1, 38.5, 52.1, 61.7, 78.0, 98.0, 97.6, 86.8, 84.7, 13.8]",None,0.0,OK,None,,Null,"[1, 1, 1, 1, 1, 1, 1, 1, 1, 1, 1]"
1868106,658207UA0A,"[94, 0]","[174, 0]",08:36:44,20260417,0.0,10821,"[15.6, 75.3, 87.8, 116.8, 15.7, 311.2]","[1, 1, 1, 1]",0.0,OK,,,None,"[1, 1, 1, 1, 1, 1]"
1868105,658207UA0A,"[93, 0]","[173, 0]",08:36:40,20260417,0.0,10821,"[15.7, 75.1, 88.0, 117.0, 15.4, 311.1]","[1, 1, 1, 1]",0.0,OK,,,None,"[1, 1, 1, 1, 1, 1]"
1868104,658207UA0A,"[92, 0]","[172, 0]",08:36:33,20260417,0.0,10821,"[15.7, 75.0, 88.0, 117.0, 15.5, 311.2]","[1, 1, 1, 1]",0.0,OK,,,None,"[1, 1, 1, 1, 1, 1]"
1868103,658207UA0A,"[91, 0]","[171, 0]",08:36:28,20260417,0.0,10821,"[16.0, 74.5, 88.0, 117.0, 15.2, 310.7]","[1, 1, 1, 1]",0.0,OK,,,None,"[1, 1, 1, 1, 1, 1]"
1868102,65820W030P,"[80, 1]","[80, 1]",08:36:25,20260417,0.0,10733,"[27.3, 106.4, 74.6, 74.6, 74.8, 74.8, 75.6, 91.6, 75.0, 102.3, 100.0, 129.6, 104.0, 109.6, 103.5, 130.5, 100.2, 102.4, 75.1, 91.9, 77.2, 74.6, 75.0, 74.8, 74.8, 105.8, 27.5]",None,0.0,OK,,,,"[1, 1, 1, 1, 1, 1, 1, 1, 1, 1, 1, 1, 1, 1, 1, 1, 1, 1, 1, 1, 1, 1, 1, 1, 1, 1, 1]"
1868101,65820W030P,"[79, 1]","[79, 1]",08:36:24,20260417,0.0,10733,"[27.0, 106.4, 74.6, 74.6, 74.6, 75.6, 74.6, 91.3, 75.0, 102.3, 100.0, 129.6, 103.4, 109.7, 103.5, 130.1, 100.2, 102.7, 75.1, 92.3, 76.4, 75.0, 75.3, 75.4, 75.0, 106.2, 27.5]",None,0.0,OK,,,,"[1, 1, 1, 1, 1, 1, 1, 1, 1, 1, 1, 1, 1, 1, 1, 1, 1, 1, 1, 1, 1, 1, 1, 1, 1, 1, 1]"
1868100,65820W030P,"[78, 1]","[78, 1]",08:36:24,20260417,0.0,10733,"[27.6, 106.7, 74.6, 74.8, 74.8, 75.4, 74.3, 91.2, 74.8, 102.0, 100.0, 129.4, 103.4, 109.9, 103.2, 129.6, 100.0, 102.6, 75.4, 92.7, 75.8, 75.0, 75.4, 75.6, 75.1, 106.6, 27.3]",None,0.0,OK,,,,"[1, 1, 1, 1, 1, 1, 1, 1, 1, 1, 1, 1, 1, 1, 1, 1, 1, 1, 1, 1, 1, 1, 1, 1, 1, 1, 1]"
1868099,8462284S00,"[696, 6]","[94, 1]",08:36:24,20260417,0.0,10823,"[12.7, 127.4, 127.3, 128.4, 128.2, 127.9, 127.8, 12.4, 792.2]",None,0.0,OK,None,7,00024533,"[1, 1, 1, 1, 1, 1, 1, 1, 1]"
1868098,65820W030P,"[77, 1]","[77, 1]",08:36:23,20260417,0.0,10733,"[26.8, 106.7, 75.1, 75.0, 75.1, 75.6, 74.5, 91.6, 75.0, 102.1, 100.4, 129.7, 104.0, 110.0, 103.7, 129.6, 100.2, 102.7, 75.3, 91.9, 75.6, 75.4, 75.4, 75.3, 75.1, 106.7, 27.6]",None,0.0,OK,,,,"[1, 1, 1, 1, 1, 1, 1, 1, 1, 1, 1, 1, 1, 1, 1, 1, 1, 1, 1, 1, 1, 1, 1, 1, 1, 1, 1]"
1868096,658207UA0A,"[90, 0]","[170, 0]",08:36:23,20260417,0.0,10821,"[15.5, 74.8, 88.0, 117.1, 14.9, 310.3]","[1, 1, 1, 1]",0.0,OK,,,None,"[1, 1, 1, 1, 1, 1]"
1868097,65820W030P,"[76, 1]","[76, 1]",08:36:22,20260417,0.0,10733,"[27.9, 106.6, 75.0, 75.1, 75.0, 75.7, 73.9, 91.5, 74.8, 102.0, 100.0, 129.6, 103.9, 109.7, 103.4, 129.4, 99.9, 102.6, 75.1, 91.8, 75.3, 75.0, 75.7, 75.3, 75.3, 106.7, 27.5]",None,0.0,OK,,,,"[1, 1, 1, 1, 1, 1, 1, 1, 1, 1, 1, 1, 1, 1, 1, 1, 1, 1, 1, 1, 1, 1, 1, 1, 1, 1, 1]"
1868095,658207UA0A,"[89, 0]","[169, 0]",08:36:18,20260417,0.0,10821,"[15.9, 74.8, 87.8, 117.1, 15.2, 310.9]","[1, 1, 1, 1]",0.0,OK,,,None,"[1, 1, 1, 1, 1, 1]"
1868093,8462284S00,"[695, 6]","[93, 1]",08:36:14,20260417,0.0,10823,"[12.3, 127.6, 127.6, 128.1, 128.1, 128.2, 127.6, 12.4, 791.9]",None,0.0,OK,None,7,00024533,"[1, 1, 1, 1, 1, 1, 1, 1, 1]"
1868094,658207UA0A,"[88, 0]","[168, 0]",08:36:12,20260417,0.0,10821,"[15.9, 74.8, 87.7, 117.3, 15.2, 310.8]","[1, 1, 1, 1]",0.0,OK,,,None,"[1, 1, 1, 1, 1, 1]"
1868092,658207UA0A,"[87, 0]","[167, 0]",08:36:07,20260417,0.0,10821,"[15.7, 74.8, 88.1, 117.0, 15.3, 310.9]","[1, 1, 1, 1]",0.0,OK,,,None,"[1, 1, 1, 1, 1, 1]"
1868091,82832W080PKENGEN,"[230, 0]","[5, 0]",08:36:06,20260417,0.0,None,"[27.5, 37.1, 38.5, 52.1, 61.4, 78.1, 97.8, 97.6, 87.1, 85.0, 13.8]",None,0.0,OK,None,,Null,"[1, 1, 1, 1, 1, 1, 1, 1, 1, 1, 1]"
1868089,658207UA0A,"[86, 0]","[166, 0]",08:36:02,20260417,0.0,10821,"[15.7, 75.0, 88.0, 117.0, 15.0, 310.6]","[1, 1, 1, 1]",0.0,OK,,,None,"[1, 1, 1, 1, 1, 1]"
1868090,8462284S00,"[694, 6]","[92, 1]",08:36:02,20260417,0.0,10823,"[12.2, 127.1, 127.6, 128.4, 128.4, 128.2, 127.1, 12.4, 791.4]",None,0.0,OK,None,7,00024533,"[1, 1, 1, 1, 1, 1, 1, 1, 1]"
1868088,658207UA0A,"[85, 0]","[165, 0]",08:35:57,20260417,0.0,10821,"[15.6, 75.3, 88.3, 116.7, 15.4, 311.2]","[1, 1, 1, 1]",0.0,OK,,,None,"[1, 1, 1, 1, 1, 1]"
1868087,8462284S00,"[693, 6]","[91, 1]",08:35:52,20260417,0.0,10823,"[12.5, 127.3, 127.5, 128.3, 127.5, 128.2, 127.1, 12.1, 790.4]",None,0.0,OK,None,7,00024533,"[1, 1, 1, 1, 1, 1, 1, 1, 1]"
1868086,658207UA0A,"[84, 0]","[164, 0]",08:35:51,20260417,0.0,10821,"[15.6, 74.5, 88.0, 116.7, 15.2, 309.9]","[1, 1, 1, 1]",0.0,OK,,,None,"[1, 1, 1, 1, 1, 1]"
1868085,658207UA0A,"[83, 0]","[163, 0]",08:35:46,20260417,0.0,10821,"[15.6, 74.8, 88.3, 116.8, 15.6, 311.1]","[1, 1, 1, 1]",0.0,OK,,,None,"[1, 1, 1, 1, 1, 1]"
1868084,658207UA0A,"[82, 0]","[162, 0]",08:35:41,20260417,0.0,10821,"[15.8, 75.0, 87.8, 117.1, 15.1, 310.8]","[1, 1, 1, 1]",0.0,OK,,,None,"[1, 1, 1, 1, 1, 1]"
1868083,658207UA0A,"[81, 0]","[161, 0]",08:35:36,20260417,0.0,10821,"[14.9, 75.3, 87.8, 117.5, 15.3, 310.8]","[1, 1, 1, 1]",0.0,OK,,,None,"[1, 1, 1, 1, 1, 1]"
1868082,82832W080PKENGEN,"[229, 0]","[4, 0]",08:34:45,20260417,0.0,None,"[27.6, 37.1, 38.5, 52.3, 61.8, 78.0, 98.0, 98.0, 87.1, 85.0, 13.6]",None,0.0,OK,None,,Null,"[1, 1, 1, 1, 1, 1, 1, 1, 1, 1, 1]"
1868081,82832W080PKENGEN,"[228, 0]","[3, 0]",08:34:21,20260417,0.0,None,"[27.5, 36.9, 38.4, 52.3, 61.8, 78.0, 97.6, 98.1, 86.8, 85.2, 13.6]",None,0.0,OK,None,,Null,"[1, 1, 1, 1, 1, 1, 1, 1, 1, 1, 1]"
1868080,658207UA0A,"[80, 0]","[160, 0]",08:34:10,20260417,0.0,10821,"[15.5, 75.1, 88.1, 116.2, 15.9, 310.8]","[1, 1, 1, 1]",0.0,OK,,,None,"[1, 1, 1, 1, 1, 1]"
1868079,658207UA0A,"[79, 0]","[159, 0]",08:34:06,20260417,0.0,10821,"[15.5, 75.1, 88.1, 116.2, 15.8, 310.7]","[1, 1, 1, 1]",0.0,OK,,,None,"[1, 1, 1, 1, 1, 1]"
1868078,82832W080PKENGEN,"[227, 0]","[2, 0]",08:33:58,20260417,0.0,None,"[27.5, 36.9, 38.5, 51.9, 61.7, 78.0, 98.0, 98.0, 86.9, 85.3, 13.6]",None,0.0,OK,None,,Null,"[1, 1, 1, 1, 1, 1, 1, 1, 1, 1, 1]"
1868077,65820W030P,"[75, 1]","[75, 1]",08:33:52,20260417,0.0,10733,MANUAL,MANUAL,0.0,MANUAL,MANUAL,,,MANUAL
1868076,65820W030P,"[76, 1]","[76, 1]",08:33:51,20260417,0.0,10733,MANUAL,MANUAL,0.0,MANUAL,MANUAL,,,MANUAL
1868074,65820W030P,"[78, 1]","[78, 1]",08:33:50,20260417,0.0,10733,MANUAL,MANUAL,0.0,MANUAL,MANUAL,,,MANUAL
1868075,65820W030P,"[77, 1]","[77, 1]",08:33:50,20260417,0.0,10733,MANUAL,MANUAL,0.0,MANUAL,MANUAL,,,MANUAL
1868073,65820W030P,"[79, 1]","[79, 1]",08:33:35,20260417,0.0,10733,"[27.2, 106.7, 75.0, 74.8, 75.1, 76.2, 74.6, 91.0, 75.0, 102.1, 99.9, 129.3, 103.5, 109.6, 102.7, 130.1, 100.0, 102.7, 75.0, 92.1, 77.0, 75.1, 75.0, 74.8, 74.8, 105.8, 27.3]",None,0.0,OK,,,,"[1, 1, 1, 1, 1, 1, 1, 1, 1, 1, 1, 1, 1, 1, 1, 1, 1, 1, 1, 1, 1, 1, 1, 1, 1, 1, 1]"
1868072,65820W030P,"[78, 1]","[78, 1]",08:33:35,20260417,0.0,10733,"[27.5, 107.0, 75.1, 74.8, 75.3, 75.4, 75.1, 91.3, 74.8, 102.1, 100.4, 129.7, 103.9, 109.9, 103.7, 129.9, 100.2, 102.7, 75.3, 92.4, 76.4, 75.3, 75.6, 75.1, 75.0, 106.6, 27.3]",None,0.0,OK,,,,"[1, 1, 1, 1, 1, 1, 1, 1, 1, 1, 1, 1, 1, 1, 1, 1, 1, 1, 1, 1, 1, 1, 1, 1, 1, 1, 1]"
1868071,65820W030P,"[77, 1]","[77, 1]",08:33:34,20260417,0.0,10733,"[27.3, 106.7, 75.0, 74.8, 75.1, 75.3, 75.1, 91.6, 75.0, 102.3, 100.0, 130.1, 103.7, 109.7, 103.9, 129.6, 100.4, 102.4, 75.4, 92.3, 75.8, 75.3, 75.6, 75.3, 75.3, 106.9, 27.3]",None,0.0,OK,,,,"[1, 1, 1, 1, 1, 1, 1, 1, 1, 1, 1, 1, 1, 1, 1, 1, 1, 1, 1, 1, 1, 1, 1, 1, 1, 1, 1]"
1868070,65820W030P,"[76, 1]","[76, 1]",08:33:33,20260417,0.0,10733,"[27.2, 106.9, 75.3, 75.1, 75.1, 75.6, 74.5, 91.5, 75.3, 102.1, 100.4, 130.1, 103.9, 109.7, 103.2, 129.6, 100.0, 102.9, 75.1, 92.4, 75.8, 75.4, 75.6, 75.4, 75.3, 106.9, 27.6]",None,0.0,OK,,,,"[1, 1, 1, 1, 1, 1, 1, 1, 1, 1, 1, 1, 1, 1, 1, 1, 1, 1, 1, 1, 1, 1, 1, 1, 1, 1, 1]"
1868069,65820W030P,"[75, 1]","[75, 1]",08:33:33,20260417,0.0,10733,"[27.3, 107.2, 75.1, 75.1, 75.3, 75.7, 74.3, 91.3, 75.1, 102.3, 100.4, 130.2, 104.5, 109.9, 103.7, 129.9, 100.2, 102.9, 75.1, 92.4, 75.8, 75.1, 75.6, 75.6, 75.4, 107.2, 27.5]",None,0.0,OK,,,,"[1, 1, 1, 1, 1, 1, 1, 1, 1, 1, 1, 1, 1, 1, 1, 1, 1, 1, 1, 1, 1, 1, 1, 1, 1, 1, 1]"
1868068,82832W080PKENGEN,"[226, 0]","[1, 0]",08:33:27,20260417,0.0,None,"[27.6, 37.1, 38.5, 52.3, 61.4, 78.6, 97.8, 98.1, 87.1, 84.7, 13.6]",None,0.0,OK,None,,Null,"[1, 1, 1, 1, 1, 1, 1, 1, 1, 1, 1]"
1868067,65820W030P,"[74, 1]","[74, 1]",08:32:34,20260417,0.0,10733,"[26.7, 105.6, 74.3, 74.6, 74.6, 74.2, 76.2, 91.0, 74.6, 101.8, 99.9, 129.4, 103.5, 109.4, 103.1, 130.4, 100.0, 102.3, 75.1, 92.1, 77.2, 74.8, 74.8, 75.1, 74.8, 106.1, 27.5]",None,0.0,OK,,,,"[1, 1, 1, 1, 1, 1, 1, 1, 1, 1, 1, 1, 1, 1, 1, 1, 1, 1, 1, 1, 1, 1, 1, 1, 1, 1, 1]"
1868066,65820W030P,"[73, 1]","[73, 1]",08:32:33,20260417,0.0,10733,"[27.3, 106.6, 74.8, 74.8, 75.1, 75.7, 75.0, 91.3, 74.6, 102.4, 100.2, 129.4, 103.7, 110.0, 103.9, 129.9, 100.4, 102.9, 75.1, 92.3, 76.4, 75.1, 75.3, 75.0, 75.1, 107.0, 26.8]",None,0.0,OK,,,,"[1, 1, 1, 1, 1, 1, 1, 1, 1, 1, 1, 1, 1, 1, 1, 1, 1, 1, 1, 1, 1, 1, 1, 1, 1, 1, 1]"
1868065,65820W030P,"[72, 1]","[72, 1]",08:32:32,20260417,0.0,10733,"[27.2, 106.9, 75.3, 75.0, 75.1, 75.7, 74.5, 91.6, 75.1, 102.3, 100.2, 129.9, 103.7, 109.7, 103.4, 129.4, 100.2, 102.7, 75.3, 92.4, 75.9, 75.1, 75.4, 75.3, 75.1, 106.7, 27.3]",None,0.0,OK,,,,"[1, 1, 1, 1, 1, 1, 1, 1, 1, 1, 1, 1, 1, 1, 1, 1, 1, 1, 1, 1, 1, 1, 1, 1, 1, 1, 1]"
1868064,65820W030P,"[71, 1]","[71, 1]",08:32:32,20260417,0.0,10733,"[27.3, 106.9, 75.0, 75.0, 75.1, 75.9, 74.3, 91.3, 75.0, 102.1, 100.4, 129.9, 103.5, 109.7, 103.5, 129.9, 100.1, 102.9, 75.3, 92.6, 75.4, 75.3, 75.4, 75.3, 75.4, 106.7, 27.6]",None,0.0,OK,,,,"[1, 1, 1, 1, 1, 1, 1, 1, 1, 1, 1, 1, 1, 1, 1, 1, 1, 1, 1, 1, 1, 1, 1, 1, 1, 1, 1]"
1868063,65820W030P,"[70, 1]","[70, 1]",08:32:31,20260417,0.0,10733,"[27.5, 107.0, 74.8, 75.1, 75.1, 75.9, 74.2, 91.6, 75.1, 102.4, 99.9, 130.1, 104.0, 110.2, 103.7, 130.2, 100.4, 102.9, 75.4, 92.3, 75.4, 75.6, 75.7, 75.3, 75.3, 106.7, 27.3]",None,0.0,OK,,,,"[1, 1, 1, 1, 1, 1, 1, 1, 1, 1, 1, 1, 1, 1, 1, 1, 1, 1, 1, 1, 1, 1, 1, 1, 1, 1, 1]"
1868062,65820W030P,"[69, 1]","[69, 1]",08:32:19,20260417,0.0,10733,"[27.0, 106.1, 74.8, 74.8, 75.1, 76.5, 74.3, 91.5, 74.8, 102.1, 100.0, 129.9, 104.0, 109.7, 103.4, 130.5, 100.2, 102.4, 75.1, 91.9, 77.7, 74.8, 75.0, 75.1, 74.8, 105.9, 27.3]",None,0.0,NG,CLIP PITCH NG,,,"[1, 1, 1, 1, 1, 1, 1, 1, 1, 1, 1, 1, 1, 1, 1, 1, 1, 1, 1, 1, 0, 1, 1, 1, 1, 1, 1]"
1868061,65820W030P,"[69, 0]","[69, 0]",08:32:18,20260417,0.0,10733,"[27.3, 106.6, 74.8, 74.8, 75.1, 75.7, 75.0, 91.2, 74.8, 102.3, 100.4, 129.4, 103.7, 110.0, 103.9, 129.9, 100.4, 102.9, 75.1, 92.4, 76.4, 75.0, 75.3, 75.1, 75.0, 107.0, 26.8]",None,0.0,OK,,,,"[1, 1, 1, 1, 1, 1, 1, 1, 1, 1, 1, 1, 1, 1, 1, 1, 1, 1, 1, 1, 1, 1, 1, 1, 1, 1, 1]"
1868060,65820W030P,"[68, 0]","[68, 0]",08:32:18,20260417,0.0,10733,"[27.2, 106.9, 75.4, 74.8, 75.1, 75.7, 74.5, 91.6, 75.1, 102.3, 100.2, 129.9, 103.7, 109.7, 103.4, 129.4, 100.2, 102.7, 75.3, 92.4, 75.9, 75.0, 75.6, 75.3, 75.1, 106.7, 27.3]",None,0.0,OK,,,,"[1, 1, 1, 1, 1, 1, 1, 1, 1, 1, 1, 1, 1, 1, 1, 1, 1, 1, 1, 1, 1, 1, 1, 1, 1, 1, 1]"
1868059,65820W030P,"[67, 0]","[67, 0]",08:32:17,20260417,0.0,10733,"[27.3, 106.9, 75.0, 75.0, 75.1, 75.9, 74.3, 91.5, 74.8, 102.3, 100.2, 129.9, 103.5, 109.7, 103.5, 129.9, 100.1, 102.9, 75.3, 92.6, 75.4, 75.3, 75.4, 75.3, 75.4, 106.7, 27.6]",None,0.0,OK,,,,"[1, 1, 1, 1, 1, 1, 1, 1, 1, 1, 1, 1, 1, 1, 1, 1, 1, 1, 1, 1, 1, 1, 1, 1, 1, 1, 1]"
1868058,65820W030P,"[66, 0]","[66, 0]",08:32:16,20260417,0.0,10733,"[27.6, 107.0, 74.8, 75.1, 75.1, 75.9, 74.2, 91.6, 75.1, 102.3, 100.0, 130.2, 103.9, 110.4, 103.5, 130.2, 100.4, 102.9, 75.4, 92.3, 75.4, 75.7, 75.6, 75.3, 75.3, 106.7, 27.5]",None,0.0,OK,,,,"[1, 1, 1, 1, 1, 1, 1, 1, 1, 1, 1, 1, 1, 1, 1, 1, 1, 1, 1, 1, 1, 1, 1, 1, 1, 1, 1]"
1868057,8462284S00,"[692, 6]","[90, 1]",08:31:47,20260417,0.0,10823,"[12.4, 127.4, 127.4, 128.1, 128.2, 128.6, 127.4, 12.6, 792.2]",None,0.0,OK,None,7,00024533,"[1, 1, 1, 1, 1, 1, 1, 1, 1]"
1868056,8462284S00,"[691, 6]","[89, 1]",08:31:38,20260417,0.0,10823,"[12.6, 127.6, 128.1, 127.1, 128.4, 128.1, 127.4, 12.7, 792.1]",None,0.0,OK,None,7,00024533,"[1, 1, 1, 1, 1, 1, 1, 1, 1]"
1868055,8462284S00,"[690, 6]","[88, 1]",08:31:29,20260417,0.0,10823,"[12.6, 127.3, 127.4, 127.9, 128.1, 127.9, 127.4, 12.4, 791.1]",None,0.0,OK,None,7,00024533,"[1, 1, 1, 1, 1, 1, 1, 1, 1]"
1868054,8462284S00,"[689, 6]","[87, 1]",08:31:20,20260417,0.0,10823,"[12.0, 127.7, 127.8, 128.3, 128.2, 127.9, 127.6, 12.7, 792.2]",None,0.0,OK,None,7,00024533,"[1, 1, 1, 1, 1, 1, 1, 1, 1]"
1868053,8462284S00,"[688, 6]","[86, 1]",08:31:09,20260417,0.0,10823,"[12.7, 127.1, 127.8, 128.4, 128.2, 128.2, 127.1, 12.8, 792.4]",None,0.0,OK,None,7,00024533,"[1, 1, 1, 1, 1, 1, 1, 1, 1]"
1868052,8462284S00,"[687, 6]","[85, 1]",08:30:58,20260417,0.0,10823,"[12.2, 127.6, 127.4, 128.2, 127.8, 128.2, 127.0, 11.9, 790.2]",None,0.0,OK,None,7,00024533,"[1, 1, 1, 1, 1, 1, 1, 1, 1]"
1868051,8462284S00,"[686, 6]","[84, 1]",08:30:48,20260417,0.0,10823,"[12.2, 127.3, 128.6, 128.2, 128.6, 128.9, 127.6, 12.8, 794.1]",None,0.0,OK,None,7,00024533,"[1, 1, 1, 1, 1, 1, 1, 1, 1]"
1868050,8462284S00,"[685, 6]","[83, 1]",08:30:36,20260417,0.0,10823,"[13.0, 127.4, 128.1, 128.4, 127.8, 128.4, 127.8, 11.6, 792.5]",None,0.0,OK,None,7,00024533,"[1, 1, 1, 1, 1, 1, 1, 1, 1]"
1868049,65820W030P,"[65, 0]","[65, 0]",08:30:26,20260417,0.0,10733,"[27.5, 106.9, 75.0, 74.6, 75.1, 75.7, 75.3, 91.8, 74.8, 102.1, 100.2, 130.1, 103.9, 109.9, 103.7, 130.4, 100.2, 102.4, 75.3, 91.9, 77.2, 74.8, 75.0, 74.8, 74.6, 106.1, 27.5]",None,0.0,OK,,,,"[1, 1, 1, 1, 1, 1, 1, 1, 1, 1, 1, 1, 1, 1, 1, 1, 1, 1, 1, 1, 1, 1, 1, 1, 1, 1, 1]"
1868048,65820W030P,"[64, 0]","[64, 0]",08:30:25,20260417,0.0,10733,"[27.2, 106.2, 74.8, 75.0, 75.1, 75.4, 75.0, 91.3, 75.0, 102.3, 99.9, 129.3, 103.9, 109.7, 103.4, 129.9, 100.2, 102.6, 75.3, 91.9, 76.5, 75.0, 75.3, 75.1, 75.1, 106.4, 26.8]",None,0.0,OK,,,,"[1, 1, 1, 1, 1, 1, 1, 1, 1, 1, 1, 1, 1, 1, 1, 1, 1, 1, 1, 1, 1, 1, 1, 1, 1, 1, 1]"
1868047,65820W030P,"[63, 0]","[63, 0]",08:30:25,20260417,0.0,10733,"[27.0, 106.9, 74.5, 74.8, 74.6, 75.3, 74.6, 91.6, 74.8, 102.1, 100.2, 129.6, 103.7, 109.9, 103.7, 129.7, 100.5, 103.1, 75.4, 92.4, 76.1, 75.3, 75.6, 75.3, 75.3, 106.7, 27.2]",None,0.0,OK,,,,"[1, 1, 1, 1, 1, 1, 1, 1, 1, 1, 1, 1, 1, 1, 1, 1, 1, 1, 1, 1, 1, 1, 1, 1, 1, 1, 1]"
1868046,65820W030P,"[62, 0]","[62, 0]",08:30:24,20260417,0.0,10733,"[27.8, 107.0, 74.8, 75.0, 75.1, 75.7, 74.0, 91.3, 74.8, 102.4, 100.2, 129.7, 104.0, 109.7, 103.7, 129.9, 100.2, 102.6, 75.4, 92.4, 75.9, 75.3, 75.6, 75.4, 75.4, 107.0, 27.3]",None,0.0,OK,,,,"[1, 1, 1, 1, 1, 1, 1, 1, 1, 1, 1, 1, 1, 1, 1, 1, 1, 1, 1, 1, 1, 1, 1, 1, 1, 1, 1]"
1868045,65820W030P,"[61, 0]","[61, 0]",08:30:23,20260417,0.0,10733,"[27.3, 106.9, 75.0, 75.0, 75.0, 75.9, 73.7, 91.3, 74.6, 102.0, 99.7, 129.9, 103.9, 110.1, 103.4, 129.6, 99.7, 102.7, 75.3, 92.3, 75.3, 75.3, 75.7, 75.4, 75.1, 106.7, 27.8]",None,0.0,OK,,,,"[1, 1, 1, 1, 1, 1, 1, 1, 1, 1, 1, 1, 1, 1, 1, 1, 1, 1, 1, 1, 1, 1, 1, 1, 1, 1, 1]"
1868044,8462284S00,"[684, 6]","[82, 1]",08:30:20,20260417,0.0,10823,"[12.7, 127.4, 127.8, 128.4, 128.6, 127.9, 127.4, 11.9, 792.0]",None,0.0,OK,None,7,00024533,"[1, 1, 1, 1, 1, 1, 1, 1, 1]"
1868043,8462284S00,"[683, 6]","[81, 1]",08:30:10,20260417,0.0,10823,"[11.8, 127.8, 128.1, 128.4, 128.2, 128.6, 127.3, 12.5, 792.6]",None,0.0,OK,None,7,00024533,"[1, 1, 1, 1, 1, 1, 1, 1, 1]"
1868042,65820W030P,"[60, 0]","[60, 0]",08:29:40,20260417,0.0,10733,"[27.2, 106.6, 74.8, 74.6, 75.1, 76.5, 73.5, 91.8, 75.0, 101.9, 100.0, 129.6, 103.4, 109.6, 103.5, 130.2, 99.9, 102.7, 75.3, 92.1, 77.0, 74.8, 75.4, 75.0, 74.6, 105.4, 27.5]",None,0.0,OK,,,,"[1, 1, 1, 1, 1, 1, 1, 1, 1, 1, 1, 1, 1, 1, 1, 1, 1, 1, 1, 1, 1, 1, 1, 1, 1, 1, 1]"
1868041,65820W030P,"[59, 0]","[59, 0]",08:29:39,20260417,0.0,10733,"[27.2, 106.6, 75.1, 74.8, 75.3, 75.6, 75.0, 91.5, 75.3, 102.4, 99.9, 130.2, 104.2, 110.5, 103.7, 130.1, 100.2, 102.9, 75.3, 92.4, 76.2, 75.0, 75.6, 75.3, 75.1, 106.2, 27.5]",None,0.0,OK,,,,"[1, 1, 1, 1, 1, 1, 1, 1, 1, 1, 1, 1, 1, 1, 1, 1, 1, 1, 1, 1, 1, 1, 1, 1, 1, 1, 1]"
1868040,65820W030P,"[58, 0]","[58, 0]",08:29:39,20260417,0.0,10733,"[27.3, 107.2, 75.3, 75.0, 75.1, 75.6, 74.6, 91.6, 75.1, 102.3, 100.2, 129.9, 104.0, 110.0, 104.0, 130.1, 100.4, 102.9, 75.4, 92.7, 75.8, 75.3, 75.4, 75.4, 75.0, 106.7, 27.3]",None,0.0,OK,,,,"[1, 1, 1, 1, 1, 1, 1, 1, 1, 1, 1, 1, 1, 1, 1, 1, 1, 1, 1, 1, 1, 1, 1, 1, 1, 1, 1]"
1868039,65820W030P,"[57, 0]","[57, 0]",08:29:38,20260417,0.0,10733,"[27.8, 106.9, 75.1, 75.1, 75.0, 75.7, 74.2, 91.6, 74.8, 102.1, 99.9, 129.9, 104.0, 109.4, 103.4, 129.9, 100.2, 102.9, 75.3, 92.6, 75.8, 75.3, 75.6, 75.3, 75.1, 107.1, 27.3]",None,0.0,OK,,,,"[1, 1, 1, 1, 1, 1, 1, 1, 1, 1, 1, 1, 1, 1, 1, 1, 1, 1, 1, 1, 1, 1, 1, 1, 1, 1, 1]"
1868038,65820W030P,"[56, 0]","[56, 0]",08:29:37,20260417,0.0,10733,"[27.0, 106.6, 74.8, 75.1, 74.8, 75.9, 73.8, 91.9, 75.1, 102.3, 100.0, 130.2, 103.9, 109.9, 103.5, 129.9, 100.0, 103.1, 75.3, 92.7, 75.3, 75.4, 75.6, 75.4, 75.3, 106.9, 27.8]",None,0.0,OK,,,,"[1, 1, 1, 1, 1, 1, 1, 1, 1, 1, 1, 1, 1, 1, 1, 1, 1, 1, 1, 1, 1, 1, 1, 1, 1, 1, 1]"
1868037,8462284S00,"[682, 6]","[80, 1]",08:29:31,20260417,0.0,10823,"[12.8, 127.3, 127.9, 128.1, 128.7, 128.4, 127.8, 12.8, 793.7]",None,0.0,OK,None,7,00024533,"[1, 1, 1, 1, 1, 1, 1, 1, 1]"
1868036,8462284S00,"[681, 6]","[79, 1]",08:29:20,20260417,0.0,10823,"[12.7, 127.6, 127.9, 128.1, 127.9, 128.1, 127.3, 12.2, 791.8]",None,0.0,OK,None,7,00024533,"[1, 1, 1, 1, 1, 1, 1, 1, 1]"
1868035,8462284S00,"[680, 6]","[78, 1]",08:29:11,20260417,0.0,10823,"[12.4, 127.6, 128.2, 128.9, 127.9, 128.6, 127.8, 12.3, 793.7]",None,0.0,OK,None,7,00024533,"[1, 1, 1, 1, 1, 1, 1, 1, 1]"
1868034,8462284S00,"[679, 6]","[77, 1]",08:29:01,20260417,0.0,10823,"[12.8, 127.3, 127.9, 128.6, 128.9, 128.4, 127.4, 12.4, 793.7]",None,0.0,OK,None,7,00024533,"[1, 1, 1, 1, 1, 1, 1, 1, 1]"
1868033,8462284S00,"[678, 6]","[76, 1]",08:28:51,20260417,0.0,10823,"[11.9, 127.6, 127.8, 128.1, 128.4, 128.6, 127.3, 11.8, 791.3]",None,0.0,OK,None,7,00024533,"[1, 1, 1, 1, 1, 1, 1, 1, 1]"
1868032,65820W030P,"[55, 0]","[55, 0]",08:28:50,20260417,0.0,10733,"[26.7, 106.6, 74.6, 74.6, 74.6, 74.3, 76.2, 91.0, 75.1, 101.6, 99.9, 129.3, 103.5, 109.3, 102.9, 129.9, 100.2, 102.4, 75.1, 91.8, 77.0, 75.0, 75.0, 75.0, 74.3, 105.8, 27.5]",None,0.0,OK,,,,"[1, 1, 1, 1, 1, 1, 1, 1, 1, 1, 1, 1, 1, 1, 1, 1, 1, 1, 1, 1, 1, 1, 1, 1, 1, 1, 1]"
1868031,65820W030P,"[54, 0]","[54, 0]",08:28:49,20260417,0.0,10733,"[27.8, 106.2, 74.6, 74.6, 74.8, 75.4, 74.6, 91.5, 75.1, 102.3, 100.4, 129.6, 103.9, 110.4, 103.5, 130.1, 100.2, 102.4, 75.0, 91.8, 76.6, 74.8, 75.3, 74.6, 75.0, 106.4, 27.3]",None,0.0,OK,,,,"[1, 1, 1, 1, 1, 1, 1, 1, 1, 1, 1, 1, 1, 1, 1, 1, 1, 1, 1, 1, 1, 1, 1, 1, 1, 1, 1]"
1868030,65820W030P,"[53, 0]","[53, 0]",08:28:48,20260417,0.0,10733,"[27.3, 106.9, 75.0, 75.0, 74.8, 75.6, 74.3, 91.8, 75.1, 102.3, 99.9, 129.4, 103.9, 109.9, 103.5, 129.6, 100.4, 102.7, 75.3, 92.9, 75.1, 75.3, 75.4, 75.3, 75.3, 106.6, 27.3]",None,0.0,OK,,,,"[1, 1, 1, 1, 1, 1, 1, 1, 1, 1, 1, 1, 1, 1, 1, 1, 1, 1, 1, 1, 1, 1, 1, 1, 1, 1, 1]"
1868029,65820W030P,"[52, 0]","[52, 0]",08:28:48,20260417,0.0,10733,"[27.8, 106.9, 75.3, 75.1, 75.6, 74.3, 75.1, 91.8, 75.3, 102.6, 100.0, 129.7, 104.3, 110.0, 103.9, 130.1, 100.1, 102.6, 75.4, 92.7, 75.3, 75.1, 75.4, 75.3, 75.4, 105.9, 27.8]",None,0.0,OK,,,,"[1, 1, 1, 1, 1, 1, 1, 1, 1, 1, 1, 1, 1, 1, 1, 1, 1, 1, 1, 1, 1, 1, 1, 1, 1, 1, 1]"
1868028,65820W030P,"[51, 0]","[51, 0]",08:28:47,20260417,0.0,10733,"[27.3, 106.7, 75.1, 74.8, 75.1, 75.6, 74.3, 91.6, 75.4, 102.7, 100.2, 130.4, 104.2, 110.0, 103.7, 130.1, 100.4, 102.9, 75.3, 92.6, 75.8, 75.3, 75.6, 75.3, 75.6, 106.9, 27.5]",None,0.0,OK,,,,"[1, 1, 1, 1, 1, 1, 1, 1, 1, 1, 1, 1, 1, 1, 1, 1, 1, 1, 1, 1, 1, 1, 1, 1, 1, 1, 1]"
1868027,8462284S00,"[677, 6]","[75, 1]",08:28:36,20260417,0.0,10823,"[11.9, 127.6, 127.4, 127.8, 128.1, 128.2, 127.1, 12.4, 790.5]",None,0.0,OK,None,7,00024533,"[1, 1, 1, 1, 1, 1, 1, 1, 1]"
1868026,8462284S00,"[676, 6]","[74, 1]",08:28:23,20260417,0.0,10823,"[12.4, 127.4, 127.5, 128.1, 128.2, 128.6, 127.3, 12.8, 792.2]",None,0.0,OK,None,7,00024533,"[1, 1, 1, 1, 1, 1, 1, 1, 1]"
1868024,8462284S00,"[675, 6]","[73, 1]",08:28:13,20260417,0.0,10823,"[13.1, 127.0, 127.6, 128.1, 127.4, 127.9, 127.4, 12.9, 791.4]",None,0.0,OK,None,7,00024533,"[1, 1, 1, 1, 1, 1, 1, 1, 1]"
1868025,82832W080PKENGEN,"[225, 0]","[0, 0]",08:28:11,20260417,0.0,None,COUNTERRESET,COUNTERRESET,0.0,COUNTERRESET,COUNTERRESET,,Null,COUNTERRESET
1868023,82832W080PKENGEN,"[225, 0]","[200, 0]",08:28:06,20260417,0.0,None,"[27.5, 37.1, 38.7, 52.6, 61.7, 78.0, 98.3, 98.0, 87.1, 84.9, 13.8]",None,0.0,OK,None,,Null,"[1, 1, 1, 1, 1, 1, 1, 1, 1, 1, 1]"
1868022,8462284S00,"[674, 6]","[72, 1]",08:28:03,20260417,0.0,10823,"[13.0, 127.0, 127.8, 128.1, 128.4, 128.1, 127.0, 12.6, 791.8]",None,0.0,OK,None,7,00024533,"[1, 1, 1, 1, 1, 1, 1, 1, 1]"
1868021,8462284S00,"[673, 6]","[71, 1]",08:27:47,20260417,0.0,10823,"[12.5, 127.1, 127.4, 128.7, 128.2, 128.4, 127.6, 11.8, 791.8]",None,0.0,OK,None,7,00024533,"[1, 1, 1, 1, 1, 1, 1, 1, 1]"
1868020,82832W080PKENGEN,"[224, 0]","[199, 0]",08:27:43,20260417,0.0,None,"[27.7, 37.2, 38.5, 52.4, 61.7, 78.0, 97.8, 98.0, 87.3, 84.9, 13.6]",None,0.0,OK,None,,Null,"[1, 1, 1, 1, 1, 1, 1, 1, 1, 1, 1]"
1868019,82832W080PKENGEN,"[223, 0]","[198, 0]",08:27:23,20260417,0.0,None,"[27.6, 37.2, 38.7, 52.1, 61.7, 77.5, 98.1, 98.0, 87.3, 85.0, 13.6]",None,0.0,OK,None,,Null,"[1, 1, 1, 1, 1, 1, 1, 1, 1, 1, 1]"
1868018,8462284S00,"[672, 6]","[70, 1]",08:27:08,20260417,0.0,10823,"[12.5, 127.3, 127.3, 128.2, 127.9, 128.1, 127.1, 12.1, 790.5]",None,0.0,OK,None,7,00024533,"[1, 1, 1, 1, 1, 1, 1, 1, 1]"
1868017,65820W030P,"[50, 0]","[50, 0]",08:27:04,20260417,0.0,10733,"[27.5, 106.2, 74.3, 74.6, 75.0, 75.9, 74.8, 91.3, 74.6, 102.0, 100.0, 129.0, 103.2, 109.4, 102.9, 129.7, 100.0, 102.6, 74.8, 91.8, 76.9, 75.0, 75.3, 74.8, 74.8, 106.1, 27.3]",None,0.0,OK,,,,"[1, 1, 1, 1, 1, 1, 1, 1, 1, 1, 1, 1, 1, 1, 1, 1, 1, 1, 1, 1, 1, 1, 1, 1, 1, 1, 1]"
1868016,65820W030P,"[49, 0]","[49, 0]",08:27:03,20260417,0.0,10733,"[27.3, 106.6, 75.1, 74.8, 75.1, 75.8, 74.8, 91.3, 75.3, 102.3, 100.0, 129.7, 103.9, 109.9, 103.7, 129.9, 100.0, 102.7, 75.3, 92.3, 76.2, 75.0, 75.4, 75.1, 75.1, 106.2, 27.3]",None,0.0,OK,,,,"[1, 1, 1, 1, 1, 1, 1, 1, 1, 1, 1, 1, 1, 1, 1, 1, 1, 1, 1, 1, 1, 1, 1, 1, 1, 1, 1]"
1868015,65820W030P,"[48, 0]","[48, 0]",08:27:03,20260417,0.0,10733,"[27.5, 107.2, 74.6, 74.6, 75.0, 75.1, 74.6, 91.2, 75.3, 102.1, 99.7, 129.4, 103.9, 109.7, 103.5, 129.4, 100.4, 102.7, 75.1, 92.7, 75.6, 75.1, 75.3, 75.3, 75.1, 106.6, 27.8]",None,0.0,OK,,,,"[1, 1, 1, 1, 1, 1, 1, 1, 1, 1, 1, 1, 1, 1, 1, 1, 1, 1, 1, 1, 1, 1, 1, 1, 1, 1, 1]"
1868014,65820W030P,"[47, 0]","[47, 0]",08:27:02,20260417,0.0,10733,"[27.8, 107.0, 75.0, 75.0, 75.3, 75.6, 74.2, 91.6, 74.8, 102.3, 100.4, 129.3, 103.9, 109.7, 103.4, 129.6, 100.0, 103.1, 75.3, 92.4, 75.6, 75.3, 75.4, 75.0, 75.4, 106.6, 27.6]",None,0.0,OK,,,,"[1, 1, 1, 1, 1, 1, 1, 1, 1, 1, 1, 1, 1, 1, 1, 1, 1, 1, 1, 1, 1, 1, 1, 1, 1, 1, 1]"
1868013,65820W030P,"[46, 0]","[46, 0]",08:27:02,20260417,0.0,10733,"[26.8, 107.2, 75.3, 75.1, 75.0, 75.6, 74.2, 91.2, 74.8, 101.9, 99.7, 129.7, 103.5, 109.4, 103.4, 129.3, 99.9, 102.6, 75.1, 92.1, 75.4, 75.1, 75.6, 75.4, 75.3, 106.7, 27.5]",None,0.0,OK,,,,"[1, 1, 1, 1, 1, 1, 1, 1, 1, 1, 1, 1, 1, 1, 1, 1, 1, 1, 1, 1, 1, 1, 1, 1, 1, 1, 1]"
1868012,82832W080PKENGEN,"[222, 0]","[197, 0]",08:27:00,20260417,0.0,None,"[27.6, 36.8, 38.4, 51.9, 61.7, 78.1, 97.6, 98.0, 86.8, 85.0, 13.6]",None,0.0,OK,None,,Null,"[1, 1, 1, 1, 1, 1, 1, 1, 1, 1, 1]"
1868011,8462284S00,"[671, 6]","[69, 1]",08:26:59,20260417,0.0,10823,"[12.8, 127.0, 127.9, 127.9, 128.2, 128.4, 127.0, 12.0, 791.1]",None,0.0,OK,None,7,00024533,"[1, 1, 1, 1, 1, 1, 1, 1, 1]"
1868010,8462284S00,"[670, 6]","[68, 1]",08:26:52,20260417,0.0,10823,"[0, 0, 0, 0, 0, 0, 0, 0, 0]",None,0.0,NG,NUMBER OF CLIP MISMATCH,7,00024533,"[0, 0, 0, 0, 0, 0, 0, 0, 0]"
1868009,8462284S00,"[670, 5]","[68, 0]",08:26:42,20260417,0.0,10823,"[12.0, 127.8, 127.8, 128.7, 128.7, 127.9, 127.6, 12.3, 792.8]",None,0.0,OK,None,7,00024533,"[1, 1, 1, 1, 1, 1, 1, 1, 1]"
1868008,82832W080PKENGEN,"[221, 0]","[196, 0]",08:26:37,20260417,0.0,None,"[27.5, 37.1, 38.5, 52.1, 61.7, 78.3, 97.8, 98.0, 86.8, 84.9, 13.6]",None,0.0,OK,None,,Null,"[1, 1, 1, 1, 1, 1, 1, 1, 1, 1, 1]"
1868007,8462284S00,"[669, 5]","[67, 0]",08:26:30,20260417,0.0,10823,"[12.1, 127.6, 127.8, 127.8, 128.1, 128.2, 127.3, 12.4, 791.2]",None,0.0,OK,None,7,00024533,"[1, 1, 1, 1, 1, 1, 1, 1, 1]"
1868006,82832W080PKENGEN,"[220, 0]","[195, 0]",08:26:14,20260417,0.0,None,"[27.5, 36.9, 38.8, 52.3, 61.5, 77.8, 98.1, 97.6, 87.1, 84.7, 13.9]",None,0.0,OK,None,,Null,"[1, 1, 1, 1, 1, 1, 1, 1, 1, 1, 1]"
1868005,65820W030P,"[45, 0]","[45, 0]",08:26:09,20260417,0.0,10733,"[27.5, 106.7, 74.8, 74.6, 75.1, 74.5, 76.2, 91.3, 74.6, 102.3, 99.7, 129.3, 103.2, 109.6, 103.1, 130.1, 99.9, 102.6, 75.1, 92.1, 77.3, 75.1, 75.1, 74.8, 75.0, 105.9, 26.8]",None,0.0,OK,,,,"[1, 1, 1, 1, 1, 1, 1, 1, 1, 1, 1, 1, 1, 1, 1, 1, 1, 1, 1, 1, 1, 1, 1, 1, 1, 1, 1]"
1868004,65820W030P,"[44, 0]","[44, 0]",08:26:09,20260417,0.0,10733,"[26.7, 106.6, 74.8, 74.8, 75.0, 75.6, 75.0, 91.3, 74.8, 102.1, 100.2, 129.8, 103.7, 109.4, 103.5, 129.6, 99.9, 102.6, 75.3, 92.1, 76.4, 74.8, 75.3, 75.1, 75.0, 106.2, 27.5]",None,0.0,OK,,,,"[1, 1, 1, 1, 1, 1, 1, 1, 1, 1, 1, 1, 1, 1, 1, 1, 1, 1, 1, 1, 1, 1, 1, 1, 1, 1, 1]"
1868003,65820W030P,"[43, 0]","[43, 0]",08:26:08,20260417,0.0,10733,"[27.5, 106.7, 74.6, 74.6, 75.0, 75.1, 74.2, 91.8, 74.8, 102.1, 100.0, 129.9, 103.7, 109.6, 103.7, 129.7, 100.5, 102.7, 75.4, 92.4, 75.9, 75.0, 75.6, 75.3, 75.3, 106.9, 27.6]",None,0.0,OK,,,,"[1, 1, 1, 1, 1, 1, 1, 1, 1, 1, 1, 1, 1, 1, 1, 1, 1, 1, 1, 1, 1, 1, 1, 1, 1, 1, 1]"
1868002,65820W030P,"[42, 0]","[42, 0]",08:26:07,20260417,0.0,10733,"[27.9, 106.9, 74.8, 75.1, 74.8, 75.6, 74.3, 91.3, 74.5, 102.0, 99.9, 128.5, 103.4, 109.3, 103.5, 129.6, 100.0, 102.9, 75.3, 92.6, 75.6, 75.3, 75.3, 75.4, 75.1, 106.3, 27.6]",None,0.0,OK,,,,"[1, 1, 1, 1, 1, 1, 1, 1, 1, 1, 1, 1, 1, 1, 1, 1, 1, 1, 1, 1, 1, 1, 1, 1, 1, 1, 1]"
1868001,65820W030P,"[41, 0]","[41, 0]",08:26:07,20260417,0.0,10733,"[27.5, 106.9, 74.8, 75.0, 75.1, 75.9, 74.2, 91.6, 75.0, 102.3, 100.0, 129.6, 104.0, 109.7, 103.4, 129.9, 100.4, 102.7, 75.4, 92.1, 75.4, 75.4, 75.6, 75.1, 75.3, 106.9, 27.5]",None,0.0,OK,,,,"[1, 1, 1, 1, 1, 1, 1, 1, 1, 1, 1, 1, 1, 1, 1, 1, 1, 1, 1, 1, 1, 1, 1, 1, 1, 1, 1]"
1868000,8462284S00,"[668, 5]","[66, 0]",08:26:07,20260417,0.0,10823,"[12.5, 127.3, 127.8, 128.0, 128.4, 127.9, 127.1, 12.4, 791.4]",None,0.0,OK,None,7,00024533,"[1, 1, 1, 1, 1, 1, 1, 1, 1]"
1867999,8462284S00,"[667, 5]","[65, 0]",08:25:57,20260417,0.0,10823,"[12.3, 127.6, 127.8, 128.2, 127.9, 128.6, 127.3, 12.7, 792.3]",None,0.0,OK,None,7,00024533,"[1, 1, 1, 1, 1, 1, 1, 1, 1]"
1867998,8462284S00,"[666, 5]","[64, 0]",08:25:48,20260417,0.0,10823,"[12.7, 127.3, 128.1, 128.2, 127.6, 128.4, 126.8, 12.5, 791.6]",None,0.0,OK,None,7,00024533,"[1, 1, 1, 1, 1, 1, 1, 1, 1]"
1867997,8462284S00,"[665, 5]","[63, 0]",08:25:37,20260417,0.0,10823,"[12.2, 127.6, 128.1, 128.1, 128.6, 128.4, 127.1, 12.7, 792.6]",None,0.0,OK,None,7,00024533,"[1, 1, 1, 1, 1, 1, 1, 1, 1]"
1867996,8462284S00,"[664, 5]","[62, 0]",08:25:26,20260417,0.0,10823,"[12.4, 127.6, 128.1, 128.2, 128.2, 128.7, 127.8, 12.4, 793.4]",None,0.0,OK,None,7,00024533,"[1, 1, 1, 1, 1, 1, 1, 1, 1]"
1867994,65820W030P,"[39, 0]","[39, 0]",08:25:18,20260417,0.0,10733,"[27.5, 106.7, 75.1, 74.8, 75.1, 75.3, 75.0, 91.5, 75.1, 102.1, 99.9, 129.7, 103.9, 109.7, 103.4, 129.9, 100.2, 102.7, 75.3, 91.9, 76.4, 75.0, 75.4, 75.4, 75.0, 106.3, 27.2]",None,0.0,OK,,,,"[1, 1, 1, 1, 1, 1, 1, 1, 1, 1, 1, 1, 1, 1, 1, 1, 1, 1, 1, 1, 1, 1, 1, 1, 1, 1, 1]"
1867995,65820W030P,"[40, 0]","[40, 0]",08:25:18,20260417,0.0,10733,"[27.0, 106.2, 74.3, 74.3, 75.1, 75.7, 74.6, 91.2, 74.6, 102.0, 99.9, 129.4, 103.2, 109.7, 103.9, 130.2, 100.2, 102.4, 75.1, 91.6, 77.2, 75.0, 75.1, 75.1, 74.6, 106.2, 27.2]",None,0.0,OK,,,,"[1, 1, 1, 1, 1, 1, 1, 1, 1, 1, 1, 1, 1, 1, 1, 1, 1, 1, 1, 1, 1, 1, 1, 1, 1, 1, 1]"
1867993,65820W030P,"[38, 0]","[38, 0]",08:25:17,20260417,0.0,10733,"[27.6, 106.2, 74.6, 74.8, 74.8, 75.1, 74.3, 91.2, 75.0, 102.0, 100.2, 129.4, 103.7, 109.7, 103.4, 129.3, 100.0, 102.6, 75.3, 91.9, 75.6, 75.0, 75.4, 75.4, 75.0, 106.6, 27.5]",None,0.0,OK,,,,"[1, 1, 1, 1, 1, 1, 1, 1, 1, 1, 1, 1, 1, 1, 1, 1, 1, 1, 1, 1, 1, 1, 1, 1, 1, 1, 1]"
1867992,65820W030P,"[37, 0]","[37, 0]",08:25:17,20260417,0.0,10733,"[27.0, 106.7, 74.8, 74.6, 75.0, 75.1, 74.5, 91.2, 74.8, 101.6, 99.9, 129.3, 103.4, 108.9, 103.4, 129.3, 100.4, 102.6, 75.3, 92.3, 75.6, 75.0, 75.4, 75.3, 75.1, 106.9, 27.2]",None,0.0,OK,,,,"[1, 1, 1, 1, 1, 1, 1, 1, 1, 1, 1, 1, 1, 1, 1, 1, 1, 1, 1, 1, 1, 1, 1, 1, 1, 1, 1]"
1867991,65820W030P,"[36, 0]","[36, 0]",08:25:16,20260417,0.0,10733,"[27.5, 106.6, 74.8, 74.6, 75.1, 75.6, 74.2, 91.5, 75.1, 102.1, 99.7, 130.1, 104.2, 110.2, 103.4, 130.1, 100.2, 102.9, 75.3, 92.3, 75.6, 75.3, 75.6, 75.1, 75.6, 106.9, 27.6]",None,0.0,OK,,,,"[1, 1, 1, 1, 1, 1, 1, 1, 1, 1, 1, 1, 1, 1, 1, 1, 1, 1, 1, 1, 1, 1, 1, 1, 1, 1, 1]"
1867990,8462284S00,"[663, 5]","[61, 0]",08:25:16,20260417,0.0,10823,"[12.7, 127.4, 127.6, 128.2, 128.4, 127.9, 127.1, 12.1, 791.5]",None,0.0,OK,None,7,00024533,"[1, 1, 1, 1, 1, 1, 1, 1, 1]"
1867989,82832W080PKENGEN,"[219, 0]","[194, 0]",08:25:08,20260417,0.0,None,"[27.5, 37.2, 38.5, 52.4, 61.4, 77.8, 98.1, 97.8, 87.3, 84.9, 13.8]",None,0.0,OK,None,,Null,"[1, 1, 1, 1, 1, 1, 1, 1, 1, 1, 1]"
1867988,82832W080PKENGEN,"[218, 0]","[193, 0]",08:24:42,20260417,0.0,None,"[27.3, 37.2, 38.7, 52.3, 61.5, 78.3, 97.8, 97.8, 86.9, 84.7, 13.6]",None,0.0,OK,None,,Null,"[1, 1, 1, 1, 1, 1, 1, 1, 1, 1, 1]"
1867987,8462284S00,"[662, 5]","[60, 0]",08:24:37,20260417,0.0,10823,"[12.2, 127.8, 127.6, 128.4, 128.6, 128.2, 127.6, 12.7, 793.0]",None,0.0,OK,None,7,00024533,"[1, 1, 1, 1, 1, 1, 1, 1, 1]"
1867986,65820W030P,"[35, 0]","[35, 0]",08:24:30,20260417,0.0,10733,"[27.0, 106.7, 75.0, 74.6, 75.1, 75.9, 75.4, 91.6, 75.0, 102.1, 100.4, 129.7, 103.5, 109.3, 103.5, 130.2, 99.7, 102.1, 75.0, 91.9, 77.2, 75.0, 75.0, 75.0, 74.6, 106.1, 27.3]",None,0.0,OK,,,,"[1, 1, 1, 1, 1, 1, 1, 1, 1, 1, 1, 1, 1, 1, 1, 1, 1, 1, 1, 1, 1, 1, 1, 1, 1, 1, 1]"
1867985,65820W030P,"[34, 0]","[34, 0]",08:24:30,20260417,0.0,10733,"[27.0, 106.1, 74.5, 74.3, 74.5, 75.4, 74.2, 90.7, 75.0, 102.1, 99.9, 129.6, 103.5, 109.7, 103.5, 130.1, 100.2, 102.7, 75.1, 92.3, 76.5, 75.1, 75.3, 75.1, 75.1, 106.3, 27.5]",None,0.0,OK,,,,"[1, 1, 1, 1, 1, 1, 1, 1, 1, 1, 1, 1, 1, 1, 1, 1, 1, 1, 1, 1, 1, 1, 1, 1, 1, 1, 1]"
1867984,65820W030P,"[33, 0]","[33, 0]",08:24:29,20260417,0.0,10733,"[27.6, 106.6, 74.6, 75.0, 75.0, 75.4, 74.2, 91.8, 74.8, 102.4, 100.4, 129.6, 104.2, 110.2, 103.5, 130.1, 100.2, 102.9, 75.4, 92.1, 75.4, 75.1, 75.6, 75.6, 75.3, 106.6, 27.5]",None,0.0,OK,,,,"[1, 1, 1, 1, 1, 1, 1, 1, 1, 1, 1, 1, 1, 1, 1, 1, 1, 1, 1, 1, 1, 1, 1, 1, 1, 1, 1]"
1867983,65820W030P,"[32, 0]","[32, 0]",08:24:29,20260417,0.0,10733,"[27.6, 106.9, 75.0, 74.8, 75.3, 75.4, 74.2, 91.6, 74.8, 102.3, 100.0, 129.9, 103.7, 109.9, 103.7, 129.7, 100.2, 102.9, 75.3, 92.3, 75.6, 75.3, 75.4, 75.1, 75.0, 106.9, 27.5]",None,0.0,OK,,,,"[1, 1, 1, 1, 1, 1, 1, 1, 1, 1, 1, 1, 1, 1, 1, 1, 1, 1, 1, 1, 1, 1, 1, 1, 1, 1, 1]"
1867982,65820W030P,"[31, 0]","[31, 0]",08:24:28,20260417,0.0,10733,"[27.2, 106.7, 74.6, 74.8, 74.8, 75.7, 74.0, 90.7, 75.1, 102.0, 99.9, 129.6, 103.5, 109.9, 103.1, 129.6, 100.4, 102.7, 75.3, 92.1, 75.6, 75.3, 75.4, 75.4, 75.1, 107.0, 27.3]",None,0.0,OK,,,,"[1, 1, 1, 1, 1, 1, 1, 1, 1, 1, 1, 1, 1, 1, 1, 1, 1, 1, 1, 1, 1, 1, 1, 1, 1, 1, 1]"
1867981,8462284S00,"[661, 5]","[59, 0]",08:24:26,20260417,0.0,10823,"[12.3, 128.1, 127.6, 128.6, 128.6, 128.2, 127.4, 12.5, 793.2]",None,0.0,OK,None,7,00024533,"[1, 1, 1, 1, 1, 1, 1, 1, 1]"
1867980,8462284S00,"[660, 5]","[58, 0]",08:24:17,20260417,0.0,10823,"[12.4, 127.9, 127.9, 128.9, 128.6, 128.2, 127.4, 12.5, 793.8]",None,0.0,OK,None,7,00024533,"[1, 1, 1, 1, 1, 1, 1, 1, 1]"
1867979,82832W080PKENGEN,"[217, 0]","[192, 0]",08:24:10,20260417,0.0,None,"[27.5, 37.1, 38.7, 52.4, 61.4, 78.0, 98.3, 98.1, 86.9, 85.2, 13.6]",None,0.0,OK,None,,Null,"[1, 1, 1, 1, 1, 1, 1, 1, 1, 1, 1]"
1867978,8462284S00,"[659, 5]","[57, 0]",08:24:01,20260417,0.0,10823,"[12.2, 127.6, 127.4, 128.1, 128.1, 128.2, 127.4, 12.2, 791.3]",None,0.0,OK,None,7,00024533,"[1, 1, 1, 1, 1, 1, 1, 1, 1]"
1867977,8462284S00,"[658, 5]","[56, 0]",08:23:51,20260417,0.0,10823,"[12.8, 127.9, 128.2, 128.4, 128.7, 128.7, 127.4, 12.4, 794.6]",None,0.0,OK,None,7,00024533,"[1, 1, 1, 1, 1, 1, 1, 1, 1]"
1867976,82832W080PKENGEN,"[216, 0]","[191, 0]",08:23:42,20260417,0.0,None,"[27.5, 37.1, 38.5, 52.1, 61.5, 78.1, 98.0, 97.3, 87.1, 85.2, 13.6]",None,0.0,OK,None,,Null,"[1, 1, 1, 1, 1, 1, 1, 1, 1, 1, 1]"
1867975,8462284S00,"[657, 5]","[55, 0]",08:23:39,20260417,0.0,10823,"[12.6, 127.1, 127.9, 128.2, 127.3, 127.9, 127.3, 11.9, 790.2]",None,0.0,OK,None,7,00024533,"[1, 1, 1, 1, 1, 1, 1, 1, 1]"
1867974,65820W030P,"[30, 0]","[30, 0]",08:23:33,20260417,0.0,10733,"[26.5, 106.2, 74.3, 74.5, 74.6, 74.5, 75.7, 91.0, 75.1, 101.9, 99.7, 129.7, 103.7, 109.6, 103.7, 130.5, 100.0, 102.1, 75.1, 91.8, 77.0, 74.8, 75.0, 75.0, 75.1, 106.1, 27.2]",None,0.0,OK,,,,"[1, 1, 1, 1, 1, 1, 1, 1, 1, 1, 1, 1, 1, 1, 1, 1, 1, 1, 1, 1, 1, 1, 1, 1, 1, 1, 1]"
1867973,65820W030P,"[29, 0]","[29, 0]",08:23:32,20260417,0.0,10733,"[27.2, 106.4, 74.6, 74.6, 75.1, 75.6, 74.8, 91.3, 75.3, 102.0, 100.4, 129.4, 103.5, 110.2, 103.7, 130.1, 100.0, 102.6, 75.3, 92.1, 76.1, 74.8, 75.4, 75.3, 75.3, 106.6, 27.2]",None,0.0,OK,,,,"[1, 1, 1, 1, 1, 1, 1, 1, 1, 1, 1, 1, 1, 1, 1, 1, 1, 1, 1, 1, 1, 1, 1, 1, 1, 1, 1]"
1867972,65820W030P,"[28, 0]","[28, 0]",08:23:31,20260417,0.0,10733,"[27.0, 107.0, 75.0, 75.0, 75.0, 75.1, 74.5, 91.0, 75.1, 102.1, 100.2, 129.9, 103.9, 110.0, 103.7, 130.1, 100.0, 102.9, 75.6, 92.4, 75.8, 75.3, 75.6, 75.4, 75.1, 106.4, 27.5]",None,0.0,OK,,,,"[1, 1, 1, 1, 1, 1, 1, 1, 1, 1, 1, 1, 1, 1, 1, 1, 1, 1, 1, 1, 1, 1, 1, 1, 1, 1, 1]"
1867971,65820W030P,"[27, 0]","[27, 0]",08:23:31,20260417,0.0,10733,"[27.8, 107.2, 75.1, 75.0, 75.1, 75.6, 74.3, 91.6, 75.0, 102.3, 100.4, 129.9, 103.9, 110.0, 103.4, 129.9, 100.2, 102.9, 75.3, 92.1, 75.9, 75.1, 75.6, 75.0, 75.1, 106.9, 27.3]",None,0.0,OK,,,,"[1, 1, 1, 1, 1, 1, 1, 1, 1, 1, 1, 1, 1, 1, 1, 1, 1, 1, 1, 1, 1, 1, 1, 1, 1, 1, 1]"
1867970,65820W030P,"[26, 0]","[26, 0]",08:23:30,20260417,0.0,10733,"[27.2, 106.7, 75.1, 74.8, 75.0, 75.3, 74.0, 91.3, 75.0, 102.1, 100.0, 130.2, 104.2, 109.9, 103.4, 129.7, 100.2, 102.9, 75.4, 92.3, 75.8, 75.4, 75.7, 75.3, 75.4, 106.6, 27.8]",None,0.0,OK,,,,"[1, 1, 1, 1, 1, 1, 1, 1, 1, 1, 1, 1, 1, 1, 1, 1, 1, 1, 1, 1, 1, 1, 1, 1, 1, 1, 1]"
1867969,8462284S00,"[656, 5]","[54, 0]",08:23:27,20260417,0.0,10823,"[12.3, 127.4, 128.2, 128.6, 128.1, 128.2, 127.6, 12.5, 793.0]",None,0.0,OK,None,7,00024533,"[1, 1, 1, 1, 1, 1, 1, 1, 1]"
1867967,82832W080PKENGEN,"[215, 0]","[190, 0]",08:23:20,20260417,0.0,None,"[27.5, 36.8, 38.4, 52.4, 61.4, 78.5, 97.5, 98.0, 87.1, 85.0, 13.6]",None,0.0,OK,None,,Null,"[1, 1, 1, 1, 1, 1, 1, 1, 1, 1, 1]"
1867968,8462284S00,"[655, 5]","[53, 0]",08:23:18,20260417,0.0,10823,"[12.1, 127.6, 128.1, 128.6, 128.1, 128.2, 127.6, 12.6, 792.8]",None,0.0,OK,None,7,00024533,"[1, 1, 1, 1, 1, 1, 1, 1, 1]"
1867966,8462284S00,"[654, 5]","[52, 0]",08:23:08,20260417,0.0,10823,"[12.7, 127.3, 127.8, 127.9, 127.9, 127.9, 127.3, 11.7, 790.5]",None,0.0,OK,None,7,00024533,"[1, 1, 1, 1, 1, 1, 1, 1, 1]"
1867965,8462284S00,"[653, 5]","[51, 0]",08:22:56,20260417,0.0,10823,"[12.5, 127.1, 128.2, 128.1, 127.8, 128.1, 127.0, 12.6, 791.3]",None,0.0,OK,None,7,00024533,"[1, 1, 1, 1, 1, 1, 1, 1, 1]"
1867964,82832W080PKENGEN,"[214, 0]","[189, 0]",08:22:51,20260417,0.0,None,"[27.3, 37.1, 38.4, 52.4, 61.7, 78.1, 98.0, 97.8, 87.1, 85.0, 13.6]",None,0.0,OK,None,,Null,"[1, 1, 1, 1, 1, 1, 1, 1, 1, 1, 1]"
1867963,82832W080PKENGEN,"[213, 0]","[188, 0]",08:22:21,20260417,0.0,None,"[27.5, 36.9, 38.5, 52.3, 61.4, 78.1, 98.0, 97.6, 87.1, 84.9, 13.8]",None,0.0,OK,None,,Null,"[1, 1, 1, 1, 1, 1, 1, 1, 1, 1, 1]"
1867962,8462284S00,"[652, 5]","[50, 0]",08:22:18,20260417,0.0,10823,"[12.4, 127.6, 128.4, 128.6, 128.2, 128.7, 127.6, 12.4, 793.9]",None,0.0,OK,None,7,00024533,"[1, 1, 1, 1, 1, 1, 1, 1, 1]"
1867961,8462284S00,"[651, 5]","[49, 0]",08:22:07,20260417,0.0,10823,"[12.3, 127.6, 128.2, 128.7, 128.1, 128.4, 127.5, 12.6, 793.4]",None,0.0,OK,None,7,00024533,"[1, 1, 1, 1, 1, 1, 1, 1, 1]"
1867960,8462284S00,"[650, 5]","[48, 0]",08:21:56,20260417,0.0,10823,"[13.2, 127.3, 127.8, 127.9, 127.9, 128.2, 127.1, 12.6, 792.0]",None,0.0,OK,None,7,00024533,"[1, 1, 1, 1, 1, 1, 1, 1, 1]"
1867959,82832W080PKENGEN,"[212, 0]","[187, 0]",08:21:48,20260417,0.0,None,"[27.3, 37.1, 38.7, 52.1, 61.5, 78.0, 98.0, 97.8, 87.3, 84.9, 13.6]",None,0.0,OK,None,,Null,"[1, 1, 1, 1, 1, 1, 1, 1, 1, 1, 1]"
1867958,8462284S00,"[649, 5]","[47, 0]",08:21:46,20260417,0.0,10823,"[12.2, 127.4, 127.9, 127.8, 128.1, 128.4, 127.0, 12.5, 791.2]",None,0.0,OK,None,7,00024533,"[1, 1, 1, 1, 1, 1, 1, 1, 1]"
1867957,8462284S00,"[648, 5]","[46, 0]",08:21:37,20260417,0.0,10823,"[12.2, 127.3, 127.6, 128.1, 128.4, 128.2, 127.4, 12.5, 791.7]",None,0.0,OK,None,7,00024533,"[1, 1, 1, 1, 1, 1, 1, 1, 1]"
1867956,8462284S00,"[647, 5]","[45, 0]",08:21:27,20260417,0.0,10823,"[12.3, 127.3, 127.9, 128.2, 128.2, 128.2, 126.8, 12.6, 791.7]",None,0.0,OK,None,7,00024533,"[1, 1, 1, 1, 1, 1, 1, 1, 1]"
1867955,82832W080PKENGEN,"[211, 0]","[186, 0]",08:21:26,20260417,0.0,None,"[27.3, 37.1, 38.8, 52.1, 61.5, 78.0, 98.0, 97.6, 86.9, 85.2, 13.8]",None,0.0,OK,None,,Null,"[1, 1, 1, 1, 1, 1, 1, 1, 1, 1, 1]"
1867954,8462284S00,"[646, 5]","[44, 0]",08:21:18,20260417,0.0,10823,"[12.8, 127.1, 127.9, 127.9, 128.2, 128.1, 127.5, 12.7, 792.2]",None,0.0,OK,None,7,00024533,"[1, 1, 1, 1, 1, 1, 1, 1, 1]"
1867953,8462284S00,"[645, 5]","[43, 0]",08:21:07,20260417,0.0,10823,"[12.4, 127.3, 128.1, 127.8, 128.2, 128.2, 127.1, 11.8, 790.9]",None,0.0,OK,None,7,00024533,"[1, 1, 1, 1, 1, 1, 1, 1, 1]"
1867952,8462284S00,"[644, 5]","[42, 0]",08:21:00,20260417,0.0,10823,"[12.6, 127.4, 127.1, 128.2, 128.4, 128.4, 127.8, 12.2, 792.1]",None,0.0,OK,None,7,00024533,"[1, 1, 1, 1, 1, 1, 1, 1, 1]"
1867950,8462284S00,"[643, 5]","[41, 0]",08:20:50,20260417,0.0,10823,"[12.1, 128.1, 128.4, 128.1, 128.7, 128.7, 127.6, 12.3, 793.9]",None,0.0,OK,None,7,00024533,"[1, 1, 1, 1, 1, 1, 1, 1, 1]"
1867951,65820W030P,"[25, 0]","[25, 0]",08:20:49,20260417,0.0,10733,"[27.6, 106.6, 74.8, 75.1, 75.1, 75.9, 75.1, 91.5, 75.1, 102.3, 100.0, 129.9, 103.9, 109.7, 103.9, 130.5, 100.4, 102.6, 75.0, 92.3, 77.3, 74.8, 75.3, 75.0, 74.6, 105.9, 27.3]",None,0.0,OK,,,,"[1, 1, 1, 1, 1, 1, 1, 1, 1, 1, 1, 1, 1, 1, 1, 1, 1, 1, 1, 1, 1, 1, 1, 1, 1, 1, 1]"
1867949,65820W030P,"[24, 0]","[24, 0]",08:20:48,20260417,0.0,10733,"[27.6, 107.0, 75.1, 74.8, 75.3, 75.3, 75.0, 91.5, 75.3, 102.1, 99.9, 129.7, 104.0, 109.7, 103.5, 130.2, 100.2, 102.6, 75.3, 92.4, 76.4, 75.1, 75.1, 75.1, 75.0, 106.6, 27.3]",None,0.0,OK,,,,"[1, 1, 1, 1, 1, 1, 1, 1, 1, 1, 1, 1, 1, 1, 1, 1, 1, 1, 1, 1, 1, 1, 1, 1, 1, 1, 1]"
1867948,65820W030P,"[23, 0]","[23, 0]",08:20:47,20260417,0.0,10733,"[27.5, 106.9, 75.1, 75.0, 75.0, 75.1, 74.8, 91.6, 75.0, 102.3, 99.9, 129.6, 103.7, 109.9, 103.7, 129.7, 100.0, 103.1, 75.3, 92.0, 75.7, 75.1, 75.6, 75.1, 75.1, 106.7, 27.5]",None,0.0,OK,,,,"[1, 1, 1, 1, 1, 1, 1, 1, 1, 1, 1, 1, 1, 1, 1, 1, 1, 1, 1, 1, 1, 1, 1, 1, 1, 1, 1]"
1867947,65820W030P,"[22, 0]","[22, 0]",08:20:47,20260417,0.0,10733,"[27.3, 107.2, 75.1, 75.1, 75.0, 75.4, 74.5, 91.6, 75.0, 102.3, 100.0, 129.9, 103.7, 109.7, 103.4, 129.6, 100.4, 102.9, 75.3, 92.4, 75.4, 75.4, 75.4, 75.3, 75.3, 106.7, 27.6]",None,0.0,OK,,,,"[1, 1, 1, 1, 1, 1, 1, 1, 1, 1, 1, 1, 1, 1, 1, 1, 1, 1, 1, 1, 1, 1, 1, 1, 1, 1, 1]"
1867946,65820W030P,"[21, 0]","[21, 0]",08:20:46,20260417,0.0,10733,"[27.2, 107.0, 75.1, 74.8, 75.1, 75.7, 74.5, 91.5, 75.1, 101.9, 100.2, 130.1, 103.9, 109.6, 103.4, 129.4, 100.0, 102.7, 75.3, 92.4, 75.6, 75.3, 75.6, 75.3, 75.4, 107.0, 27.3]",None,0.0,OK,,,,"[1, 1, 1, 1, 1, 1, 1, 1, 1, 1, 1, 1, 1, 1, 1, 1, 1, 1, 1, 1, 1, 1, 1, 1, 1, 1, 1]"
1867945,82832W080PKENGEN,"[210, 0]","[185, 0]",08:20:43,20260417,0.0,None,"[27.6, 36.9, 38.7, 52.1, 61.5, 78.0, 98.0, 97.8, 86.8, 84.9, 13.8]",None,0.0,OK,None,,Null,"[1, 1, 1, 1, 1, 1, 1, 1, 1, 1, 1]"
1867944,82832W080PKENGEN,"[209, 0]","[184, 0]",08:20:14,20260417,0.0,None,"[27.6, 36.9, 38.5, 52.3, 61.5, 77.8, 98.1, 97.6, 86.9, 84.6, 13.6]",None,0.0,OK,None,,Null,"[1, 1, 1, 1, 1, 1, 1, 1, 1, 1, 1]"
1867943,658207UA0A,"[78, 0]","[158, 0]",08:19:53,20260417,0.0,10821,"[15.9, 75.1, 88.0, 117.3, 15.0, 311.3]","[1, 1, 1, 1]",0.0,OK,,,None,"[1, 1, 1, 1, 1, 1]"
1867942,658207UA0A,"[77, 0]","[157, 0]",08:19:48,20260417,0.0,10821,"[15.9, 74.8, 88.1, 117.1, 15.2, 311.3]","[1, 1, 1, 1]",0.0,OK,,,None,"[1, 1, 1, 1, 1, 1]"
1867941,658207UA0A,"[76, 0]","[156, 0]",08:19:42,20260417,0.0,10821,"[16.0, 74.8, 88.1, 117.1, 15.3, 311.3]","[1, 1, 1, 1]",0.0,OK,,,None,"[1, 1, 1, 1, 1, 1]"
1867940,658207UA0A,"[75, 0]","[155, 0]",08:19:36,20260417,0.0,10821,"[16.0, 74.8, 88.1, 117.1, 15.2, 311.3]","[1, 1, 1, 1]",0.0,OK,,,None,"[1, 1, 1, 1, 1, 1]"
1867938,658207UA0A,"[74, 0]","[154, 0]",08:19:33,20260417,0.0,10821,"[16.1, 74.8, 88.0, 117.3, 15.6, 311.7]","[1, 1, 1, 1]",0.0,OK,,,None,"[1, 1, 1, 1, 1, 1]"
1867939,82832W080PKENGEN,"[208, 0]","[183, 0]",08:19:33,20260417,0.0,None,"[27.6, 37.1, 38.8, 52.4, 61.8, 78.0, 98.0, 98.1, 86.9, 84.9, 13.4]",None,0.0,OK,None,,Null,"[1, 1, 1, 1, 1, 1, 1, 1, 1, 1, 1]"
1867937,658207UA0A,"[73, 0]","[153, 0]",08:19:28,20260417,0.0,10821,"[16.1, 75.0, 88.3, 116.7, 15.3, 311.3]","[1, 1, 1, 1]",0.0,OK,,,None,"[1, 1, 1, 1, 1, 1]"
1867936,658207UA0A,"[72, 0]","[152, 0]",08:19:24,20260417,0.0,10821,"[15.9, 74.8, 88.3, 116.7, 15.6, 311.2]","[1, 1, 1, 1]",0.0,OK,,,None,"[1, 1, 1, 1, 1, 1]"
1867935,658207UA0A,"[71, 0]","[151, 0]",08:19:19,20260417,0.0,10821,"[16.3, 74.8, 88.3, 116.5, 15.5, 311.4]","[1, 1, 1, 1]",0.0,OK,,,None,"[1, 1, 1, 1, 1, 1]"
1867934,658207UA0A,"[70, 0]","[150, 0]",08:19:15,20260417,0.0,10821,"[15.7, 75.1, 88.3, 116.3, 15.4, 310.8]","[1, 1, 1, 1]",0.0,OK,,,None,"[1, 1, 1, 1, 1, 1]"
1867933,658207UA0A,"[69, 0]","[149, 0]",08:19:10,20260417,0.0,10821,"[15.6, 75.0, 88.3, 117.3, 15.2, 311.4]","[1, 1, 1, 1]",0.0,OK,,,None,"[1, 1, 1, 1, 1, 1]"
1867932,658207UA0A,"[68, 0]","[148, 0]",08:19:05,20260417,0.0,10821,"[15.8, 75.3, 88.0, 116.8, 15.6, 311.5]","[1, 1, 1, 1]",0.0,OK,,,None,"[1, 1, 1, 1, 1, 1]"
1867931,658207UA0A,"[67, 0]","[147, 0]",08:19:00,20260417,0.0,10821,"[15.8, 75.5, 88.0, 117.1, 15.0, 311.3]","[1, 1, 1, 1]",0.0,OK,,,None,"[1, 1, 1, 1, 1, 1]"
1867929,658207UA0A,"[66, 0]","[146, 0]",08:18:54,20260417,0.0,10821,"[15.5, 75.3, 87.7, 116.5, 15.8, 310.8]","[1, 1, 1, 1]",0.0,OK,,,None,"[1, 1, 1, 1, 1, 1]"
1867930,82832W080PKENGEN,"[207, 0]","[182, 0]",08:18:53,20260417,0.0,None,"[27.5, 37.1, 38.5, 52.3, 61.4, 78.1, 97.6, 98.1, 86.8, 85.0, 13.6]",None,0.0,OK,None,,Null,"[1, 1, 1, 1, 1, 1, 1, 1, 1, 1, 1]"
1867928,658207UA0A,"[65, 0]","[145, 0]",08:18:49,20260417,0.0,10821,"[15.5, 75.3, 87.8, 117.0, 15.4, 311.0]","[1, 1, 1, 1]",0.0,OK,,,None,"[1, 1, 1, 1, 1, 1]"
1867927,658207UA0A,"[64, 0]","[144, 0]",08:18:44,20260417,0.0,10821,"[15.6, 75.3, 88.3, 116.5, 15.6, 311.3]","[1, 1, 1, 1]",0.0,OK,,,None,"[1, 1, 1, 1, 1, 1]"
1867926,8462284S00,"[642, 5]","[40, 0]",08:18:43,20260417,0.0,10823,"[12.3, 127.5, 127.6, 127.0, 128.4, 128.9, 127.1, 12.3, 791.0]",None,0.0,OK,None,7,00024533,"[1, 1, 1, 1, 1, 1, 1, 1, 1]"
1867925,658207UA0A,"[63, 0]","[143, 0]",08:18:38,20260417,0.0,10821,"[16.1, 75.0, 88.1, 116.7, 15.4, 311.3]","[1, 1, 1, 1]",0.0,OK,,,None,"[1, 1, 1, 1, 1, 1]"
1867923,658207UA0A,"[62, 0]","[142, 0]",08:18:33,20260417,0.0,10821,"[15.4, 74.3, 86.7, 116.8, 16.7, 309.9]","[1, 1, 1, 1]",0.0,OK,,,None,"[1, 1, 1, 1, 1, 1]"
1867924,8462284S00,"[641, 5]","[39, 0]",08:18:32,20260417,0.0,10823,"[10.9, 127.4, 127.9, 127.7, 128.2, 128.2, 127.0, 12.3, 789.7]",None,0.0,OK,None,7,00024533,"[1, 1, 1, 1, 1, 1, 1, 1, 1]"
1867922,65820W030P,"[20, 0]","[20, 0]",08:18:31,20260417,0.0,10733,"[27.5, 106.4, 75.0, 74.8, 74.8, 75.9, 74.8, 91.2, 75.0, 102.0, 99.9, 129.3, 103.9, 109.7, 102.9, 130.4, 100.1, 102.6, 75.1, 91.8, 77.2, 75.1, 75.1, 74.8, 74.6, 105.9, 27.3]",None,0.0,OK,,,,"[1, 1, 1, 1, 1, 1, 1, 1, 1, 1, 1, 1, 1, 1, 1, 1, 1, 1, 1, 1, 1, 1, 1, 1, 1, 1, 1]"
1867921,65820W030P,"[19, 0]","[19, 0]",08:18:30,20260417,0.0,10733,"[27.6, 106.9, 75.0, 75.0, 75.1, 75.4, 74.6, 91.5, 75.3, 102.3, 99.9, 129.6, 103.9, 109.7, 103.7, 130.1, 100.4, 102.7, 75.1, 92.1, 76.4, 75.1, 75.3, 75.1, 75.0, 106.6, 27.2]",None,0.0,OK,,,,"[1, 1, 1, 1, 1, 1, 1, 1, 1, 1, 1, 1, 1, 1, 1, 1, 1, 1, 1, 1, 1, 1, 1, 1, 1, 1, 1]"
1867920,65820W030P,"[18, 0]","[18, 0]",08:18:29,20260417,0.0,10733,"[27.3, 106.6, 74.8, 74.8, 75.1, 75.3, 74.8, 91.5, 75.1, 102.1, 100.2, 129.6, 103.5, 110.2, 103.7, 129.9, 100.2, 102.9, 75.6, 92.4, 75.8, 75.1, 75.6, 75.4, 75.3, 106.7, 27.5]",None,0.0,OK,,,,"[1, 1, 1, 1, 1, 1, 1, 1, 1, 1, 1, 1, 1, 1, 1, 1, 1, 1, 1, 1, 1, 1, 1, 1, 1, 1, 1]"
1867919,65820W030P,"[17, 0]","[17, 0]",08:18:29,20260417,0.0,10733,"[27.0, 106.9, 75.1, 75.1, 75.3, 75.4, 74.2, 91.8, 75.3, 102.6, 99.9, 130.1, 104.2, 110.1, 103.7, 129.6, 100.4, 103.1, 75.3, 92.9, 75.4, 75.3, 75.6, 75.6, 75.4, 106.6, 27.5]",None,0.0,OK,,,,"[1, 1, 1, 1, 1, 1, 1, 1, 1, 1, 1, 1, 1, 1, 1, 1, 1, 1, 1, 1, 1, 1, 1, 1, 1, 1, 1]"
1867918,65820W030P,"[16, 0]","[16, 0]",08:18:28,20260417,0.0,10733,"[27.2, 106.7, 75.0, 75.0, 75.0, 75.7, 73.5, 92.1, 75.0, 102.0, 99.9, 129.3, 103.5, 109.6, 103.4, 129.6, 100.2, 102.7, 75.3, 92.3, 75.4, 75.3, 75.7, 75.6, 75.3, 106.6, 27.5]",None,0.0,OK,,,,"[1, 1, 1, 1, 1, 1, 1, 1, 1, 1, 1, 1, 1, 1, 1, 1, 1, 1, 1, 1, 1, 1, 1, 1, 1, 1, 1]"
1867917,658207UA0A,"[61, 0]","[141, 0]",08:18:28,20260417,0.0,10821,"[15.3, 74.5, 87.7, 116.8, 15.7, 310.0]","[1, 1, 1, 1]",0.0,OK,,,None,"[1, 1, 1, 1, 1, 1]"
1867916,8462284S00,"[640, 5]","[38, 0]",08:18:10,20260417,0.0,10823,"[12.5, 127.0, 127.6, 128.6, 128.2, 128.4, 127.1, 12.5, 791.9]",None,0.0,OK,None,7,00024533,"[1, 1, 1, 1, 1, 1, 1, 1, 1]"
1867915,8462284S00,"[639, 5]","[37, 0]",08:17:58,20260417,0.0,10823,"[12.5, 127.9, 127.6, 128.4, 128.6, 128.2, 127.3, 12.4, 792.9]",None,0.0,OK,None,7,00024533,"[1, 1, 1, 1, 1, 1, 1, 1, 1]"
1867914,8462284S00,"[638, 5]","[36, 0]",08:17:49,20260417,0.0,10823,"[12.3, 127.9, 128.1, 128.6, 128.6, 128.4, 127.4, 13.0, 794.2]",None,0.0,OK,None,7,00024533,"[1, 1, 1, 1, 1, 1, 1, 1, 1]"
1867913,65820W030P,"[15, 0]","[15, 0]",08:17:39,20260417,0.0,10733,"[27.3, 106.6, 74.8, 74.5, 75.1, 75.4, 75.0, 91.2, 75.0, 102.1, 99.7, 129.4, 103.7, 109.4, 103.2, 130.1, 100.0, 102.9, 75.0, 92.1, 77.2, 75.0, 75.1, 75.0, 74.8, 105.9, 27.5]",None,0.0,OK,,,,"[1, 1, 1, 1, 1, 1, 1, 1, 1, 1, 1, 1, 1, 1, 1, 1, 1, 1, 1, 1, 1, 1, 1, 1, 1, 1, 1]"
1867911,8462284S00,"[637, 5]","[35, 0]",08:17:39,20260417,0.0,10823,"[12.5, 127.3, 127.8, 128.4, 128.4, 128.1, 127.5, 12.4, 792.3]",None,0.0,OK,None,7,00024533,"[1, 1, 1, 1, 1, 1, 1, 1, 1]"
1867912,65820W030P,"[14, 0]","[14, 0]",08:17:38,20260417,0.0,10733,"[26.7, 106.2, 74.6, 74.8, 74.6, 75.1, 74.6, 91.0, 75.1, 102.3, 99.9, 129.6, 103.9, 109.9, 103.9, 130.1, 100.4, 102.7, 75.3, 91.9, 76.5, 75.0, 75.6, 75.6, 75.1, 105.9, 27.3]",None,0.0,OK,,,,"[1, 1, 1, 1, 1, 1, 1, 1, 1, 1, 1, 1, 1, 1, 1, 1, 1, 1, 1, 1, 1, 1, 1, 1, 1, 1, 1]"
1867910,65820W030P,"[13, 0]","[13, 0]",08:17:38,20260417,0.0,10733,"[27.6, 106.6, 74.8, 74.8, 75.1, 75.3, 74.5, 91.6, 75.0, 102.3, 100.0, 129.4, 103.9, 110.0, 103.5, 129.7, 100.4, 102.7, 75.4, 92.3, 75.7, 75.6, 75.6, 75.4, 75.6, 106.7, 27.3]",None,0.0,OK,,,,"[1, 1, 1, 1, 1, 1, 1, 1, 1, 1, 1, 1, 1, 1, 1, 1, 1, 1, 1, 1, 1, 1, 1, 1, 1, 1, 1]"
1867909,65820W030P,"[12, 0]","[12, 0]",08:17:37,20260417,0.0,10733,"[27.0, 107.3, 74.6, 75.1, 75.0, 75.7, 74.2, 91.9, 75.0, 102.1, 100.5, 129.9, 103.9, 109.9, 103.7, 129.7, 100.0, 103.1, 75.4, 92.4, 75.8, 75.3, 75.6, 75.3, 75.3, 106.9, 27.3]",None,0.0,OK,,,,"[1, 1, 1, 1, 1, 1, 1, 1, 1, 1, 1, 1, 1, 1, 1, 1, 1, 1, 1, 1, 1, 1, 1, 1, 1, 1, 1]"
1867908,65820W030P,"[11, 0]","[11, 0]",08:17:36,20260417,0.0,10733,"[28.1, 106.7, 74.6, 75.1, 75.1, 76.1, 73.8, 91.9, 75.0, 102.3, 100.2, 129.9, 104.0, 109.7, 103.4, 129.7, 100.4, 102.7, 75.3, 92.6, 75.6, 75.3, 75.6, 75.3, 75.4, 107.1, 27.5]",None,0.0,OK,,,,"[1, 1, 1, 1, 1, 1, 1, 1, 1, 1, 1, 1, 1, 1, 1, 1, 1, 1, 1, 1, 1, 1, 1, 1, 1, 1, 1]"
1867907,8462284S00,"[636, 5]","[34, 0]",08:17:28,20260417,0.0,10823,"[12.2, 127.6, 128.2, 128.7, 128.2, 128.2, 127.8, 12.9, 793.9]",None,0.0,OK,None,7,00024533,"[1, 1, 1, 1, 1, 1, 1, 1, 1]"
1867906,82832W080PKENGEN,"[206, 0]","[181, 0]",08:17:26,20260417,0.0,None,"[27.6, 36.9, 38.4, 52.3, 61.4, 78.3, 98.0, 98.0, 86.9, 84.7, 13.6]",None,0.0,OK,None,,Null,"[1, 1, 1, 1, 1, 1, 1, 1, 1, 1, 1]"
1867905,8462284S00,"[635, 5]","[33, 0]",08:17:18,20260417,0.0,10823,"[12.6, 127.0, 127.8, 127.8, 128.1, 127.6, 127.5, 12.2, 790.5]",None,0.0,OK,None,7,00024533,"[1, 1, 1, 1, 1, 1, 1, 1, 1]"
1867904,65820W030P,"[10, 0]","[10, 0]",08:17:07,20260417,0.0,10733,None,None,0.0,None,,,,None
1867903,65820W030P,"[10, 0]","[10, 0]",08:17:07,20260417,0.0,10733,None,None,0.0,None,,,,None
1867902,65820W030P,"[10, 0]","[10, 0]",08:17:07,20260417,0.0,10733,None,None,0.0,None,,,,None
1867901,65820W030P,"[10, 0]","[10, 0]",08:17:07,20260417,0.0,10733,None,None,0.0,None,,,,None
1867900,65820W030P,"[10, 0]","[10, 0]",08:17:07,20260417,0.0,10733,None,None,0.0,None,,,,None
1867899,8462284S00,"[634, 5]","[32, 0]",08:17:01,20260417,0.0,10823,"[12.5, 127.1, 128.2, 127.8, 128.4, 128.3, 127.1, 12.2, 791.6]",None,0.0,OK,None,7,00024533,"[1, 1, 1, 1, 1, 1, 1, 1, 1]"
1867898,8462284S00,"[633, 5]","[31, 0]",08:16:53,20260417,0.0,10823,"[13.0, 127.8, 127.9, 128.1, 128.1, 128.4, 127.4, 12.3, 793.0]",None,0.0,OK,None,7,00024533,"[1, 1, 1, 1, 1, 1, 1, 1, 1]"
1867897,65820W030P,"[10, 0]","[10, 0]",08:16:40,20260417,0.0,10733,"[27.2, 106.7, 75.0, 74.6, 75.3, 76.4, 74.5, 91.3, 75.3, 101.8, 99.7, 129.4, 103.5, 109.6, 103.5, 130.2, 100.0, 102.4, 75.0, 91.9, 77.5, 75.0, 75.4, 74.8, 74.8, 106.1, 27.3]",None,0.0,OK,,,,"[1, 1, 1, 1, 1, 1, 1, 1, 1, 1, 1, 1, 1, 1, 1, 1, 1, 1, 1, 1, 1, 1, 1, 1, 1, 1, 1]"
1867896,65820W030P,"[9, 0]","[9, 0]",08:16:39,20260417,0.0,10733,"[27.3, 106.6, 75.0, 74.6, 75.1, 75.9, 74.6, 91.5, 74.8, 102.4, 100.2, 129.6, 103.7, 109.9, 103.7, 130.2, 100.2, 102.7, 75.1, 92.3, 76.5, 75.1, 75.1, 75.1, 75.0, 106.6, 27.3]",None,0.0,OK,,,,"[1, 1, 1, 1, 1, 1, 1, 1, 1, 1, 1, 1, 1, 1, 1, 1, 1, 1, 1, 1, 1, 1, 1, 1, 1, 1, 1]"
1867895,65820W030P,"[8, 0]","[8, 0]",08:16:38,20260417,0.0,10733,"[27.5, 106.9, 74.6, 75.0, 75.0, 75.1, 74.8, 91.8, 74.8, 102.1, 100.2, 129.6, 103.7, 109.7, 103.5, 129.7, 100.4, 102.4, 75.4, 92.4, 75.8, 75.1, 75.4, 75.1, 75.4, 106.7, 27.2]",None,0.0,OK,,,,"[1, 1, 1, 1, 1, 1, 1, 1, 1, 1, 1, 1, 1, 1, 1, 1, 1, 1, 1, 1, 1, 1, 1, 1, 1, 1, 1]"
1867894,65820W030P,"[7, 0]","[7, 0]",08:16:38,20260417,0.0,10733,"[27.3, 106.9, 75.1, 75.0, 75.3, 75.6, 74.6, 91.5, 75.4, 102.1, 100.2, 129.9, 103.9, 109.7, 104.0, 129.7, 100.4, 102.9, 75.4, 92.6, 75.6, 75.3, 75.6, 75.6, 75.4, 106.9, 27.2]",None,0.0,OK,,,,"[1, 1, 1, 1, 1, 1, 1, 1, 1, 1, 1, 1, 1, 1, 1, 1, 1, 1, 1, 1, 1, 1, 1, 1, 1, 1, 1]"
1867893,65820W030P,"[6, 0]","[6, 0]",08:16:33,20260417,0.0,10733,"[27.3, 106.7, 75.1, 74.8, 75.4, 75.6, 74.2, 91.2, 75.3, 102.3, 100.0, 129.9, 104.2, 110.2, 103.7, 129.9, 100.2, 102.7, 75.4, 92.4, 75.6, 75.1, 75.4, 75.3, 75.6, 107.2, 27.6]",None,0.0,OK,,,,"[1, 1, 1, 1, 1, 1, 1, 1, 1, 1, 1, 1, 1, 1, 1, 1, 1, 1, 1, 1, 1, 1, 1, 1, 1, 1, 1]"
1867892,658207UA0A,"[60, 0]","[140, 0]",08:16:31,20260417,0.0,10821,"[15.9, 75.0, 88.0, 117.1, 15.6, 311.6]","[1, 1, 1, 1]",0.0,OK,,,None,"[1, 1, 1, 1, 1, 1]"
1867891,82832W080PKENGEN,"[205, 0]","[180, 0]",08:16:26,20260417,0.0,None,"[27.5, 37.1, 38.8, 52.3, 61.5, 78.0, 98.3, 98.0, 86.9, 85.2, 13.8]",None,0.0,OK,None,,Null,"[1, 1, 1, 1, 1, 1, 1, 1, 1, 1, 1]"
1867890,658207UA0A,"[59, 0]","[139, 0]",08:16:26,20260417,0.0,10821,"[15.8, 75.0, 87.7, 117.8, 15.2, 311.4]","[1, 1, 1, 1]",0.0,OK,,,None,"[1, 1, 1, 1, 1, 1]"
1867889,658207UA0A,"[58, 0]","[138, 0]",08:16:20,20260417,0.0,10821,"[15.7, 75.3, 87.7, 117.5, 15.3, 311.4]","[1, 1, 1, 1]",0.0,OK,,,None,"[1, 1, 1, 1, 1, 1]"
1867888,8462284S00,"[632, 5]","[30, 0]",08:16:16,20260417,0.0,10823,"[12.6, 127.4, 128.2, 128.1, 128.4, 128.2, 127.9, 12.1, 793.1]",None,0.0,OK,None,7,00024533,"[1, 1, 1, 1, 1, 1, 1, 1, 1]"
1867887,658207UA0A,"[57, 0]","[137, 0]",08:16:14,20260417,0.0,10821,"[15.5, 75.1, 87.8, 116.3, 16.4, 311.2]","[1, 1, 1, 1]",0.0,OK,,,None,"[1, 1, 1, 1, 1, 1]"
1867886,658207UA0A,"[56, 0]","[136, 0]",08:16:08,20260417,0.0,10821,"[15.8, 75.1, 88.0, 116.8, 15.6, 311.3]","[1, 1, 1, 1]",0.0,OK,,,None,"[1, 1, 1, 1, 1, 1]"
1867885,8462284S00,"[631, 5]","[29, 0]",08:16:05,20260417,0.0,10823,"[12.5, 127.1, 127.8, 128.2, 128.2, 128.2, 127.1, 12.6, 791.8]",None,0.0,OK,None,7,00024533,"[1, 1, 1, 1, 1, 1, 1, 1, 1]"
1867883,658207UA0A,"[55, 0]","[135, 0]",08:16:03,20260417,0.0,10821,"[16.0, 75.1, 87.8, 116.5, 15.7, 311.1]","[1, 1, 1, 1]",0.0,OK,,,None,"[1, 1, 1, 1, 1, 1]"
1867884,82832W080PKENGEN,"[204, 0]","[179, 0]",08:16:03,20260417,0.0,None,"[27.5, 37.1, 38.7, 52.4, 61.5, 78.0, 97.8, 97.8, 86.9, 85.2, 13.6]",None,0.0,OK,None,,Null,"[1, 1, 1, 1, 1, 1, 1, 1, 1, 1, 1]"
1867882,658207UA0A,"[54, 0]","[134, 0]",08:15:57,20260417,0.0,10821,"[15.6, 75.8, 87.8, 117.0, 15.6, 311.7]","[1, 1, 1, 1]",0.0,OK,,,None,"[1, 1, 1, 1, 1, 1]"
1867881,8462284S00,"[630, 5]","[28, 0]",08:15:52,20260417,0.0,10823,"[12.3, 127.8, 127.9, 128.6, 128.4, 128.6, 127.4, 12.9, 794.0]",None,0.0,OK,None,7,00024533,"[1, 1, 1, 1, 1, 1, 1, 1, 1]"
1867880,658207UA0A,"[53, 0]","[133, 0]",08:15:51,20260417,0.0,10821,"[15.9, 75.3, 88.1, 117.0, 15.2, 311.4]","[1, 1, 1, 1]",0.0,OK,,,None,"[1, 1, 1, 1, 1, 1]"
1867879,658207UA0A,"[52, 0]","[132, 0]",08:15:44,20260417,0.0,10821,"[15.6, 75.0, 88.0, 116.2, 16.2, 310.9]","[1, 1, 1, 1]",0.0,OK,,,None,"[1, 1, 1, 1, 1, 1]"
1867878,82832W080PKENGEN,"[203, 0]","[178, 0]",08:15:42,20260417,0.0,None,"[27.2, 37.1, 38.4, 52.1, 61.4, 78.5, 97.5, 97.6, 87.1, 84.9, 13.4]",None,0.0,OK,None,,Null,"[1, 1, 1, 1, 1, 1, 1, 1, 1, 1, 1]"
1867877,65820W030P,"[5, 0]","[5, 0]",08:15:37,20260417,0.0,10733,"[27.0, 106.6, 74.6, 74.6, 74.8, 74.6, 76.2, 91.3, 74.8, 101.8, 99.9, 129.3, 103.5, 109.1, 103.4, 130.2, 100.0, 102.3, 75.1, 92.3, 77.2, 74.8, 75.0, 75.0, 75.0, 105.8, 27.5]",None,0.0,OK,,,,"[1, 1, 1, 1, 1, 1, 1, 1, 1, 1, 1, 1, 1, 1, 1, 1, 1, 1, 1, 1, 1, 1, 1, 1, 1, 1, 1]"
1867876,65820W030P,"[4, 0]","[4, 0]",08:15:36,20260417,0.0,10733,"[27.0, 106.2, 74.6, 74.8, 75.0, 75.9, 74.3, 91.3, 75.3, 102.4, 100.4, 129.6, 103.9, 110.2, 103.7, 130.1, 99.9, 102.7, 75.4, 92.3, 76.4, 75.0, 75.4, 75.3, 75.3, 106.4, 27.3]",None,0.0,OK,,,,"[1, 1, 1, 1, 1, 1, 1, 1, 1, 1, 1, 1, 1, 1, 1, 1, 1, 1, 1, 1, 1, 1, 1, 1, 1, 1, 1]"
1867875,65820W030P,"[3, 0]","[3, 0]",08:15:35,20260417,0.0,10733,"[27.3, 106.9, 75.0, 75.1, 75.3, 74.8, 74.8, 91.5, 74.8, 102.3, 100.2, 129.3, 103.7, 109.9, 103.4, 129.1, 100.4, 102.6, 75.3, 92.1, 75.8, 75.1, 75.4, 75.1, 75.0, 106.6, 27.3]",None,0.0,OK,,,,"[1, 1, 1, 1, 1, 1, 1, 1, 1, 1, 1, 1, 1, 1, 1, 1, 1, 1, 1, 1, 1, 1, 1, 1, 1, 1, 1]"
1867874,65820W030P,"[2, 0]","[2, 0]",08:15:35,20260417,0.0,10733,"[27.0, 106.9, 75.0, 74.8, 75.0, 75.9, 73.8, 91.3, 74.8, 102.1, 100.4, 129.9, 103.7, 109.7, 103.5, 129.9, 99.9, 103.1, 75.4, 92.3, 75.8, 75.1, 75.4, 75.1, 75.1, 106.9, 27.6]",None,0.0,OK,,,,"[1, 1, 1, 1, 1, 1, 1, 1, 1, 1, 1, 1, 1, 1, 1, 1, 1, 1, 1, 1, 1, 1, 1, 1, 1, 1, 1]"
1867873,65820W030P,"[1, 0]","[1, 0]",08:15:34,20260417,0.0,10733,"[27.2, 107.3, 75.0, 75.1, 75.1, 75.7, 74.2, 91.3, 75.1, 102.3, 100.2, 130.2, 103.9, 109.9, 103.5, 129.7, 100.4, 102.9, 75.3, 92.4, 75.8, 75.3, 75.6, 75.0, 75.3, 106.9, 27.3]",None,0.0,OK,,,,"[1, 1, 1, 1, 1, 1, 1, 1, 1, 1, 1, 1, 1, 1, 1, 1, 1, 1, 1, 1, 1, 1, 1, 1, 1, 1, 1]"
1867872,8462284S00,"[629, 5]","[27, 0]",08:15:32,20260417,0.0,10823,"[12.3, 127.3, 127.9, 128.3, 127.8, 128.1, 127.0, 12.5, 791.1]",None,0.0,OK,None,7,00024533,"[1, 1, 1, 1, 1, 1, 1, 1, 1]"
1867871,8462284S00,"[628, 5]","[26, 0]",08:15:23,20260417,0.0,10823,"[12.1, 127.6, 127.3, 128.1, 128.2, 128.1, 127.4, 12.9, 791.7]",None,0.0,OK,None,7,00024533,"[1, 1, 1, 1, 1, 1, 1, 1, 1]"
1867870,82832W080PKENGEN,"[202, 0]","[177, 0]",08:15:22,20260417,0.0,None,"[27.5, 37.1, 38.5, 51.9, 61.7, 78.0, 98.0, 97.6, 87.1, 84.9, 13.6]",None,0.0,OK,None,,Null,"[1, 1, 1, 1, 1, 1, 1, 1, 1, 1, 1]"
1867869,658207UA0A,"[51, 0]","[131, 0]",08:15:22,20260417,0.0,10821,"[15.2, 74.8, 88.3, 116.5, 15.4, 310.2]","[1, 1, 1, 1]",0.0,OK,,,None,"[1, 1, 1, 1, 1, 1]"
1867867,658207UA0A,"[50, 0]","[130, 0]",08:15:15,20260417,0.0,10821,"[15.6, 75.1, 88.0, 117.3, 15.1, 311.1]","[1, 1, 1, 1]",0.0,OK,,,None,"[1, 1, 1, 1, 1, 1]"
1867868,8462284S00,"[627, 5]","[25, 0]",08:15:14,20260417,0.0,10823,"[12.3, 127.6, 128.4, 128.7, 128.6, 128.6, 127.1, 12.3, 793.5]",None,0.0,OK,None,7,00024533,"[1, 1, 1, 1, 1, 1, 1, 1, 1]"
1867866,658207UA0A,"[49, 0]","[129, 0]",08:15:09,20260417,0.0,10821,"[15.9, 74.8, 88.0, 117.3, 15.8, 311.7]","[1, 1, 1, 1]",0.0,OK,,,None,"[1, 1, 1, 1, 1, 1]"
1867865,8462284S00,"[626, 5]","[24, 0]",08:15:04,20260417,0.0,10823,"[12.2, 127.6, 127.8, 128.1, 128.1, 128.7, 127.6, 12.8, 792.7]",None,0.0,OK,None,7,00024533,"[1, 1, 1, 1, 1, 1, 1, 1, 1]"
1867864,82832W080PKENGEN,"[201, 0]","[176, 0]",08:15:00,20260417,0.0,None,"[27.5, 37.2, 38.8, 52.3, 61.4, 78.3, 97.6, 98.1, 87.1, 84.9, 13.7]",None,0.0,OK,None,,Null,"[1, 1, 1, 1, 1, 1, 1, 1, 1, 1, 1]"
1867863,658207UA0A,"[48, 0]","[128, 0]",08:14:57,20260417,0.0,None,"[16.0, 74.3, 88.3, 116.8, 15.2, 310.6]","[1, 1, 1, 1]",0.0,OK,,,None,"[1, 1, 1, 1, 1, 1]"
1867862,8462284S00,"[625, 5]","[23, 0]",08:14:55,20260417,0.0,10823,"[12.5, 127.3, 127.6, 128.4, 128.1, 127.9, 127.8, 12.3, 791.9]",None,0.0,OK,None,7,00024533,"[1, 1, 1, 1, 1, 1, 1, 1, 1]"
1867861,658207UA0A,"[47, 0]","[127, 0]",08:14:48,20260417,0.0,None,"[15.5, 74.5, 88.3, 117.1, 14.6, 310.0]","[1, 1, 1, 1]",0.0,OK,,,None,"[1, 1, 1, 1, 1, 1]"
1867860,8462284S00,"[624, 5]","[22, 0]",08:14:45,20260417,0.0,10823,"[12.7, 127.4, 127.9, 128.1, 127.8, 127.8, 127.1, 12.0, 790.8]",None,0.0,OK,None,7,00024533,"[1, 1, 1, 1, 1, 1, 1, 1, 1]"
1867859,658207UA0A,"[46, 0]","[126, 0]",08:14:41,20260417,0.0,None,"[15.6, 75.1, 88.0, 116.5, 15.9, 311.1]","[1, 1, 1, 1]",0.0,OK,,,None,"[1, 1, 1, 1, 1, 1]"
1867858,82832W080PKENGEN,"[200, 0]","[175, 0]",08:14:37,20260417,0.0,None,"[27.6, 37.1, 38.5, 52.1, 61.4, 77.8, 97.6, 97.8, 86.9, 85.0, 13.6]",None,0.0,OK,None,,Null,"[1, 1, 1, 1, 1, 1, 1, 1, 1, 1, 1]"
1867857,8462284S00,"[623, 5]","[21, 0]",08:14:36,20260417,0.0,10823,"[12.8, 127.3, 127.8, 128.4, 128.2, 128.4, 127.4, 12.3, 792.6]",None,0.0,OK,None,7,00024533,"[1, 1, 1, 1, 1, 1, 1, 1, 1]"
1867856,658207UA0A,"[45, 0]","[125, 0]",08:14:36,20260417,0.0,None,"[15.3, 75.6, 88.1, 116.3, 16.0, 311.4]","[1, 1, 1, 1]",0.0,OK,,,None,"[1, 1, 1, 1, 1, 1]"
1867855,658207UA0A,"[44, 0]","[124, 0]",08:14:31,20260417,0.0,None,"[15.8, 75.1, 88.1, 117.1, 15.6, 311.8]","[1, 1, 1, 1]",0.0,OK,,,None,"[1, 1, 1, 1, 1, 1]"
1867854,658207UA0A,"[43, 0]","[123, 0]",08:14:26,20260417,0.0,None,"[16.0, 74.8, 88.1, 117.3, 15.5, 311.7]","[1, 1, 1, 1]",0.0,OK,,,None,"[1, 1, 1, 1, 1, 1]"
1867853,658207UA0A,"[42, 0]","[122, 0]",08:14:21,20260417,0.0,None,"[16.1, 75.1, 88.1, 116.8, 15.2, 311.3]","[1, 1, 1, 1]",0.0,OK,,,None,"[1, 1, 1, 1, 1, 1]"
1867852,658207UA0A,"[41, 0]","[121, 0]",08:14:17,20260417,0.0,None,"[15.8, 75.6, 87.8, 117.1, 15.4, 311.8]","[1, 1, 1, 1]",0.0,OK,,,None,"[1, 1, 1, 1, 1, 1]"
1867851,82832W080PKENGEN,"[199, 0]","[174, 0]",08:14:10,20260417,0.0,None,"[27.2, 37.1, 38.7, 52.4, 61.5, 78.0, 98.0, 97.6, 87.1, 84.9, 13.6]",None,0.0,OK,None,,Null,"[1, 1, 1, 1, 1, 1, 1, 1, 1, 1, 1]"
1867850,8462284S00,"[622, 5]","[20, 0]",08:14:00,20260417,0.0,10823,"[11.9, 127.8, 128.4, 127.9, 128.9, 128.7, 127.4, 12.6, 793.6]",None,0.0,OK,None,7,00024533,"[1, 1, 1, 1, 1, 1, 1, 1, 1]"
1867849,8462284S00,"[621, 5]","[19, 0]",08:13:48,20260417,0.0,10823,"[12.0, 127.6, 127.9, 128.2, 128.3, 128.4, 127.3, 12.5, 792.2]",None,0.0,OK,None,7,00024533,"[1, 1, 1, 1, 1, 1, 1, 1, 1]"
1867848,82832W080PKENGEN,"[198, 0]","[173, 0]",08:13:40,20260417,0.0,None,"[27.6, 36.9, 38.4, 52.1, 61.7, 78.0, 98.0, 98.0, 86.8, 85.0, 13.5]",None,0.0,OK,None,,Null,"[1, 1, 1, 1, 1, 1, 1, 1, 1, 1, 1]"
1867847,8462284S00,"[620, 5]","[18, 0]",08:13:37,20260417,0.0,10823,"[12.5, 127.4, 127.9, 127.9, 128.4, 128.2, 127.4, 12.0, 791.9]",None,0.0,OK,None,7,00024533,"[1, 1, 1, 1, 1, 1, 1, 1, 1]"
1867846,8462284S00,"[619, 5]","[17, 0]",08:13:27,20260417,0.0,10823,"[12.2, 127.8, 128.2, 128.1, 128.6, 127.8, 127.4, 12.4, 792.4]",None,0.0,OK,None,7,00024533,"[1, 1, 1, 1, 1, 1, 1, 1, 1]"
1867845,8462284S00,"[618, 5]","[16, 0]",08:13:18,20260417,0.0,10823,"[12.2, 127.9, 127.8, 128.6, 128.9, 128.6, 127.8, 12.6, 794.2]",None,0.0,OK,None,7,00024533,"[1, 1, 1, 1, 1, 1, 1, 1, 1]"
1867844,82832W080PKENGEN,"[197, 0]","[172, 0]",08:13:11,20260417,0.0,None,"[27.6, 36.8, 38.4, 52.3, 61.5, 77.8, 98.3, 97.8, 86.9, 85.3, 13.6]",None,0.0,OK,None,,Null,"[1, 1, 1, 1, 1, 1, 1, 1, 1, 1, 1]"
1867843,8462284S00,"[617, 5]","[15, 0]",08:13:10,20260417,0.0,10823,"[12.4, 127.8, 127.9, 128.6, 128.6, 128.7, 127.9, 12.6, 794.4]",None,0.0,OK,None,7,00024533,"[1, 1, 1, 1, 1, 1, 1, 1, 1]"
1867842,8462284S00,"[616, 5]","[14, 0]",08:13:00,20260417,0.0,10823,"[12.0, 127.4, 128.1, 128.9, 128.7, 128.7, 127.6, 12.6, 794.0]",None,0.0,OK,None,7,00024533,"[1, 1, 1, 1, 1, 1, 1, 1, 1]"
1867841,82832W080PKENGEN,"[196, 0]","[171, 0]",08:12:50,20260417,0.0,None,"[27.8, 37.1, 38.4, 52.3, 61.7, 77.8, 97.8, 98.1, 86.8, 85.2, 13.6]",None,0.0,OK,None,,Null,"[1, 1, 1, 1, 1, 1, 1, 1, 1, 1, 1]"
1867840,658207UA0A,"[40, 0]","[120, 0]",08:12:40,20260417,0.0,None,"[14.8, 75.4, 87.8, 116.3, 16.2, 310.6]","[1, 1, 1, 1]",0.0,OK,,,None,"[1, 1, 1, 1, 1, 1]"
1867839,658207UA0A,"[39, 0]","[119, 0]",08:12:35,20260417,0.0,None,"[16.0, 75.3, 88.4, 116.7, 14.7, 311.1]","[1, 1, 1, 1]",0.0,OK,,,None,"[1, 1, 1, 1, 1, 1]"
1867838,8462284S00,"[615, 5]","[13, 0]",08:12:30,20260417,0.0,10823,"[12.3, 127.6, 127.6, 128.7, 128.6, 127.9, 127.4, 12.2, 792.4]",None,0.0,OK,None,7,00024533,"[1, 1, 1, 1, 1, 1, 1, 1, 1]"
1867837,658207UA0A,"[38, 0]","[118, 0]",08:12:29,20260417,0.0,None,"[15.3, 75.4, 88.1, 116.2, 16.1, 311.2]","[1, 1, 1, 1]",0.0,OK,,,None,"[1, 1, 1, 1, 1, 1]"
1867836,82832W080PKENGEN,"[195, 0]","[170, 0]",08:12:26,20260417,0.0,None,"[27.5, 37.1, 38.5, 52.3, 61.7, 77.7, 98.0, 97.6, 87.1, 85.0, 13.8]",None,0.0,OK,None,,Null,"[1, 1, 1, 1, 1, 1, 1, 1, 1, 1, 1]"
1867835,658207UA0A,"[37, 0]","[117, 0]",08:12:23,20260417,0.0,None,"[16.3, 74.8, 88.4, 116.7, 15.4, 311.6]","[1, 1, 1, 1]",0.0,OK,,,None,"[1, 1, 1, 1, 1, 1]"
1867834,658207UA0A,"[36, 0]","[116, 0]",08:12:18,20260417,0.0,None,"[15.6, 75.3, 88.3, 116.3, 16.1, 311.6]","[1, 1, 1, 1]",0.0,OK,,,None,"[1, 1, 1, 1, 1, 1]"
1867833,8462284S00,"[614, 5]","[12, 0]",08:12:17,20260417,0.0,10823,"[12.2, 127.3, 127.3, 128.1, 128.1, 128.1, 127.3, 12.5, 790.7]",None,0.0,OK,None,7,00024533,"[1, 1, 1, 1, 1, 1, 1, 1, 1]"
1867832,658207UA0A,"[35, 0]","[115, 0]",08:12:13,20260417,0.0,None,"[15.6, 75.3, 88.1, 116.3, 15.9, 311.3]","[1, 1, 1, 1]",0.0,OK,,,None,"[1, 1, 1, 1, 1, 1]"
1867830,8462284S00,"[613, 5]","[11, 0]",08:12:08,20260417,0.0,10823,"[12.5, 127.3, 127.4, 128.2, 128.1, 128.2, 127.3, 12.4, 791.4]",None,0.0,OK,None,7,00024533,"[1, 1, 1, 1, 1, 1, 1, 1, 1]"
1867831,658207UA0A,"[34, 0]","[114, 0]",08:12:07,20260417,0.0,None,"[15.4, 75.3, 88.1, 116.3, 16.0, 311.1]","[1, 1, 1, 1]",0.0,OK,,,None,"[1, 1, 1, 1, 1, 1]"
1867829,658207UA0A,"[33, 0]","[113, 0]",08:12:01,20260417,0.0,None,"[14.9, 75.3, 88.3, 116.3, 16.1, 311.0]","[1, 1, 1, 1]",0.0,OK,,,None,"[1, 1, 1, 1, 1, 1]"
1867828,658207UA0A,"[32, 0]","[112, 0]",08:11:56,20260417,0.0,None,"[16.0, 75.1, 87.7, 117.5, 15.3, 311.5]","[1, 1, 1, 1]",0.0,OK,,,None,"[1, 1, 1, 1, 1, 1]"
1867827,658207UA0A,"[31, 0]","[111, 0]",08:11:50,20260417,0.0,None,"[15.4, 75.1, 88.4, 116.2, 16.1, 311.3]","[1, 1, 1, 1]",0.0,OK,,,None,"[1, 1, 1, 1, 1, 1]"
1867826,82832W080PKENGEN,"[194, 0]","[169, 0]",08:11:49,20260417,0.0,None,"[27.3, 36.9, 38.7, 52.3, 61.4, 78.0, 98.0, 97.5, 87.4, 84.7, 13.9]",None,0.0,OK,None,,Null,"[1, 1, 1, 1, 1, 1, 1, 1, 1, 1, 1]"
1867825,658207UA0A,"[30, 0]","[110, 0]",08:11:45,20260417,0.0,None,"[14.9, 75.1, 87.7, 116.8, 15.8, 310.2]","[1, 1, 1, 1]",0.0,OK,,,None,"[1, 1, 1, 1, 1, 1]"
1867824,658207UA0A,"[29, 0]","[109, 0]",08:11:40,20260417,0.0,None,"[15.5, 75.3, 88.0, 116.2, 16.0, 311.0]","[1, 1, 1, 1]",0.0,OK,,,None,"[1, 1, 1, 1, 1, 1]"
1867823,658207UA0A,"[28, 0]","[108, 0]",08:11:34,20260417,0.0,None,"[15.2, 75.0, 88.3, 116.2, 15.8, 310.4]","[1, 1, 1, 1]",0.0,OK,,,None,"[1, 1, 1, 1, 1, 1]"
1867822,658207UA0A,"[27, 0]","[107, 0]",08:11:29,20260417,0.0,None,"[15.3, 75.3, 88.0, 116.2, 16.0, 310.7]","[1, 1, 1, 1]",0.0,OK,,,None,"[1, 1, 1, 1, 1, 1]"
1867821,8462284S00,"[612, 5]","[10, 0]",08:11:27,20260417,0.0,10823,"[12.8, 127.3, 127.4, 127.6, 128.6, 128.2, 127.3, 12.3, 791.5]",None,0.0,OK,None,7,00024533,"[1, 1, 1, 1, 1, 1, 1, 1, 1]"
1867820,658207UA0A,"[26, 0]","[106, 0]",08:11:24,20260417,0.0,None,"[15.6, 75.1, 88.3, 116.8, 15.4, 311.2]","[1, 1, 1, 1]",0.0,OK,,,None,"[1, 1, 1, 1, 1, 1]"
1867819,658207UA0A,"[25, 0]","[105, 0]",08:11:20,20260417,0.0,None,"[15.3, 75.4, 88.1, 116.3, 15.9, 311.1]","[1, 1, 1, 1]",0.0,OK,,,None,"[1, 1, 1, 1, 1, 1]"
1867818,82832W080PKENGEN,"[193, 0]","[168, 0]",08:11:16,20260417,0.0,None,"[27.5, 37.1, 38.4, 52.1, 62.0, 78.0, 98.1, 98.0, 86.9, 85.0, 13.8]",None,0.0,OK,None,,Null,"[1, 1, 1, 1, 1, 1, 1, 1, 1, 1, 1]"
1867817,8462284S00,"[611, 5]","[9, 0]",08:11:16,20260417,0.0,10823,"[12.3, 127.1, 128.1, 128.1, 128.6, 128.1, 127.3, 12.6, 792.1]",None,0.0,OK,None,7,00024533,"[1, 1, 1, 1, 1, 1, 1, 1, 1]"
1867816,658207UA0A,"[24, 0]","[104, 0]",08:11:16,20260417,0.0,None,"[15.4, 75.8, 87.7, 118.4, 14.5, 311.8]","[1, 1, 1, 1]",0.0,OK,,,None,"[1, 1, 1, 1, 1, 1]"
1867815,658207UA0A,"[23, 0]","[103, 0]",08:11:11,20260417,0.0,None,"[15.0, 75.1, 88.3, 116.3, 15.8, 310.6]","[1, 1, 1, 1]",0.0,OK,,,None,"[1, 1, 1, 1, 1, 1]"
1867814,658207UA0A,"[22, 0]","[102, 0]",08:11:06,20260417,0.0,None,"[14.8, 74.7, 86.9, 117.1, 16.0, 309.4]","[1, 1, 1, 1]",0.0,OK,,,None,"[1, 1, 1, 1, 1, 1]"
1867813,8462284S00,"[610, 5]","[8, 0]",08:11:04,20260417,0.0,10823,"[12.4, 127.6, 127.9, 127.8, 128.2, 128.4, 127.1, 12.6, 792.0]",None,0.0,OK,None,7,00024533,"[1, 1, 1, 1, 1, 1, 1, 1, 1]"
1867812,658207UA0A,"[21, 0]","[101, 0]",08:11:01,20260417,0.0,None,"[15.2, 75.4, 87.8, 116.3, 16.1, 310.9]","[1, 1, 1, 1]",0.0,OK,,,None,"[1, 1, 1, 1, 1, 1]"
1867811,8462284S00,"[609, 5]","[7, 0]",08:10:54,20260417,0.0,10823,"[12.6, 127.0, 127.6, 127.8, 128.4, 128.3, 127.3, 12.1, 790.9]",None,0.0,OK,None,7,00024533,"[1, 1, 1, 1, 1, 1, 1, 1, 1]"
1867810,82832W080PKENGEN,"[192, 0]","[167, 0]",08:10:50,20260417,0.0,None,"[27.6, 37.1, 38.8, 52.3, 61.9, 78.0, 97.6, 98.0, 87.4, 84.9, 13.8]",None,0.0,OK,None,,Null,"[1, 1, 1, 1, 1, 1, 1, 1, 1, 1, 1]"
1867809,8462284S00,"[608, 5]","[6, 0]",08:10:44,20260417,0.0,10823,"[12.0, 127.8, 128.1, 128.4, 128.4, 128.2, 127.4, 12.5, 792.8]",None,0.0,OK,None,7,00024533,"[1, 1, 1, 1, 1, 1, 1, 1, 1]"
1867808,8462284S00,"[607, 5]","[5, 0]",08:10:34,20260417,0.0,10823,"[12.4, 127.3, 127.8, 128.2, 128.2, 128.2, 127.4, 12.9, 792.4]",None,0.0,OK,None,7,00024533,"[1, 1, 1, 1, 1, 1, 1, 1, 1]"
1867807,82832W080PKENGEN,"[191, 0]","[166, 0]",08:10:26,20260417,0.0,None,"[27.5, 37.2, 38.8, 52.3, 61.7, 77.8, 97.8, 97.8, 87.3, 85.0, 13.8]",None,0.0,OK,None,,Null,"[1, 1, 1, 1, 1, 1, 1, 1, 1, 1, 1]"
1867806,8462284S00,"[606, 5]","[4, 0]",08:10:23,20260417,0.0,10823,"[12.2, 127.8, 127.9, 127.8, 128.2, 127.6, 127.4, 12.1, 791.1]",None,0.0,OK,None,7,00024533,"[1, 1, 1, 1, 1, 1, 1, 1, 1]"
1867805,8462284S00,"[605, 5]","[3, 0]",08:10:12,20260417,0.0,10823,"[12.5, 127.8, 128.2, 128.6, 128.4, 128.6, 127.3, 12.7, 794.0]",None,0.0,OK,None,7,00024533,"[1, 1, 1, 1, 1, 1, 1, 1, 1]"
1867804,808387YA0A,"[2, 1]","[22, 5]",08:10:08,20260417,0.0,None,MANUAL,MANUAL,0.0,MANUAL,MANUAL,,MANUAL,MANUAL
1867803,808387YA0A,"[3, 1]","[23, 5]",08:10:07,20260417,0.0,None,MANUAL,MANUAL,0.0,MANUAL,MANUAL,,MANUAL,MANUAL
1867802,808387YA0A,"[4, 1]","[24, 5]",08:10:04,20260417,0.0,None,MANUAL,MANUAL,0.0,MANUAL,MANUAL,,MANUAL,MANUAL
1867801,808387YA0A,"[4, 2]","[24, 6]",08:10:04,20260417,0.0,None,MANUAL,MANUAL,0.0,MANUAL,MANUAL,,MANUAL,MANUAL
1867800,808387YA0A,"[4, 3]","[24, 7]",08:10:04,20260417,0.0,None,MANUAL,MANUAL,0.0,MANUAL,MANUAL,,MANUAL,MANUAL
1867799,808387YA0A,"[4, 4]","[24, 8]",08:10:04,20260417,0.0,None,MANUAL,MANUAL,0.0,MANUAL,MANUAL,,MANUAL,MANUAL
1867798,808387YA0A,"[4, 5]","[24, 9]",08:10:03,20260417,0.0,None,MANUAL,MANUAL,0.0,MANUAL,MANUAL,,MANUAL,MANUAL
1867797,8462284S00,"[604, 5]","[2, 0]",08:10:02,20260417,0.0,10823,"[12.1, 127.4, 127.6, 128.2, 128.7, 128.3, 127.1, 12.3, 791.8]",None,0.0,OK,None,7,00024533,"[1, 1, 1, 1, 1, 1, 1, 1, 1]"
1867796,808387YA0A,"[4, 6]","[24, 10]",08:09:51,20260417,0.0,None,"[14.2, 114.1, 142.4, 143.5, 145.6, 146.6, 146.6, 144.8, 15.4, 1013.2]",None,0.0,OK,,,None,"[1, 1, 1, 1, 1, 1, 1, 1, 1, 1]"
1867795,8462284S00,"[603, 5]","[1, 0]",08:09:48,20260417,0.0,10823,"[12.1, 127.6, 128.1, 128.4, 128.9, 128.7, 127.6, 12.7, 794.0]",None,0.0,OK,None,7,00024533,"[1, 1, 1, 1, 1, 1, 1, 1, 1]"
1867794,808387YA0A,"[3, 6]","[23, 10]",08:09:41,20260417,0.0,None,"[14.3, 114.1, 142.6, 143.9, 145.6, 146.9, 146.6, 145.1, 15.4, 1014.4]",None,0.0,NG,CLIP PITCH NG,,None,"[1, 1, 1, 0, 1, 1, 1, 1, 1, 1]"
1867793,82832W080PKENGEN,"[190, 0]","[165, 0]",08:09:28,20260417,0.0,None,"[27.3, 37.1, 38.4, 52.7, 61.5, 78.0, 98.0, 97.8, 86.8, 85.2, 13.6]",None,0.0,OK,None,,Null,"[1, 1, 1, 1, 1, 1, 1, 1, 1, 1, 1]"
1867792,808387YA0A,"[3, 5]","[23, 9]",08:09:28,20260417,0.0,None,"[14.2, 114.2, 142.7, 143.8, 145.3, 146.6, 146.9, 145.1, 15.6, 1014.5]",None,0.0,NG,CLIP PITCH NG,,None,"[1, 1, 1, 0, 1, 1, 1, 1, 1, 1]"
1867791,808387YA0A,"[3, 4]","[23, 8]",08:09:14,20260417,0.0,None,"[14.0, 114.2, 142.7, 143.7, 145.1, 146.9, 146.9, 145.1, 15.5, 1014.2]",None,0.0,OK,,,None,"[1, 1, 1, 1, 1, 1, 1, 1, 1, 1]"
1867790,808387YA0A,"[2, 4]","[22, 8]",08:09:09,20260417,0.0,None,"[13.9, 114.2, 142.7, 143.7, 145.1, 146.9, 146.9, 145.1, 15.1, 1013.8]",None,0.0,OK,,,None,"[1, 1, 1, 1, 1, 1, 1, 1, 1, 1]"
1867789,82832W080PKENGEN,"[189, 0]","[164, 0]",08:09:06,20260417,0.0,None,"[27.6, 37.1, 38.5, 51.9, 61.4, 78.0, 97.6, 97.5, 86.9, 85.0, 13.5]",None,0.0,OK,None,,Null,"[1, 1, 1, 1, 1, 1, 1, 1, 1, 1, 1]"
1867788,808387YA0A,"[1, 4]","[21, 8]",08:08:57,20260417,0.0,None,"[2.9, 114.2, 142.7, 143.8, 145.3, 146.9, 146.7, 145.3, 15.6, 1003.5]",None,0.0,NG,CLIP PITCH NG,,None,"[0, 1, 1, 0, 1, 1, 1, 1, 1, 0]"
1867787,8462284S00,"[602, 5]","[0, 0]",08:08:51,20260417,0.0,10823,COUNTERRESET,COUNTERRESET,0.0,COUNTERRESET,COUNTERRESET,COUNTERRESET,COUNTERRESET,COUNTERRESET
1867786,658207UA0A,"[20, 0]","[100, 0]",08:08:51,20260417,0.0,None,"[14.6, 74.3, 87.2, 117.3, 16.3, 309.6]","[1, 1, 1, 1]",0.0,OK,,,None,"[1, 1, 1, 1, 1, 1]"
1867785,658207UA0A,"[19, 0]","[99, 0]",08:08:44,20260417,0.0,None,"[14.5, 74.7, 87.2, 117.1, 16.5, 309.9]","[1, 1, 1, 1]",0.0,OK,,,None,"[1, 1, 1, 1, 1, 1]"
1867784,808387YA0A,"[1, 3]","[21, 7]",08:08:42,20260417,0.0,None,"[3.0, 114.4, 142.7, 143.7, 145.1, 146.7, 146.9, 145.1, 15.5, 1003.3]",None,0.0,NG,CLIP PITCH NG,,None,"[0, 1, 1, 1, 1, 1, 1, 1, 1, 0]"
1867783,82832W080PKENGEN,"[188, 0]","[163, 0]",08:08:38,20260417,0.0,None,"[27.5, 36.8, 38.5, 52.4, 61.4, 78.0, 97.6, 97.6, 86.9, 84.9, 13.6]",None,0.0,OK,None,,Null,"[1, 1, 1, 1, 1, 1, 1, 1, 1, 1, 1]"
1867782,658207UA0A,"[18, 0]","[98, 0]",08:08:38,20260417,0.0,None,"[15.7, 74.5, 87.2, 116.2, 17.0, 310.6]","[1, 1, 1, 1]",0.0,OK,,,None,"[1, 1, 1, 1, 1, 1]"
1867781,658207UA0A,"[17, 0]","[97, 0]",08:08:32,20260417,0.0,None,"[14.9, 74.0, 87.2, 116.8, 16.2, 309.1]","[1, 1, 1, 1]",0.0,OK,,,None,"[1, 1, 1, 1, 1, 1]"
1867780,808387YA0A,"[1, 2]","[21, 6]",08:08:30,20260417,0.0,None,"[3.0, 114.4, 142.7, 143.7, 145.3, 146.7, 146.9, 145.1, 15.4, 1003.2]",None,0.0,NG,CLIP PITCH NG,,None,"[0, 1, 1, 1, 1, 1, 1, 1, 1, 0]"
1867779,658207UA0A,"[16, 0]","[96, 0]",08:08:26,20260417,0.0,None,"[15.5, 74.8, 88.1, 116.2, 16.2, 310.9]","[1, 1, 1, 1]",0.0,OK,,,None,"[1, 1, 1, 1, 1, 1]"
1867778,658207UA0A,"[15, 0]","[95, 0]",08:08:20,20260417,0.0,None,"[14.8, 74.5, 87.3, 117.6, 15.1, 309.4]","[1, 1, 1, 1]",0.0,OK,,,None,"[1, 1, 1, 1, 1, 1]"
1867776,658207UA0A,"[14, 0]","[94, 0]",08:08:14,20260417,0.0,None,"[14.8, 74.7, 86.7, 117.3, 16.1, 309.5]","[1, 1, 1, 1]",0.0,OK,,,None,"[1, 1, 1, 1, 1, 1]"
1867777,82832W080PKENGEN,"[187, 0]","[162, 0]",08:08:13,20260417,0.0,None,"[27.5, 37.1, 38.5, 52.3, 61.5, 78.0, 98.1, 97.8, 87.3, 84.4, 13.8]",None,0.0,OK,None,,Null,"[1, 1, 1, 1, 1, 1, 1, 1, 1, 1, 1]"
1867775,808387YA0A,"[1, 1]","[21, 5]",08:08:09,20260417,0.0,None,MANUAL,MANUAL,0.0,MANUAL,MANUAL,,MANUAL,MANUAL
1867774,808387YA0A,"[1, 2]","[21, 6]",08:08:09,20260417,0.0,None,MANUAL,MANUAL,0.0,MANUAL,MANUAL,,MANUAL,MANUAL
1867773,808387YA0A,"[1, 3]","[21, 7]",08:08:08,20260417,0.0,None,MANUAL,MANUAL,0.0,MANUAL,MANUAL,,MANUAL,MANUAL
1867772,658207UA0A,"[13, 0]","[93, 0]",08:08:08,20260417,0.0,None,"[15.0, 75.3, 88.0, 116.3, 15.9, 310.5]","[1, 1, 1, 1]",0.0,OK,,,None,"[1, 1, 1, 1, 1, 1]"
1867771,808387YA0A,"[1, 4]","[21, 8]",08:08:02,20260417,0.0,None,"[2.6, 114.2, 142.6, 143.7, 145.3, 146.9, 146.7, 145.3, 15.4, 1002.8]",None,0.0,NG,CLIP PITCH NG,,None,"[0, 1, 1, 1, 1, 1, 1, 1, 1, 0]"
1867770,658207UA0A,"[12, 0]","[92, 0]",08:08:02,20260417,0.0,None,"[15.6, 75.1, 88.0, 116.3, 15.7, 310.8]","[1, 1, 1, 1]",0.0,OK,,,None,"[1, 1, 1, 1, 1, 1]"
1867769,658207UA0A,"[11, 0]","[91, 0]",08:07:56,20260417,0.0,None,"[15.2, 75.1, 88.1, 116.2, 15.7, 310.4]","[1, 1, 1, 1]",0.0,OK,,,None,"[1, 1, 1, 1, 1, 1]"
1867768,82832W080PKENGEN,"[186, 0]","[161, 0]",08:07:50,20260417,0.0,None,"[27.5, 36.8, 38.2, 52.1, 61.5, 78.3, 97.8, 97.3, 86.9, 84.7, 13.8]",None,0.0,OK,None,,Null,"[1, 1, 1, 1, 1, 1, 1, 1, 1, 1, 1]"
1867767,658207UA0A,"[10, 0]","[90, 0]",08:07:50,20260417,0.0,None,"[15.2, 75.1, 88.1, 116.0, 15.7, 310.2]","[1, 1, 1, 1]",0.0,OK,,,None,"[1, 1, 1, 1, 1, 1]"
1867766,808387YA0A,"[1, 3]","[21, 7]",08:07:45,20260417,0.0,None,"[3.0, 114.6, 142.6, 143.8, 145.5, 146.7, 146.7, 145.3, 15.7, 1003.9]",None,0.0,NG,CLIP PITCH NG,,None,"[0, 1, 1, 0, 1, 1, 1, 1, 1, 0]"
1867765,658207UA0A,"[9, 0]","[89, 0]",08:07:44,20260417,0.0,None,"[15.8, 75.0, 88.4, 116.2, 15.8, 311.2]","[1, 1, 1, 1]",0.0,OK,,,None,"[1, 1, 1, 1, 1, 1]"
1867764,658207UA0A,"[8, 0]","[88, 0]",08:07:39,20260417,0.0,None,"[14.0, 74.7, 87.2, 116.7, 16.1, 308.6]","[1, 1, 1, 1]",0.0,OK,,,None,"[1, 1, 1, 1, 1, 1]"
1867763,808387YA0A,"[1, 2]","[21, 6]",08:07:38,20260417,0.0,None,"[3.1, 114.6, 142.7, 143.7, 145.6, 146.7, 146.9, 145.3, 15.5, 1004.1]",None,0.0,NG,CLIP PITCH NG,,None,"[0, 1, 1, 1, 1, 1, 1, 1, 1, 1]"
1867762,658207UA0A,"[7, 0]","[87, 0]",08:07:34,20260417,0.0,None,"[15.5, 74.8, 87.2, 116.8, 16.6, 310.9]","[1, 1, 1, 1]",0.0,OK,,,None,"[1, 1, 1, 1, 1, 1]"
1867761,658207UA0A,"[6, 0]","[86, 0]",08:07:28,20260417,0.0,None,"[14.8, 74.5, 87.0, 117.0, 16.2, 309.5]","[1, 1, 1, 1]",0.0,OK,,,None,"[1, 1, 1, 1, 1, 1]"
1867760,808387YA0A,"[1, 1]","[21, 5]",08:07:24,20260417,0.0,None,"[14.2, 114.4, 142.9, 143.8, 145.5, 147.1, 146.9, 145.3, 15.8, 1015.8]",None,0.0,NG,CLIP PITCH NG,,None,"[1, 1, 1, 0, 1, 1, 1, 1, 1, 1]"
1867759,82832W080PKENGEN,"[185, 0]","[160, 0]",08:07:18,20260417,0.0,None,MANUAL,MANUAL,0.0,MANUAL,MANUAL,,MANUAL,MANUAL
1867758,658207UA0A,"[5, 0]","[85, 0]",08:07:18,20260417,0.0,None,"[15.1, 75.3, 88.3, 116.0, 16.6, 311.3]","[1, 1, 1, 1]",0.0,OK,,,None,"[1, 1, 1, 1, 1, 1]"
1867757,658207UA0A,"[4, 0]","[84, 0]",08:07:12,20260417,0.0,None,"[14.7, 74.5, 87.2, 116.7, 16.7, 309.8]","[1, 1, 1, 1]",0.0,OK,,,None,"[1, 1, 1, 1, 1, 1]"
1867756,658207UA0A,"[3, 0]","[83, 0]",08:07:06,20260417,0.0,None,"[15.6, 75.3, 88.3, 115.9, 16.3, 311.3]","[1, 1, 1, 1]",0.0,OK,,,None,"[1, 1, 1, 1, 1, 1]"
1867755,658207UA0A,"[2, 0]","[82, 0]",08:06:59,20260417,0.0,None,"[15.6, 74.8, 87.0, 115.9, 17.1, 310.3]","[1, 1, 1, 1]",0.0,OK,,,None,"[1, 1, 1, 1, 1, 1]"
1867754,658207UA0A,"[1, 0]","[81, 0]",08:06:54,20260417,0.0,None,"[16.2, 75.0, 88.3, 116.2, 16.0, 311.6]","[1, 1, 1, 1]",0.0,OK,,,None,"[1, 1, 1, 1, 1, 1]"
1867753,808387YA0A,"[1, 0]","[21, 4]",08:06:25,20260417,0.0,None,"[14.5, 114.1, 143.7, 142.2, 146.1, 146.6, 147.4, 144.5, 16.0, 1015.0]",None,0.0,OK,,,None,"[1, 1, 1, 1, 1, 1, 1, 1, 1, 1]"
1867752,82832W080PKENGEN,"[185, 1]","[160, 1]",08:05:51,20260417,0.0,None,"[27.3, 37.1, 38.4, 52.1, 61.7, 78.3, 98.0, 98.0, 87.1, 84.9, 13.8]",None,0.0,OK,None,,Null,"[1, 1, 1, 1, 1, 1, 1, 1, 1, 1, 1]"
1867751,82832W080PKENGEN,"[184, 1]","[159, 1]",08:05:14,20260417,0.0,None,"[27.6, 36.8, 38.5, 51.9, 61.7, 78.3, 98.0, 97.6, 87.1, 84.7, 13.6]",None,0.0,OK,None,,Null,"[1, 1, 1, 1, 1, 1, 1, 1, 1, 1, 1]"
1867750,8462284S00,"[602, 5]","[250, 2]",08:05:12,20260417,0.0,10823,"[12.6, 127.6, 127.1, 128.2, 127.8, 128.2, 127.4, 12.3, 791.3]",None,0.0,OK,None,7,00024533,"[1, 1, 1, 1, 1, 1, 1, 1, 1]"
1867749,8462284S00,"[601, 5]","[249, 2]",08:04:57,20260417,0.0,10823,"[12.5, 127.3, 127.8, 128.1, 128.1, 127.6, 127.1, 12.6, 790.9]",None,0.0,OK,None,7,00024533,"[1, 1, 1, 1, 1, 1, 1, 1, 1]"
1867748,8462284S00,"[600, 5]","[248, 2]",08:04:48,20260417,0.0,10823,"[12.6, 127.3, 127.8, 128.1, 128.1, 128.4, 127.1, 12.5, 791.7]",None,0.0,OK,None,7,00024533,"[1, 1, 1, 1, 1, 1, 1, 1, 1]"
1867747,82832W080PKENGEN,"[183, 1]","[158, 1]",08:04:41,20260417,0.0,None,"[27.6, 37.2, 38.2, 52.3, 61.4, 78.3, 97.8, 97.8, 86.8, 84.7, 13.8]",None,0.0,OK,None,,Null,"[1, 1, 1, 1, 1, 1, 1, 1, 1, 1, 1]"
1867746,8462284S00,"[599, 5]","[247, 2]",08:04:36,20260417,0.0,10823,"[12.3, 127.8, 127.9, 127.8, 128.6, 128.6, 127.4, 12.3, 792.5]",None,0.0,OK,None,7,00024533,"[1, 1, 1, 1, 1, 1, 1, 1, 1]"
1867745,8462284S00,"[598, 5]","[246, 2]",08:04:27,20260417,0.0,10823,"[12.3, 127.8, 127.6, 128.4, 128.1, 128.4, 127.4, 12.4, 792.4]",None,0.0,OK,None,7,00024533,"[1, 1, 1, 1, 1, 1, 1, 1, 1]"
1867744,82832W080PKENGEN,"[182, 1]","[157, 1]",08:04:17,20260417,0.0,None,"[27.5, 36.9, 38.8, 52.4, 61.7, 78.3, 98.1, 97.6, 87.6, 84.7, 13.8]",None,0.0,OK,None,,Null,"[1, 1, 1, 1, 1, 1, 1, 1, 1, 1, 1]"
1867743,8462284S00,"[597, 5]","[245, 2]",08:04:14,20260417,0.0,10823,"[12.2, 128.1, 128.1, 128.4, 127.9, 128.7, 127.6, 12.4, 793.4]",None,0.0,OK,None,7,00024533,"[1, 1, 1, 1, 1, 1, 1, 1, 1]"
1867742,8462284S00,"[596, 5]","[244, 2]",08:04:04,20260417,0.0,10823,"[12.5, 127.8, 127.4, 128.4, 128.4, 128.4, 127.4, 12.1, 792.4]",None,0.0,OK,None,7,00024533,"[1, 1, 1, 1, 1, 1, 1, 1, 1]"
1867741,82832W080PKENGEN,"[181, 1]","[156, 1]",08:03:59,20260417,0.0,None,"[27.5, 36.9, 38.8, 52.1, 61.7, 78.1, 98.0, 97.8, 87.1, 84.7, 13.8]",None,0.0,OK,None,,Null,"[1, 1, 1, 1, 1, 1, 1, 1, 1, 1, 1]"
1867740,8462284S00,"[595, 5]","[243, 2]",08:03:53,20260417,0.0,10823,"[12.3, 127.4, 128.2, 127.8, 128.1, 128.2, 128.1, 12.5, 792.6]",None,0.0,OK,None,7,00024533,"[1, 1, 1, 1, 1, 1, 1, 1, 1]"
1867739,dailyTenken03,"[0, 0]","[1, 1]",08:03:47,20260417,0.0,None,[99.69656843537598],[],0.0,OK,,,Null,[]
1867738,8462284S00,"[594, 5]","[242, 2]",08:03:43,20260417,0.0,10823,"[12.2, 127.8, 127.8, 128.7, 128.4, 128.4, 127.3, 12.4, 792.9]",None,0.0,OK,None,7,00024533,"[1, 1, 1, 1, 1, 1, 1, 1, 1]"
1867737,82832W080PKENGEN,"[180, 1]","[155, 1]",08:03:40,20260417,0.0,None,"[27.5, 37.2, 38.4, 51.9, 61.5, 77.8, 97.8, 98.0, 86.6, 85.3, 13.4]",None,0.0,OK,None,,Null,"[1, 1, 1, 1, 1, 1, 1, 1, 1, 1, 1]"
1867736,8462284S00,"[593, 5]","[241, 2]",08:03:33,20260417,0.0,10823,"[12.2, 127.3, 127.8, 128.4, 128.1, 128.1, 127.1, 11.7, 790.6]",None,0.0,OK,None,7,00024533,"[1, 1, 1, 1, 1, 1, 1, 1, 1]"
1867735,dailyTenken02,"[0, 0]","[1, 3]",08:03:29,20260417,0.0,None,[99.67532596791993],[],0.0,OK,,,Null,[]
1867734,82832W080PKENGEN,"[179, 1]","[154, 1]",08:03:21,20260417,0.0,None,"[27.6, 37.1, 38.7, 52.3, 61.7, 78.1, 98.1, 97.8, 87.1, 84.7, 13.6]",None,0.0,OK,None,,Null,"[1, 1, 1, 1, 1, 1, 1, 1, 1, 1, 1]"
1867733,dailyTenken01,"[0, 0]","[3, 26]",08:03:07,20260417,0.0,None,[99.93839805310058],[],0.0,OK,,,Null,[]
1867732,82832W080PKENGEN,"[178, 1]","[153, 1]",08:03:00,20260417,0.0,None,"[27.6, 36.9, 38.4, 52.6, 61.5, 78.0, 98.1, 97.8, 87.1, 84.9, 13.5]",None,0.0,OK,None,,Null,"[1, 1, 1, 1, 1, 1, 1, 1, 1, 1, 1]"
1867731,8462284S00,"[592, 5]","[240, 2]",08:02:39,20260417,0.0,10823,"[12.5, 127.0, 127.9, 127.8, 128.4, 128.1, 127.1, 12.3, 791.1]",None,0.0,OK,None,7,00024533,"[1, 1, 1, 1, 1, 1, 1, 1, 1]"
1867730,82832W080PKENGEN,"[177, 1]","[152, 1]",08:02:36,20260417,0.0,None,"[27.5, 36.9, 38.4, 51.9, 61.5, 78.0, 97.6, 98.3, 87.3, 84.7, 13.6]",None,0.0,OK,None,,Null,"[1, 1, 1, 1, 1, 1, 1, 1, 1, 1, 1]"
1867729,65820W030P,"[0, 0]","[0, 0]",08:02:32,20260417,0.0,10733,COUNTERRESET,COUNTERRESET,0.0,COUNTERRESET,COUNTERRESET,,,COUNTERRESET
1867728,8462284S00,"[591, 5]","[239, 2]",08:02:29,20260417,0.0,10823,"[12.3, 127.4, 127.9, 128.2, 128.1, 128.2, 127.4, 12.5, 792.1]",None,0.0,OK,None,7,00024533,"[1, 1, 1, 1, 1, 1, 1, 1, 1]"
1867727,8462284S00,"[590, 5]","[238, 2]",08:02:18,20260417,0.0,10823,"[12.5, 127.8, 127.8, 128.4, 128.4, 128.6, 127.8, 12.3, 793.4]",None,0.0,OK,None,7,00024533,"[1, 1, 1, 1, 1, 1, 1, 1, 1]"
1867726,82832W080PKENGEN,"[176, 1]","[151, 1]",08:02:15,20260417,0.0,None,"[27.5, 37.1, 38.7, 52.3, 61.4, 77.7, 97.6, 97.8, 86.9, 84.4, 13.5]",None,0.0,OK,None,,Null,"[1, 1, 1, 1, 1, 1, 1, 1, 1, 1, 1]"
1867725,8462284S00,"[589, 5]","[237, 2]",08:02:08,20260417,0.0,10823,"[12.3, 127.6, 127.9, 128.6, 128.4, 128.7, 128.1, 12.9, 794.4]",None,0.0,OK,None,7,00024533,"[1, 1, 1, 1, 1, 1, 1, 1, 1]"
1867724,8462284S00,"[588, 5]","[236, 2]",08:01:58,20260417,0.0,10823,"[12.2, 127.9, 128.2, 128.0, 128.9, 128.4, 127.6, 13.0, 794.2]",None,0.0,OK,None,7,00024533,"[1, 1, 1, 1, 1, 1, 1, 1, 1]"
1867723,82832W080PKENGEN,"[175, 1]","[150, 1]",08:01:54,20260417,0.0,None,"[27.6, 36.9, 38.4, 52.4, 61.5, 78.6, 98.1, 97.8, 87.3, 84.2, 13.8]",None,0.0,OK,None,,Null,"[1, 1, 1, 1, 1, 1, 1, 1, 1, 1, 1]"
1867722,8462284S00,"[587, 5]","[235, 2]",08:01:42,20260417,0.0,10823,"[12.3, 127.9, 127.8, 128.1, 128.1, 128.1, 127.4, 12.4, 792.0]",None,0.0,OK,None,7,00024533,"[1, 1, 1, 1, 1, 1, 1, 1, 1]"
1867721,8462284S00,"[586, 5]","[234, 2]",08:01:32,20260417,0.0,10823,"[12.5, 127.6, 127.9, 128.9, 128.1, 128.4, 127.5, 12.6, 793.4]",None,0.0,OK,None,7,00024533,"[1, 1, 1, 1, 1, 1, 1, 1, 1]"
1867720,82832W080PKENGEN,"[174, 1]","[149, 1]",08:01:21,20260417,0.0,None,"[27.6, 37.2, 38.5, 52.1, 61.7, 78.1, 98.1, 98.0, 87.1, 84.5, 13.4]",None,0.0,OK,None,,Null,"[1, 1, 1, 1, 1, 1, 1, 1, 1, 1, 1]"
1867719,8462284S00,"[585, 5]","[233, 2]",08:01:19,20260417,0.0,10823,"[12.2, 127.4, 127.9, 128.2, 128.7, 128.6, 127.4, 12.7, 793.2]",None,0.0,OK,None,7,00024533,"[1, 1, 1, 1, 1, 1, 1, 1, 1]"
1867718,8462284S00,"[584, 5]","[232, 2]",08:01:11,20260417,0.0,10823,"[12.9, 127.6, 127.8, 128.6, 128.1, 128.7, 127.8, 12.5, 793.9]",None,0.0,OK,None,7,00024533,"[1, 1, 1, 1, 1, 1, 1, 1, 1]"
1867717,8462284S00,"[583, 5]","[231, 2]",08:01:01,20260417,0.0,10823,"[12.4, 127.1, 127.8, 128.1, 127.8, 128.4, 127.1, 12.6, 791.2]",None,0.0,OK,None,7,00024533,"[1, 1, 1, 1, 1, 1, 1, 1, 1]"
1867716,82832W080PKENGEN,"[173, 1]","[148, 1]",08:00:40,20260417,0.0,None,"[27.5, 37.2, 38.7, 52.1, 61.5, 78.0, 98.0, 97.6, 86.8, 84.5, 13.6]",None,0.0,OK,None,,Null,"[1, 1, 1, 1, 1, 1, 1, 1, 1, 1, 1]"
1867715,8462284S00,"[582, 5]","[230, 2]",08:00:18,20260417,0.0,10823,"[12.5, 128.3, 128.6, 128.6, 128.9, 128.2, 127.6, 12.6, 795.2]",None,0.0,OK,None,7,00024533,"[1, 1, 1, 1, 1, 1, 1, 1, 1]"
1867714,8462284S00,"[581, 5]","[229, 2]",08:00:12,20260417,0.0,10823,"[12.7, 127.3, 128.6, 127.0, 129.8, 128.1, 127.6, 12.6, 793.6]",None,0.0,NG,CLIP PITCH NG,7,00024533,"[1, 1, 1, 1, 0, 1, 1, 1, 1]"
1867713,82832W080PKENGEN,"[172, 1]","[147, 1]",08:00:11,20260417,0.0,None,"[27.3, 37.1, 38.4, 52.3, 61.4, 78.0, 98.0, 97.8, 86.8, 84.7, 13.8]",None,0.0,OK,None,,Null,"[1, 1, 1, 1, 1, 1, 1, 1, 1, 1, 1]"
1867712,8462284S00,"[581, 4]","[229, 1]",08:00:01,20260417,0.0,10823,"[12.1, 127.8, 127.6, 127.9, 128.9, 128.4, 127.1, 12.5, 792.3]",None,0.0,OK,None,7,00024533,"[1, 1, 1, 1, 1, 1, 1, 1, 1]"
1867711,8462284S00,"[580, 4]","[228, 1]",07:59:51,20260417,0.0,10823,"[12.1, 127.6, 128.2, 127.9, 128.4, 128.4, 127.6, 12.2, 792.5]",None,0.0,OK,None,7,00024533,"[1, 1, 1, 1, 1, 1, 1, 1, 1]"
1867710,82832W080PKENGEN,"[171, 1]","[146, 1]",07:59:49,20260417,0.0,None,"[27.6, 36.9, 38.5, 52.6, 61.7, 78.0, 98.1, 98.1, 86.9, 84.7, 13.6]",None,0.0,OK,None,,Null,"[1, 1, 1, 1, 1, 1, 1, 1, 1, 1, 1]"
1867709,8462284S00,"[579, 4]","[227, 1]",07:59:42,20260417,0.0,10823,"[11.9, 127.8, 127.9, 127.9, 128.4, 128.4, 127.1, 12.1, 791.5]",None,0.0,OK,None,7,00024533,"[1, 1, 1, 1, 1, 1, 1, 1, 1]"
1867708,8462284S00,"[578, 4]","[226, 1]",07:59:32,20260417,0.0,10823,"[12.8, 127.3, 128.1, 127.9, 128.6, 128.6, 127.6, 13.1, 793.9]",None,0.0,OK,None,7,00024533,"[1, 1, 1, 1, 1, 1, 1, 1, 1]"
1867707,82832W080PKENGEN,"[170, 1]","[145, 1]",07:59:28,20260417,0.0,None,"[27.8, 36.8, 38.7, 52.1, 61.5, 78.3, 97.8, 97.6, 87.1, 84.9, 13.9]",None,0.0,OK,None,,Null,"[1, 1, 1, 1, 1, 1, 1, 1, 1, 1, 1]"
1867706,8462284S00,"[577, 4]","[225, 1]",07:59:21,20260417,0.0,10823,"[12.1, 127.4, 128.2, 128.2, 128.6, 128.4, 127.6, 12.6, 793.2]",None,0.0,OK,None,7,00024533,"[1, 1, 1, 1, 1, 1, 1, 1, 1]"
1867705,8462284S00,"[576, 4]","[224, 1]",07:59:10,20260417,0.0,10823,"[12.5, 127.0, 128.8, 127.6, 128.3, 128.1, 127.4, 12.3, 792.0]",None,0.0,OK,None,7,00024533,"[1, 1, 1, 1, 1, 1, 1, 1, 1]"
1867704,82832W080PKENGEN,"[169, 1]","[144, 1]",07:59:03,20260417,0.0,None,"[27.3, 37.4, 38.5, 52.4, 61.5, 78.1, 98.0, 98.0, 86.8, 84.9, 13.8]",None,0.0,OK,None,,Null,"[1, 1, 1, 1, 1, 1, 1, 1, 1, 1, 1]"
1867703,8462284S00,"[575, 4]","[223, 1]",07:59:00,20260417,0.0,10823,"[12.4, 127.0, 127.8, 127.6, 128.1, 127.8, 126.6, 12.1, 789.2]",None,0.0,OK,None,7,00024533,"[1, 1, 1, 1, 1, 1, 1, 1, 1]"
1867702,8462284S00,"[574, 4]","[222, 1]",07:58:47,20260417,0.0,10823,"[12.7, 127.1, 127.8, 127.9, 128.6, 128.1, 127.0, 12.4, 791.6]",None,0.0,OK,None,7,00024533,"[1, 1, 1, 1, 1, 1, 1, 1, 1]"
1867701,8462284S00,"[573, 4]","[221, 1]",07:58:37,20260417,0.0,10823,"[11.8, 127.9, 127.9, 128.1, 128.1, 128.1, 127.1, 12.2, 791.2]",None,0.0,OK,None,7,00024533,"[1, 1, 1, 1, 1, 1, 1, 1, 1]"
1867700,82832W080PKENGEN,"[168, 1]","[143, 1]",07:58:33,20260417,0.0,None,"[27.5, 36.9, 38.7, 52.3, 61.7, 78.3, 98.1, 98.3, 86.8, 84.9, 13.4]",None,0.0,OK,None,,Null,"[1, 1, 1, 1, 1, 1, 1, 1, 1, 1, 1]"
1867699,8462284S00,"[572, 4]","[220, 1]",07:58:01,20260417,0.0,10823,"[12.0, 127.8, 127.9, 128.6, 128.4, 127.9, 127.4, 12.0, 792.0]",None,0.0,OK,None,7,00024533,"[1, 1, 1, 1, 1, 1, 1, 1, 1]"
1867698,82832W080PKENGEN,"[167, 1]","[142, 1]",07:57:59,20260417,0.0,None,"[27.6, 36.9, 38.5, 52.3, 61.5, 78.1, 97.6, 97.8, 86.9, 84.9, 13.6]",None,0.0,OK,None,,Null,"[1, 1, 1, 1, 1, 1, 1, 1, 1, 1, 1]"
1867697,8462284S00,"[571, 4]","[219, 1]",07:57:51,20260417,0.0,10823,"[12.4, 127.1, 127.9, 127.9, 128.2, 128.2, 127.1, 12.4, 791.4]",None,0.0,OK,None,7,00024533,"[1, 1, 1, 1, 1, 1, 1, 1, 1]"
1867696,8462284S00,"[570, 4]","[218, 1]",07:57:41,20260417,0.0,10823,"[12.2, 127.6, 127.8, 127.9, 128.1, 128.1, 127.1, 13.1, 791.9]",None,0.0,OK,None,7,00024533,"[1, 1, 1, 1, 1, 1, 1, 1, 1]"
1867695,82832W080PKENGEN,"[166, 1]","[141, 1]",07:57:38,20260417,0.0,None,"[27.6, 37.1, 38.4, 52.4, 61.2, 78.0, 98.0, 98.1, 86.8, 85.2, 13.6]",None,0.0,OK,None,,Null,"[1, 1, 1, 1, 1, 1, 1, 1, 1, 1, 1]"
1867694,8462284S00,"[569, 4]","[217, 1]",07:57:17,20260417,0.0,10823,"[12.4, 127.3, 127.9, 128.4, 128.6, 128.4, 126.8, 12.5, 792.2]",None,0.0,OK,None,7,00024533,"[1, 1, 1, 1, 1, 1, 1, 1, 1]"
1867693,8462284S00,"[568, 4]","[216, 1]",07:57:07,20260417,0.0,10823,"[11.9, 127.3, 127.9, 128.6, 128.4, 128.4, 127.3, 12.7, 792.5]",None,0.0,OK,None,7,00024533,"[1, 1, 1, 1, 1, 1, 1, 1, 1]"
1867692,8462284S00,"[567, 4]","[215, 1]",07:56:59,20260417,0.0,10823,"[12.0, 127.6, 127.9, 128.1, 128.6, 128.7, 127.3, 12.2, 792.4]",None,0.0,OK,None,7,00024533,"[1, 1, 1, 1, 1, 1, 1, 1, 1]"
1867691,8462284S00,"[566, 4]","[214, 1]",07:56:51,20260417,0.0,10823,"[11.9, 127.8, 127.6, 127.6, 128.9, 127.9, 127.1, 12.6, 791.3]",None,0.0,OK,None,7,00024533,"[1, 1, 1, 1, 1, 1, 1, 1, 1]"
1867690,82832W080PKENGEN,"[165, 1]","[140, 1]",07:56:49,20260417,0.0,None,"[27.5, 36.9, 38.5, 52.1, 61.7, 77.5, 98.1, 98.0, 87.1, 84.7, 13.4]",None,0.0,OK,None,,Null,"[1, 1, 1, 1, 1, 1, 1, 1, 1, 1, 1]"
1867689,8462284S00,"[565, 4]","[213, 1]",07:56:37,20260417,0.0,10823,"[12.3, 127.4, 127.8, 128.2, 128.4, 128.7, 127.3, 12.7, 792.8]",None,0.0,OK,None,7,00024533,"[1, 1, 1, 1, 1, 1, 1, 1, 1]"
1867688,82832W080PKENGEN,"[164, 1]","[139, 1]",07:56:27,20260417,0.0,None,"[27.2, 37.1, 38.7, 52.1, 61.2, 78.0, 97.8, 98.0, 87.3, 85.0, 13.5]",None,0.0,OK,None,,Null,"[1, 1, 1, 1, 1, 1, 1, 1, 1, 1, 1]"
1867687,8462284S00,"[564, 4]","[212, 1]",07:56:27,20260417,0.0,10823,"[12.2, 127.6, 128.1, 128.3, 128.2, 128.6, 127.1, 12.5, 792.6]",None,0.0,OK,None,7,00024533,"[1, 1, 1, 1, 1, 1, 1, 1, 1]"
1867686,8462284S00,"[563, 4]","[211, 1]",07:56:15,20260417,0.0,10823,"[12.0, 127.6, 128.1, 128.2, 128.2, 128.7, 127.1, 12.7, 792.7]",None,0.0,OK,None,7,00024533,"[1, 1, 1, 1, 1, 1, 1, 1, 1]"
1867685,82832W080PKENGEN,"[163, 1]","[138, 1]",07:56:03,20260417,0.0,None,"[27.5, 37.2, 38.2, 52.1, 61.5, 78.1, 98.0, 97.8, 87.1, 84.9, 13.6]",None,0.0,OK,None,,Null,"[1, 1, 1, 1, 1, 1, 1, 1, 1, 1, 1]"
1867684,8462284S00,"[562, 4]","[210, 1]",07:55:47,20260417,0.0,10823,"[12.5, 127.6, 128.1, 127.6, 128.9, 128.2, 127.4, 12.9, 793.3]",None,0.0,OK,None,7,00024533,"[1, 1, 1, 1, 1, 1, 1, 1, 1]"
1867683,82832W080PKENGEN,"[162, 1]","[137, 1]",07:55:41,20260417,0.0,None,"[27.3, 37.1, 38.7, 52.6, 61.5, 78.3, 98.0, 98.1, 87.1, 85.0, 13.6]",None,0.0,OK,None,,Null,"[1, 1, 1, 1, 1, 1, 1, 1, 1, 1, 1]"
1867682,8462284S00,"[561, 4]","[209, 1]",07:55:35,20260417,0.0,10823,"[12.2, 127.6, 128.1, 128.6, 128.2, 128.7, 127.3, 12.2, 792.8]",None,0.0,OK,None,7,00024533,"[1, 1, 1, 1, 1, 1, 1, 1, 1]"
1867681,8462284S00,"[560, 4]","[208, 1]",07:55:25,20260417,0.0,10823,"[12.7, 127.3, 127.9, 128.7, 128.4, 128.7, 127.3, 12.5, 793.6]",None,0.0,OK,None,7,00024533,"[1, 1, 1, 1, 1, 1, 1, 1, 1]"
1867680,82832W080PKENGEN,"[161, 1]","[136, 1]",07:55:23,20260417,0.0,None,"[27.8, 37.2, 38.8, 52.1, 61.5, 77.7, 98.0, 98.0, 86.8, 84.9, 13.8]",None,0.0,OK,None,,Null,"[1, 1, 1, 1, 1, 1, 1, 1, 1, 1, 1]"
1867679,8462284S00,"[559, 4]","[207, 1]",07:55:15,20260417,0.0,10823,"[12.4, 127.6, 127.9, 128.2, 128.4, 128.6, 127.3, 12.6, 793.1]",None,0.0,OK,None,7,00024533,"[1, 1, 1, 1, 1, 1, 1, 1, 1]"
1867678,8462284S00,"[558, 4]","[206, 1]",07:55:06,20260417,0.0,10823,"[11.9, 128.1, 127.8, 128.4, 128.1, 128.4, 127.3, 12.3, 792.2]",None,0.0,OK,None,7,00024533,"[1, 1, 1, 1, 1, 1, 1, 1, 1]"
1867677,82832W080PKENGEN,"[160, 1]","[135, 1]",07:55:05,20260417,0.0,None,"[27.6, 37.1, 38.8, 52.3, 61.7, 77.8, 97.8, 97.8, 86.9, 84.9, 13.8]",None,0.0,OK,None,,Null,"[1, 1, 1, 1, 1, 1, 1, 1, 1, 1, 1]"
1867676,8462284S00,"[557, 4]","[205, 1]",07:54:59,20260417,0.0,10823,"[12.6, 127.4, 127.8, 128.7, 128.2, 128.2, 127.3, 12.3, 792.6]",None,0.0,OK,None,7,00024533,"[1, 1, 1, 1, 1, 1, 1, 1, 1]"
1867675,8462284S00,"[556, 4]","[204, 1]",07:54:50,20260417,0.0,10823,"[12.0, 127.6, 127.9, 128.1, 128.2, 128.4, 127.3, 12.4, 791.9]",None,0.0,OK,None,7,00024533,"[1, 1, 1, 1, 1, 1, 1, 1, 1]"
1867674,82832W080PKENGEN,"[159, 1]","[134, 1]",07:54:45,20260417,0.0,None,"[27.5, 37.1, 38.5, 51.9, 61.8, 78.1, 97.8, 97.8, 86.6, 85.2, 13.8]",None,0.0,OK,None,,Null,"[1, 1, 1, 1, 1, 1, 1, 1, 1, 1, 1]"
1867673,8462284S00,"[555, 4]","[203, 1]",07:54:41,20260417,0.0,10823,"[12.4, 128.1, 128.0, 128.4, 128.6, 128.4, 127.1, 12.7, 793.6]",None,0.0,OK,None,7,00024533,"[1, 1, 1, 1, 1, 1, 1, 1, 1]"
1867672,8462284S00,"[554, 4]","[202, 1]",07:54:31,20260417,0.0,10823,"[12.5, 127.4, 128.4, 128.9, 128.2, 128.2, 127.8, 12.4, 793.9]",None,0.0,OK,None,7,00024533,"[1, 1, 1, 1, 1, 1, 1, 1, 1]"
1867671,82832W080PKENGEN,"[158, 1]","[133, 1]",07:54:25,20260417,0.0,None,"[27.5, 36.9, 38.5, 52.1, 61.5, 77.8, 98.0, 98.1, 87.1, 85.0, 13.8]",None,0.0,OK,None,,Null,"[1, 1, 1, 1, 1, 1, 1, 1, 1, 1, 1]"
1867670,8462284S00,"[553, 4]","[201, 1]",07:54:19,20260417,0.0,10823,"[12.5, 127.8, 127.6, 128.4, 128.1, 128.4, 127.6, 12.4, 792.7]",None,0.0,OK,None,7,00024533,"[1, 1, 1, 1, 1, 1, 1, 1, 1]"
1867669,82832W080PKENGEN,"[157, 1]","[132, 1]",07:54:02,20260417,0.0,None,"[27.3, 37.1, 38.7, 52.1, 61.7, 78.0, 98.0, 97.6, 87.3, 84.7, 13.8]",None,0.0,OK,None,,Null,"[1, 1, 1, 1, 1, 1, 1, 1, 1, 1, 1]"
1867668,8462284S00,"[552, 4]","[200, 1]",07:53:42,20260417,0.0,10823,"[11.8, 127.4, 127.8, 128.6, 128.4, 128.2, 127.3, 13.2, 792.6]",None,0.0,OK,None,7,00024533,"[1, 1, 1, 1, 1, 1, 1, 1, 1]"
1867667,82832W080PKENGEN,"[156, 1]","[131, 1]",07:53:39,20260417,0.0,None,"[27.6, 36.8, 38.2, 52.1, 61.5, 78.1, 97.5, 97.6, 86.6, 84.7, 13.8]",None,0.0,OK,None,,Null,"[1, 1, 1, 1, 1, 1, 1, 1, 1, 1, 1]"
1867666,8462284S00,"[551, 4]","[199, 1]",07:53:34,20260417,0.0,10823,"[12.6, 127.3, 127.9, 128.6, 128.1, 128.4, 127.3, 12.1, 792.2]",None,0.0,OK,None,7,00024533,"[1, 1, 1, 1, 1, 1, 1, 1, 1]"
1867665,8462284S00,"[550, 4]","[198, 1]",07:53:25,20260417,0.0,10823,"[12.5, 127.6, 127.9, 128.1, 128.4, 128.7, 127.8, 12.5, 793.5]",None,0.0,OK,None,7,00024533,"[1, 1, 1, 1, 1, 1, 1, 1, 1]"
1867664,8462284S00,"[549, 4]","[197, 1]",07:53:14,20260417,0.0,10823,"[12.4, 128.1, 127.6, 127.9, 128.2, 128.4, 127.9, 12.2, 792.7]",None,0.0,OK,None,7,00024533,"[1, 1, 1, 1, 1, 1, 1, 1, 1]"
1867663,8462284S00,"[548, 4]","[196, 1]",07:53:05,20260417,0.0,10823,"[12.2, 127.9, 127.9, 128.1, 128.1, 128.6, 127.9, 12.7, 793.3]",None,0.0,OK,None,7,00024533,"[1, 1, 1, 1, 1, 1, 1, 1, 1]"
1867662,82832W080PKENGEN,"[155, 1]","[130, 1]",07:52:58,20260417,0.0,None,"[27.3, 36.8, 38.4, 52.4, 61.4, 77.8, 97.5, 97.8, 86.8, 84.9, 13.8]",None,0.0,OK,None,,Null,"[1, 1, 1, 1, 1, 1, 1, 1, 1, 1, 1]"
1867661,8462284S00,"[547, 4]","[195, 1]",07:52:53,20260417,0.0,10823,"[12.3, 127.4, 127.8, 128.2, 128.4, 128.6, 127.4, 12.3, 792.5]",None,0.0,OK,None,7,00024533,"[1, 1, 1, 1, 1, 1, 1, 1, 1]"
1867660,8462284S00,"[546, 4]","[194, 1]",07:52:43,20260417,0.0,10823,"[12.6, 127.1, 128.2, 128.4, 128.2, 128.7, 127.3, 12.4, 793.0]",None,0.0,OK,None,7,00024533,"[1, 1, 1, 1, 1, 1, 1, 1, 1]"
1867659,8462284S00,"[545, 4]","[193, 1]",07:52:34,20260417,0.0,10823,"[12.3, 127.3, 127.9, 127.6, 128.4, 128.4, 127.0, 12.3, 791.1]",None,0.0,OK,None,7,00024533,"[1, 1, 1, 1, 1, 1, 1, 1, 1]"
1867658,82832W080PKENGEN,"[154, 1]","[129, 1]",07:52:31,20260417,0.0,None,"[27.6, 36.9, 38.4, 52.4, 61.2, 78.3, 97.8, 98.1, 87.1, 84.7, 13.8]",None,0.0,OK,None,,Null,"[1, 1, 1, 1, 1, 1, 1, 1, 1, 1, 1]"
1867657,8462284S00,"[544, 4]","[192, 1]",07:52:23,20260417,0.0,10823,"[12.3, 127.3, 127.9, 128.2, 128.1, 128.1, 127.6, 12.4, 791.9]",None,0.0,OK,None,7,00024533,"[1, 1, 1, 1, 1, 1, 1, 1, 1]"
1867656,8462284S00,"[543, 4]","[191, 1]",07:52:13,20260417,0.0,10823,"[12.5, 127.3, 127.8, 128.4, 128.2, 128.4, 127.1, 12.5, 792.1]",None,0.0,OK,None,7,00024533,"[1, 1, 1, 1, 1, 1, 1, 1, 1]"
1867655,82832W080PKENGEN,"[153, 1]","[128, 1]",07:51:53,20260417,0.0,None,"[27.6, 37.2, 38.2, 52.1, 61.4, 78.1, 98.0, 98.1, 86.8, 84.7, 13.8]",None,0.0,OK,None,,Null,"[1, 1, 1, 1, 1, 1, 1, 1, 1, 1, 1]"
1867654,8462284S00,"[542, 4]","[190, 1]",07:51:40,20260417,0.0,10823,"[12.3, 127.6, 127.9, 128.4, 128.7, 128.6, 127.4, 12.6, 793.5]",None,0.0,OK,None,7,00024533,"[1, 1, 1, 1, 1, 1, 1, 1, 1]"
1867653,82832W080PKENGEN,"[152, 1]","[127, 1]",07:51:33,20260417,0.0,None,"[27.6, 36.8, 38.4, 52.1, 61.8, 78.0, 97.8, 98.0, 86.9, 85.0, 13.8]",None,0.0,OK,None,,Null,"[1, 1, 1, 1, 1, 1, 1, 1, 1, 1, 1]"
1867652,8462284S00,"[541, 4]","[189, 1]",07:51:30,20260417,0.0,10823,"[12.9, 127.0, 127.9, 127.9, 128.6, 128.4, 128.2, 12.9, 793.7]",None,0.0,OK,None,7,00024533,"[1, 1, 1, 1, 1, 1, 1, 1, 1]"
1867651,8462284S00,"[540, 4]","[188, 1]",07:51:19,20260417,0.0,10823,"[13.2, 127.5, 128.1, 128.1, 128.4, 128.9, 127.1, 12.5, 793.7]",None,0.0,OK,None,7,00024533,"[1, 1, 1, 1, 1, 1, 1, 1, 1]"
1867650,8462284S00,"[539, 4]","[187, 1]",07:51:04,20260417,0.0,10823,"[12.3, 127.3, 127.8, 127.1, 129.2, 128.4, 127.1, 12.7, 791.8]",None,0.0,OK,None,7,00024533,"[1, 1, 1, 1, 1, 1, 1, 1, 1]"
1867649,8462284S00,"[538, 4]","[186, 1]",07:50:55,20260417,0.0,10823,"[12.4, 127.6, 128.2, 128.0, 128.9, 128.4, 127.3, 12.3, 793.0]",None,0.0,OK,None,7,00024533,"[1, 1, 1, 1, 1, 1, 1, 1, 1]"
1867648,82832W080PKENGEN,"[151, 1]","[126, 1]",07:50:50,20260417,0.0,None,"[27.6, 36.8, 38.5, 51.9, 61.5, 78.3, 97.6, 98.0, 86.8, 84.7, 13.8]",None,0.0,OK,None,,Null,"[1, 1, 1, 1, 1, 1, 1, 1, 1, 1, 1]"
1867647,8462284S00,"[537, 4]","[185, 1]",07:50:46,20260417,0.0,10823,"[12.2, 127.8, 128.1, 127.8, 128.7, 128.2, 127.4, 12.8, 793.0]",None,0.0,OK,None,7,00024533,"[1, 1, 1, 1, 1, 1, 1, 1, 1]"
1867646,8462284S00,"[536, 4]","[184, 1]",07:50:36,20260417,0.0,10823,"[11.6, 127.6, 127.4, 127.8, 128.6, 128.2, 127.3, 12.5, 790.9]",None,0.0,OK,None,7,00024533,"[1, 1, 1, 1, 1, 1, 1, 1, 1]"
1867645,82832W080PKENGEN,"[150, 1]","[125, 1]",07:50:18,20260417,0.0,None,"[27.6, 36.9, 38.4, 52.1, 61.2, 78.0, 97.6, 98.0, 86.6, 84.4, 13.8]",None,0.0,OK,None,,Null,"[1, 1, 1, 1, 1, 1, 1, 1, 1, 1, 1]"
1867644,8462284S00,"[535, 4]","[183, 1]",07:50:09,20260417,0.0,10823,"[12.5, 127.4, 128.4, 128.2, 128.4, 128.2, 128.0, 12.1, 793.3]",None,0.0,OK,None,7,00024533,"[1, 1, 1, 1, 1, 1, 1, 1, 1]"
1867643,8462284S00,"[534, 4]","[182, 1]",07:49:59,20260417,0.0,10823,"[12.3, 127.3, 127.6, 128.2, 128.2, 128.4, 127.1, 12.5, 791.6]",None,0.0,OK,None,7,00024533,"[1, 1, 1, 1, 1, 1, 1, 1, 1]"
1867642,8462284S00,"[533, 4]","[181, 1]",07:49:48,20260417,0.0,10823,"[12.4, 127.6, 127.9, 128.4, 128.2, 128.1, 127.1, 12.7, 792.5]",None,0.0,OK,None,7,00024533,"[1, 1, 1, 1, 1, 1, 1, 1, 1]"
1867641,82832W080PKENGEN,"[149, 1]","[124, 1]",07:49:46,20260417,0.0,None,"[27.5, 37.2, 38.5, 52.4, 61.5, 78.0, 97.8, 98.1, 86.5, 85.0, 13.9]",None,0.0,OK,None,,Null,"[1, 1, 1, 1, 1, 1, 1, 1, 1, 1, 1]"
1867640,82832W080PKENGEN,"[148, 1]","[123, 1]",07:49:15,20260417,0.0,None,"[27.3, 37.1, 38.2, 52.3, 61.7, 78.0, 97.8, 97.8, 86.9, 85.0, 13.6]",None,0.0,OK,None,,Null,"[1, 1, 1, 1, 1, 1, 1, 1, 1, 1, 1]"
1867639,8462284S00,"[532, 4]","[180, 1]",07:49:14,20260417,0.0,10823,"[12.4, 127.6, 127.8, 128.2, 128.7, 128.1, 127.4, 12.8, 793.0]",None,0.0,OK,None,7,00024533,"[1, 1, 1, 1, 1, 1, 1, 1, 1]"
1867638,8462284S00,"[531, 4]","[179, 1]",07:49:07,20260417,0.0,10823,"[12.7, 127.6, 127.9, 128.4, 128.2, 128.4, 127.1, 11.7, 792.1]",None,0.0,OK,None,7,00024533,"[1, 1, 1, 1, 1, 1, 1, 1, 1]"
1867637,8462284S00,"[530, 4]","[178, 1]",07:48:59,20260417,0.0,10823,"[12.3, 127.8, 127.8, 128.4, 128.6, 128.6, 127.5, 12.4, 793.3]",None,0.0,OK,None,7,00024533,"[1, 1, 1, 1, 1, 1, 1, 1, 1]"
1867636,82832W080PKENGEN,"[147, 1]","[122, 1]",07:48:53,20260417,0.0,None,"[27.5, 36.8, 38.5, 52.1, 61.4, 78.0, 97.5, 98.0, 86.6, 84.9, 13.6]",None,0.0,OK,None,,Null,"[1, 1, 1, 1, 1, 1, 1, 1, 1, 1, 1]"
1867635,8462284S00,"[529, 4]","[177, 1]",07:48:50,20260417,0.0,10823,"[12.5, 127.6, 127.8, 128.6, 128.1, 128.2, 127.4, 12.5, 792.6]",None,0.0,OK,None,7,00024533,"[1, 1, 1, 1, 1, 1, 1, 1, 1]"
1867634,8462284S00,"[528, 4]","[176, 1]",07:48:40,20260417,0.0,10823,"[12.1, 127.6, 127.9, 128.1, 128.6, 128.7, 127.1, 12.6, 792.7]",None,0.0,OK,None,7,00024533,"[1, 1, 1, 1, 1, 1, 1, 1, 1]"
1867633,82832W080PKENGEN,"[146, 1]","[121, 1]",07:48:32,20260417,0.0,None,"[27.5, 36.9, 38.4, 52.3, 61.5, 78.0, 97.8, 98.0, 86.8, 85.0, 13.8]",None,0.0,OK,None,,Null,"[1, 1, 1, 1, 1, 1, 1, 1, 1, 1, 1]"
1867632,8462284S00,"[527, 4]","[175, 1]",07:48:20,20260417,0.0,10823,"[12.2, 127.6, 128.2, 128.4, 128.4, 128.2, 127.3, 12.4, 792.8]",None,0.0,OK,None,7,00024533,"[1, 1, 1, 1, 1, 1, 1, 1, 1]"
1867631,8462284S00,"[526, 4]","[174, 1]",07:48:11,20260417,0.0,10823,"[12.2, 127.4, 128.2, 128.4, 128.4, 128.2, 127.3, 12.4, 792.6]",None,0.0,OK,None,7,00024533,"[1, 1, 1, 1, 1, 1, 1, 1, 1]"
1867630,8462284S00,"[525, 4]","[173, 1]",07:48:03,20260417,0.0,10823,"[12.3, 127.4, 128.1, 128.4, 128.6, 128.6, 127.3, 12.2, 792.8]",None,0.0,OK,None,7,00024533,"[1, 1, 1, 1, 1, 1, 1, 1, 1]"
1867629,8462284S00,"[524, 4]","[172, 1]",07:47:55,20260417,0.0,10823,"[12.4, 127.8, 127.9, 128.2, 128.6, 128.2, 127.8, 12.8, 793.6]",None,0.0,OK,None,7,00024533,"[1, 1, 1, 1, 1, 1, 1, 1, 1]"
1867628,8462284S00,"[523, 4]","[171, 1]",07:47:46,20260417,0.0,10823,"[12.1, 127.4, 127.6, 128.9, 128.2, 128.4, 127.8, 12.5, 793.0]",None,0.0,OK,None,7,00024533,"[1, 1, 1, 1, 1, 1, 1, 1, 1]"
1867627,8462284S00,"[522, 4]","[170, 1]",07:46:43,20260417,0.0,10823,"[12.6, 127.3, 127.4, 128.7, 128.2, 128.6, 127.3, 12.4, 792.5]",None,0.0,OK,None,7,00024533,"[1, 1, 1, 1, 1, 1, 1, 1, 1]"
1867626,8462284S00,"[521, 4]","[169, 1]",07:46:32,20260417,0.0,10823,"[12.4, 127.6, 127.9, 128.2, 128.2, 128.4, 127.8, 13.0, 793.5]",None,0.0,OK,None,7,00024533,"[1, 1, 1, 1, 1, 1, 1, 1, 1]"
1867625,82832W080PKENGEN,"[145, 1]","[120, 1]",07:46:25,20260417,0.0,None,"[27.5, 37.2, 38.2, 51.9, 61.5, 78.0, 98.3, 97.8, 87.1, 84.1, 13.6]",None,0.0,OK,None,,Null,"[1, 1, 1, 1, 1, 1, 1, 1, 1, 1, 1]"
1867624,8462284S00,"[520, 4]","[168, 1]",07:46:23,20260417,0.0,10823,"[12.1, 128.0, 128.4, 128.2, 128.2, 128.4, 127.4, 12.6, 793.4]",None,0.0,OK,None,7,00024533,"[1, 1, 1, 1, 1, 1, 1, 1, 1]"
1867623,8462284S00,"[519, 4]","[167, 1]",07:46:11,20260417,0.0,10823,"[12.1, 127.4, 127.6, 128.7, 128.4, 128.4, 127.8, 12.2, 792.6]",None,0.0,OK,None,7,00024533,"[1, 1, 1, 1, 1, 1, 1, 1, 1]"
1867622,82832W080PKENGEN,"[144, 1]","[119, 1]",07:46:03,20260417,0.0,None,"[27.6, 37.1, 38.7, 52.3, 61.7, 78.3, 98.0, 97.6, 87.6, 84.5, 13.8]",None,0.0,OK,None,,Null,"[1, 1, 1, 1, 1, 1, 1, 1, 1, 1, 1]"
1867621,8462284S00,"[518, 4]","[166, 1]",07:46:01,20260417,0.0,10823,"[12.2, 128.1, 127.9, 127.9, 128.4, 128.6, 127.8, 13.0, 793.9]",None,0.0,OK,None,7,00024533,"[1, 1, 1, 1, 1, 1, 1, 1, 1]"
1867620,8462284S00,"[517, 4]","[165, 1]",07:45:49,20260417,0.0,10823,"[12.6, 127.4, 127.9, 128.4, 128.1, 128.1, 127.4, 12.8, 792.8]",None,0.0,OK,None,7,00024533,"[1, 1, 1, 1, 1, 1, 1, 1, 1]"
1867619,82832W080PKENGEN,"[143, 1]","[118, 1]",07:45:40,20260417,0.0,None,"[27.8, 37.1, 38.5, 51.9, 61.7, 78.0, 97.8, 98.3, 86.8, 84.7, 13.6]",None,0.0,OK,None,,Null,"[1, 1, 1, 1, 1, 1, 1, 1, 1, 1, 1]"
1867618,8462284S00,"[516, 4]","[164, 1]",07:45:40,20260417,0.0,10823,"[12.4, 127.4, 127.9, 128.4, 128.1, 128.6, 127.3, 12.5, 792.6]",None,0.0,OK,None,7,00024533,"[1, 1, 1, 1, 1, 1, 1, 1, 1]"
1867617,8462284S00,"[515, 4]","[163, 1]",07:45:31,20260417,0.0,10823,"[12.4, 127.8, 127.8, 128.4, 128.6, 128.6, 127.1, 12.3, 792.9]",None,0.0,OK,None,7,00024533,"[1, 1, 1, 1, 1, 1, 1, 1, 1]"
1867616,8462284S00,"[514, 4]","[162, 1]",07:45:21,20260417,0.0,10823,"[12.6, 127.6, 127.9, 128.4, 128.1, 128.4, 127.4, 12.6, 793.1]",None,0.0,OK,None,7,00024533,"[1, 1, 1, 1, 1, 1, 1, 1, 1]"
1867615,82832W080PKENGEN,"[142, 1]","[117, 1]",07:45:20,20260417,0.0,None,"[27.3, 36.8, 38.8, 52.1, 61.5, 77.5, 97.6, 97.8, 86.8, 84.9, 13.6]",None,0.0,OK,None,,Null,"[1, 1, 1, 1, 1, 1, 1, 1, 1, 1, 1]"
1867614,8462284S00,"[513, 4]","[161, 1]",07:45:12,20260417,0.0,10823,"[12.2, 127.6, 127.8, 128.4, 128.1, 128.2, 127.3, 12.5, 792.1]",None,0.0,OK,None,7,00024533,"[1, 1, 1, 1, 1, 1, 1, 1, 1]"
1867613,8462284S00,"[512, 4]","[160, 1]",07:45:04,20260417,0.0,10823,"[13.0, 127.1, 127.6, 128.4, 128.6, 128.6, 127.1, 12.4, 792.8]",None,0.0,OK,None,7,00024533,"[1, 1, 1, 1, 1, 1, 1, 1, 1]"
1867612,82832W080PKENGEN,"[141, 1]","[116, 1]",07:44:56,20260417,0.0,None,"[27.5, 37.2, 38.5, 52.1, 61.7, 78.0, 98.3, 97.6, 87.3, 84.5, 13.6]",None,0.0,OK,None,,Null,"[1, 1, 1, 1, 1, 1, 1, 1, 1, 1, 1]"
1867611,8462284S00,"[511, 4]","[159, 1]",07:44:54,20260417,0.0,10823,"[12.2, 128.2, 127.6, 127.9, 128.1, 128.3, 127.6, 12.2, 792.1]",None,0.0,OK,None,7,00024533,"[1, 1, 1, 1, 1, 1, 1, 1, 1]"
1867610,8462284S00,"[510, 4]","[158, 1]",07:44:45,20260417,0.0,10823,"[12.5, 127.4, 127.9, 127.6, 128.1, 128.2, 127.3, 12.2, 791.2]",None,0.0,OK,None,7,00024533,"[1, 1, 1, 1, 1, 1, 1, 1, 1]"
1867609,8462284S00,"[509, 4]","[157, 1]",07:44:36,20260417,0.0,10823,"[12.6, 127.6, 127.8, 128.1, 128.1, 129.0, 127.5, 12.5, 793.1]",None,0.0,OK,None,7,00024533,"[1, 1, 1, 1, 1, 1, 1, 1, 1]"
1867608,82832W080PKENGEN,"[140, 1]","[115, 1]",07:44:32,20260417,0.0,None,"[27.5, 37.1, 38.5, 52.3, 61.5, 78.1, 98.3, 97.6, 86.9, 84.5, 13.8]",None,0.0,OK,None,,Null,"[1, 1, 1, 1, 1, 1, 1, 1, 1, 1, 1]"
1867607,8462284S00,"[508, 4]","[156, 1]",07:44:26,20260417,0.0,10823,"[12.4, 127.8, 127.4, 128.1, 128.6, 128.2, 127.6, 12.8, 792.8]",None,0.0,OK,None,7,00024533,"[1, 1, 1, 1, 1, 1, 1, 1, 1]"
1867606,8462284S00,"[507, 4]","[155, 1]",07:44:16,20260417,0.0,10823,"[12.2, 127.3, 127.8, 128.1, 128.4, 128.2, 127.3, 12.5, 791.7]",None,0.0,OK,None,7,00024533,"[1, 1, 1, 1, 1, 1, 1, 1, 1]"
1867604,82832W080PKENGEN,"[139, 1]","[114, 1]",07:44:08,20260417,0.0,None,"[27.6, 36.9, 38.5, 52.1, 61.8, 78.1, 97.8, 98.0, 87.1, 85.2, 13.8]",None,0.0,OK,None,,Null,"[1, 1, 1, 1, 1, 1, 1, 1, 1, 1, 1]"
1867605,8462284S00,"[506, 4]","[154, 1]",07:44:07,20260417,0.0,10823,"[12.0, 127.8, 128.1, 128.2, 127.9, 128.4, 127.3, 12.6, 792.3]",None,0.0,OK,None,7,00024533,"[1, 1, 1, 1, 1, 1, 1, 1, 1]"
1867603,8462284S00,"[505, 4]","[153, 1]",07:43:58,20260417,0.0,10823,"[12.5, 127.4, 127.6, 127.9, 128.6, 128.1, 127.0, 13.0, 792.1]",None,0.0,OK,None,7,00024533,"[1, 1, 1, 1, 1, 1, 1, 1, 1]"
1867602,8462284S00,"[504, 4]","[152, 1]",07:43:48,20260417,0.0,10823,"[12.1, 127.4, 127.8, 128.1, 128.4, 128.4, 127.3, 12.8, 792.3]",None,0.0,OK,None,7,00024533,"[1, 1, 1, 1, 1, 1, 1, 1, 1]"
1867601,82832W080PKENGEN,"[138, 1]","[113, 1]",07:43:48,20260417,0.0,None,"[27.6, 37.1, 38.5, 51.9, 61.5, 78.0, 98.0, 98.0, 86.9, 85.2, 13.3]",None,0.0,OK,None,,Null,"[1, 1, 1, 1, 1, 1, 1, 1, 1, 1, 1]"
1867600,8462284S00,"[503, 4]","[151, 1]",07:43:39,20260417,0.0,10823,"[12.8, 127.4, 127.8, 128.4, 128.7, 128.6, 127.4, 12.6, 793.6]",None,0.0,OK,None,7,00024533,"[1, 1, 1, 1, 1, 1, 1, 1, 1]"
1867599,82832W080PKENGEN,"[137, 1]","[112, 1]",07:43:22,20260417,0.0,None,"[27.6, 37.1, 38.4, 52.1, 62.0, 78.3, 98.1, 98.3, 87.3, 84.7, 14.1]",None,0.0,OK,None,,Null,"[1, 1, 1, 1, 1, 1, 1, 1, 1, 1, 1]"
1867598,82832W080PKENGEN,"[136, 1]","[111, 1]",07:43:00,20260417,0.0,None,"[27.8, 36.9, 38.5, 52.1, 61.7, 77.7, 97.8, 98.1, 86.8, 84.7, 13.6]",None,0.0,OK,None,,Null,"[1, 1, 1, 1, 1, 1, 1, 1, 1, 1, 1]"
1867597,8462284S00,"[502, 4]","[150, 1]",07:42:44,20260417,0.0,10823,"[11.9, 127.3, 128.1, 128.1, 128.4, 128.2, 127.4, 12.5, 791.9]",None,0.0,OK,None,7,00024533,"[1, 1, 1, 1, 1, 1, 1, 1, 1]"
1867596,82832W080PKENGEN,"[135, 1]","[110, 1]",07:42:37,20260417,0.0,None,"[27.5, 37.2, 38.5, 51.8, 62.0, 78.1, 98.0, 97.5, 86.9, 84.7, 13.5]",None,0.0,OK,None,,Null,"[1, 1, 1, 1, 1, 1, 1, 1, 1, 1, 1]"
1867595,8462284S00,"[501, 4]","[149, 1]",07:42:34,20260417,0.0,10823,"[12.5, 128.0, 127.8, 128.2, 128.7, 128.6, 127.4, 12.6, 793.8]",None,0.0,OK,None,7,00024533,"[1, 1, 1, 1, 1, 1, 1, 1, 1]"
1867594,8462284S00,"[500, 4]","[148, 1]",07:42:24,20260417,0.0,10823,"[12.5, 127.3, 127.9, 128.1, 128.4, 128.1, 127.1, 12.4, 791.7]",None,0.0,OK,None,7,00024533,"[1, 1, 1, 1, 1, 1, 1, 1, 1]"
1867593,8462284S00,"[499, 4]","[147, 1]",07:42:16,20260417,0.0,10823,"[12.2, 127.4, 127.9, 128.2, 128.4, 128.2, 127.1, 12.6, 792.2]",None,0.0,OK,None,7,00024533,"[1, 1, 1, 1, 1, 1, 1, 1, 1]"
1867592,82832W080PKENGEN,"[134, 1]","[109, 1]",07:42:09,20260417,0.0,None,"[27.6, 36.8, 38.4, 52.3, 61.2, 78.0, 97.8, 97.6, 87.3, 84.7, 13.8]",None,0.0,OK,None,,Null,"[1, 1, 1, 1, 1, 1, 1, 1, 1, 1, 1]"
1867591,8462284S00,"[498, 4]","[146, 1]",07:41:42,20260417,0.0,10823,"[12.6, 127.4, 127.8, 128.1, 128.2, 127.9, 127.8, 12.0, 791.8]",None,0.0,OK,None,7,00024533,"[1, 1, 1, 1, 1, 1, 1, 1, 1]"
1867590,82832W080PKENGEN,"[133, 1]","[108, 1]",07:41:37,20260417,0.0,None,"[27.3, 36.9, 38.5, 52.4, 61.5, 77.8, 98.0, 97.8, 86.6, 84.7, 13.8]",None,0.0,OK,None,,Null,"[1, 1, 1, 1, 1, 1, 1, 1, 1, 1, 1]"
1867589,8462284S00,"[497, 4]","[145, 1]",07:41:33,20260417,0.0,10823,"[12.2, 127.4, 127.8, 127.9, 128.1, 128.2, 127.3, 12.4, 791.4]",None,0.0,OK,None,7,00024533,"[1, 1, 1, 1, 1, 1, 1, 1, 1]"
1867588,8462284S00,"[496, 4]","[144, 1]",07:41:23,20260417,0.0,10823,"[12.3, 127.8, 127.8, 128.2, 128.4, 128.2, 127.4, 13.0, 793.1]",None,0.0,OK,None,7,00024533,"[1, 1, 1, 1, 1, 1, 1, 1, 1]"
1867587,82832W080PKENGEN,"[132, 1]","[107, 1]",07:41:14,20260417,0.0,None,"[27.3, 36.8, 38.5, 52.3, 61.4, 77.8, 97.6, 97.6, 87.3, 84.7, 13.8]",None,0.0,OK,None,,Null,"[1, 1, 1, 1, 1, 1, 1, 1, 1, 1, 1]"
1867586,8462284S00,"[495, 4]","[143, 1]",07:41:12,20260417,0.0,10823,"[12.0, 127.8, 128.4, 128.2, 128.6, 128.2, 127.1, 12.5, 792.8]",None,0.0,OK,None,7,00024533,"[1, 1, 1, 1, 1, 1, 1, 1, 1]"
1867585,8462284S00,"[494, 4]","[142, 1]",07:41:01,20260417,0.0,10823,"[13.0, 127.9, 127.9, 128.2, 128.6, 128.2, 127.4, 12.5, 793.8]",None,0.0,OK,None,7,00024533,"[1, 1, 1, 1, 1, 1, 1, 1, 1]"
1867584,8462284S00,"[493, 4]","[141, 1]",07:40:52,20260417,0.0,10823,"[11.8, 127.6, 127.8, 128.1, 128.6, 127.9, 127.0, 12.6, 791.4]",None,0.0,OK,None,7,00024533,"[1, 1, 1, 1, 1, 1, 1, 1, 1]"
1867583,8462284S00,"[492, 4]","[140, 1]",07:40:40,20260417,0.0,10823,"[12.8, 127.3, 127.8, 127.8, 128.7, 128.4, 127.1, 12.5, 792.3]",None,0.0,OK,None,7,00024533,"[1, 1, 1, 1, 1, 1, 1, 1, 1]"
1867582,82832W080PKENGEN,"[131, 1]","[106, 1]",07:40:36,20260417,0.0,None,"[27.8, 36.9, 38.5, 51.9, 61.4, 78.3, 98.0, 97.8, 86.9, 85.2, 13.8]",None,0.0,OK,None,,Null,"[1, 1, 1, 1, 1, 1, 1, 1, 1, 1, 1]"
1867581,8462284S00,"[491, 4]","[139, 1]",07:40:28,20260417,0.0,10823,"[12.3, 127.6, 128.1, 128.1, 127.9, 128.7, 127.4, 12.5, 792.6]",None,0.0,OK,None,7,00024533,"[1, 1, 1, 1, 1, 1, 1, 1, 1]"
1867580,8462284S00,"[490, 4]","[138, 1]",07:40:17,20260417,0.0,10823,"[12.9, 127.6, 127.8, 128.2, 128.6, 128.1, 127.6, 12.0, 792.7]",None,0.0,OK,None,7,00024533,"[1, 1, 1, 1, 1, 1, 1, 1, 1]"
1867579,82832W080PKENGEN,"[130, 1]","[105, 1]",07:40:12,20260417,0.0,None,"[27.5, 36.9, 38.5, 51.9, 61.5, 78.0, 97.3, 97.6, 86.9, 84.9, 13.6]",None,0.0,OK,None,,Null,"[1, 1, 1, 1, 1, 1, 1, 1, 1, 1, 1]"
1867578,8462284S00,"[489, 4]","[137, 1]",07:40:08,20260417,0.0,10823,"[12.3, 127.6, 127.9, 128.1, 128.2, 128.1, 127.3, 13.2, 792.7]",None,0.0,OK,None,7,00024533,"[1, 1, 1, 1, 1, 1, 1, 1, 1]"
1867577,8462284S00,"[488, 4]","[136, 1]",07:39:58,20260417,0.0,10823,"[12.2, 127.4, 127.9, 127.9, 128.7, 128.4, 127.8, 12.5, 792.8]",None,0.0,OK,None,7,00024533,"[1, 1, 1, 1, 1, 1, 1, 1, 1]"
1867576,82832W080PKENGEN,"[129, 1]","[104, 1]",07:39:50,20260417,0.0,None,"[27.5, 37.1, 38.5, 52.1, 61.8, 77.7, 97.8, 97.6, 86.9, 84.4, 13.8]",None,0.0,OK,None,,Null,"[1, 1, 1, 1, 1, 1, 1, 1, 1, 1, 1]"
1867575,8462284S00,"[487, 4]","[135, 1]",07:39:49,20260417,0.0,10823,"[12.7, 127.3, 127.9, 128.2, 128.6, 128.4, 127.6, 12.0, 792.7]",None,0.0,OK,None,7,00024533,"[1, 1, 1, 1, 1, 1, 1, 1, 1]"
1867574,8462284S00,"[486, 4]","[134, 1]",07:39:39,20260417,0.0,10823,"[12.6, 127.3, 128.1, 127.9, 128.2, 128.2, 127.3, 12.6, 792.1]",None,0.0,OK,None,7,00024533,"[1, 1, 1, 1, 1, 1, 1, 1, 1]"
1867573,8462284S00,"[485, 4]","[133, 1]",07:39:28,20260417,0.0,10823,"[12.0, 127.8, 127.9, 128.4, 128.4, 128.4, 127.9, 12.4, 793.2]",None,0.0,OK,None,7,00024533,"[1, 1, 1, 1, 1, 1, 1, 1, 1]"
1867572,82832W080PKENGEN,"[128, 1]","[103, 1]",07:39:28,20260417,0.0,None,"[27.6, 36.9, 38.2, 52.1, 61.4, 78.0, 97.8, 97.6, 86.9, 84.7, 13.6]",None,0.0,OK,None,,Null,"[1, 1, 1, 1, 1, 1, 1, 1, 1, 1, 1]"
1867571,8462284S00,"[484, 4]","[132, 1]",07:39:19,20260417,0.0,10823,"[11.9, 128.1, 127.9, 128.4, 128.6, 128.7, 127.0, 12.7, 793.3]",None,0.0,OK,None,7,00024533,"[1, 1, 1, 1, 1, 1, 1, 1, 1]"
1867570,8462284S00,"[483, 4]","[131, 1]",07:39:08,20260417,0.0,10823,"[12.5, 127.1, 127.9, 128.4, 128.6, 128.4, 127.5, 12.6, 793.0]",None,0.0,OK,None,7,00024533,"[1, 1, 1, 1, 1, 1, 1, 1, 1]"
1867569,82832W080PKENGEN,"[127, 1]","[102, 1]",07:39:00,20260417,0.0,None,"[27.8, 37.1, 38.4, 51.8, 61.8, 78.0, 98.0, 97.6, 86.8, 84.9, 13.8]",None,0.0,OK,None,,Null,"[1, 1, 1, 1, 1, 1, 1, 1, 1, 1, 1]"
1867568,82832W080PKENGEN,"[126, 1]","[101, 1]",07:38:37,20260417,0.0,None,"[28.0, 36.8, 38.2, 51.9, 61.5, 78.0, 97.8, 98.0, 86.8, 84.5, 13.8]",None,0.0,OK,None,,Null,"[1, 1, 1, 1, 1, 1, 1, 1, 1, 1, 1]"
1867567,8462284S00,"[482, 4]","[130, 1]",07:38:15,20260417,0.0,10823,"[12.5, 127.8, 127.8, 128.2, 128.6, 128.6, 127.3, 12.7, 793.2]",None,0.0,OK,None,7,00024533,"[1, 1, 1, 1, 1, 1, 1, 1, 1]"
1867566,8462284S00,"[481, 4]","[129, 1]",07:38:05,20260417,0.0,10823,"[12.1, 127.6, 127.9, 128.1, 128.1, 128.2, 127.1, 12.5, 791.7]",None,0.0,OK,None,7,00024533,"[1, 1, 1, 1, 1, 1, 1, 1, 1]"
1867565,8462284S00,"[480, 4]","[128, 1]",07:37:55,20260417,0.0,10823,"[12.2, 127.4, 127.9, 128.6, 128.4, 128.2, 127.1, 12.5, 792.4]",None,0.0,OK,None,7,00024533,"[1, 1, 1, 1, 1, 1, 1, 1, 1]"
1867563,82832W080PKENGEN,"[125, 1]","[100, 1]",07:37:47,20260417,0.0,None,"[27.6, 37.1, 38.5, 51.8, 61.7, 77.8, 97.6, 97.8, 87.3, 84.7, 13.6]",None,0.0,OK,None,,Null,"[1, 1, 1, 1, 1, 1, 1, 1, 1, 1, 1]"
1867564,8462284S00,"[479, 4]","[127, 1]",07:37:45,20260417,0.0,10823,"[12.3, 127.3, 127.9, 128.1, 128.7, 128.3, 127.3, 12.8, 792.7]",None,0.0,OK,None,7,00024533,"[1, 1, 1, 1, 1, 1, 1, 1, 1]"
1867562,8462284S00,"[478, 4]","[126, 1]",07:37:36,20260417,0.0,10823,"[12.2, 127.6, 127.9, 128.4, 128.2, 128.6, 127.6, 12.0, 792.6]",None,0.0,OK,None,7,00024533,"[1, 1, 1, 1, 1, 1, 1, 1, 1]"
1867561,82832W080PKENGEN,"[124, 1]","[99, 1]",07:37:22,20260417,0.0,None,"[27.6, 36.8, 38.4, 52.3, 61.5, 78.3, 97.6, 98.0, 87.1, 84.7, 13.8]",None,0.0,OK,None,,Null,"[1, 1, 1, 1, 1, 1, 1, 1, 1, 1, 1]"
1867560,82832W080PKENGEN,"[123, 1]","[98, 1]",07:37:01,20260417,0.0,None,"[27.6, 37.1, 38.5, 52.1, 61.4, 78.3, 98.1, 97.8, 87.1, 84.5, 13.6]",None,0.0,OK,None,,Null,"[1, 1, 1, 1, 1, 1, 1, 1, 1, 1, 1]"
1867559,8462284S00,"[477, 4]","[125, 1]",07:36:53,20260417,0.0,10823,"[12.6, 127.6, 128.4, 128.4, 128.1, 128.4, 127.2, 12.5, 793.2]",None,0.0,OK,None,7,00024533,"[1, 1, 1, 1, 1, 1, 1, 1, 1]"
1867558,8462284S00,"[476, 4]","[124, 1]",07:36:43,20260417,0.0,10823,"[12.8, 127.4, 128.2, 128.2, 128.7, 128.7, 127.3, 12.9, 794.3]",None,0.0,OK,None,7,00024533,"[1, 1, 1, 1, 1, 1, 1, 1, 1]"
1867557,82832W080PKENGEN,"[122, 1]","[97, 1]",07:36:38,20260417,0.0,None,"[27.2, 36.9, 38.8, 52.3, 61.5, 78.0, 98.0, 98.0, 86.6, 85.0, 13.4]",None,0.0,OK,None,,Null,"[1, 1, 1, 1, 1, 1, 1, 1, 1, 1, 1]"
1867556,8462284S00,"[475, 4]","[123, 1]",07:36:34,20260417,0.0,10823,"[12.8, 127.6, 128.1, 127.6, 129.2, 127.9, 127.6, 12.4, 793.2]",None,0.0,OK,None,7,00024533,"[1, 1, 1, 1, 1, 1, 1, 1, 1]"
1867555,8462284S00,"[474, 4]","[122, 1]",07:36:25,20260417,0.0,10823,"[12.2, 127.4, 128.1, 127.6, 129.3, 128.6, 127.1, 12.5, 792.8]",None,0.0,OK,None,7,00024533,"[1, 1, 1, 1, 1, 1, 1, 1, 1]"
1867554,8462284S00,"[473, 4]","[121, 1]",07:36:18,20260417,0.0,10823,"[12.4, 127.6, 128.1, 128.7, 128.6, 128.4, 127.4, 12.7, 793.9]",None,0.0,OK,None,7,00024533,"[1, 1, 1, 1, 1, 1, 1, 1, 1]"
1867553,82832W080PKENGEN,"[121, 1]","[96, 1]",07:36:16,20260417,0.0,None,"[27.6, 36.8, 38.7, 51.9, 61.4, 78.3, 97.5, 97.6, 87.1, 84.5, 13.8]",None,0.0,OK,None,,Null,"[1, 1, 1, 1, 1, 1, 1, 1, 1, 1, 1]"
1867552,8462284S00,"[472, 4]","[120, 1]",07:36:06,20260417,0.0,10823,"[12.3, 127.6, 127.8, 127.9, 128.1, 128.2, 127.6, 12.8, 792.3]",None,0.0,OK,None,7,00024533,"[1, 1, 1, 1, 1, 1, 1, 1, 1]"
1867551,8462284S00,"[471, 4]","[119, 1]",07:35:56,20260417,0.0,10823,"[12.4, 127.8, 127.4, 127.9, 127.8, 128.7, 127.5, 11.9, 791.5]",None,0.0,OK,None,7,00024533,"[1, 1, 1, 1, 1, 1, 1, 1, 1]"
1867550,82832W080PKENGEN,"[120, 1]","[95, 1]",07:35:55,20260417,0.0,None,"[27.6, 37.1, 38.2, 52.1, 61.7, 77.8, 97.6, 98.0, 86.8, 84.9, 13.6]",None,0.0,OK,None,,Null,"[1, 1, 1, 1, 1, 1, 1, 1, 1, 1, 1]"
1867549,8462284S00,"[470, 4]","[118, 1]",07:35:45,20260417,0.0,10823,"[11.9, 127.6, 128.1, 128.4, 128.9, 128.2, 127.4, 12.4, 792.8]",None,0.0,OK,None,7,00024533,"[1, 1, 1, 1, 1, 1, 1, 1, 1]"
1867548,8462284S00,"[469, 4]","[117, 1]",07:35:35,20260417,0.0,10823,"[12.3, 127.8, 127.4, 128.2, 128.4, 127.9, 128.1, 12.5, 792.7]",None,0.0,OK,None,7,00024533,"[1, 1, 1, 1, 1, 1, 1, 1, 1]"
1867547,82832W080PKENGEN,"[119, 1]","[94, 1]",07:35:34,20260417,0.0,None,"[27.5, 37.1, 38.4, 52.1, 61.7, 77.8, 98.1, 98.3, 86.8, 84.7, 13.8]",None,0.0,OK,None,,Null,"[1, 1, 1, 1, 1, 1, 1, 1, 1, 1, 1]"
1867546,8462284S00,"[468, 4]","[116, 1]",07:35:24,20260417,0.0,10823,"[12.3, 127.4, 127.9, 128.2, 128.4, 128.6, 127.8, 12.2, 792.8]",None,0.0,OK,None,7,00024533,"[1, 1, 1, 1, 1, 1, 1, 1, 1]"
1867545,8462284S00,"[467, 4]","[115, 1]",07:35:13,20260417,0.0,10823,"[12.3, 127.4, 127.9, 128.1, 128.6, 128.9, 127.3, 13.0, 793.4]",None,0.0,OK,None,7,00024533,"[1, 1, 1, 1, 1, 1, 1, 1, 1]"
1867544,82832W080PKENGEN,"[118, 1]","[93, 1]",07:35:12,20260417,0.0,None,"[27.3, 37.1, 38.5, 51.9, 61.4, 77.8, 97.8, 98.0, 86.8, 84.7, 13.8]",None,0.0,OK,None,,Null,"[1, 1, 1, 1, 1, 1, 1, 1, 1, 1, 1]"
1867543,8462284S00,"[466, 4]","[114, 1]",07:35:04,20260417,0.0,10823,"[12.4, 127.8, 127.9, 128.1, 128.4, 128.4, 127.8, 12.4, 793.2]",None,0.0,OK,None,7,00024533,"[1, 1, 1, 1, 1, 1, 1, 1, 1]"
1867542,8462284S00,"[465, 4]","[113, 1]",07:34:52,20260417,0.0,10823,"[12.8, 127.6, 127.8, 128.2, 128.6, 128.2, 127.4, 12.3, 793.0]",None,0.0,OK,None,7,00024533,"[1, 1, 1, 1, 1, 1, 1, 1, 1]"
1867541,82832W080PKENGEN,"[117, 1]","[92, 1]",07:34:51,20260417,0.0,None,"[27.5, 36.9, 38.5, 52.3, 61.2, 77.8, 97.6, 97.8, 87.1, 84.4, 13.6]",None,0.0,OK,None,,Null,"[1, 1, 1, 1, 1, 1, 1, 1, 1, 1, 1]"
1867540,8462284S00,"[464, 4]","[112, 1]",07:34:43,20260417,0.0,10823,"[12.2, 127.6, 127.8, 128.1, 128.6, 128.7, 127.3, 12.8, 793.0]",None,0.0,OK,None,7,00024533,"[1, 1, 1, 1, 1, 1, 1, 1, 1]"
1867539,8462284S00,"[463, 4]","[111, 1]",07:34:35,20260417,0.0,10823,"[12.2, 127.4, 127.9, 128.6, 128.4, 128.2, 127.1, 12.2, 792.1]",None,0.0,OK,None,7,00024533,"[1, 1, 1, 1, 1, 1, 1, 1, 1]"
1867538,82832W080PKENGEN,"[116, 1]","[91, 1]",07:34:29,20260417,0.0,None,"[27.5, 37.1, 38.2, 52.3, 61.7, 78.5, 97.5, 97.8, 87.1, 84.5, 14.1]",None,0.0,OK,None,,Null,"[1, 1, 1, 1, 1, 1, 1, 1, 1, 1, 1]"
1867537,82832W080PKENGEN,"[115, 1]","[90, 1]",07:34:07,20260417,0.0,None,"[27.6, 37.1, 38.5, 52.3, 61.5, 77.5, 98.0, 97.8, 86.9, 84.5, 13.6]",None,0.0,OK,None,,Null,"[1, 1, 1, 1, 1, 1, 1, 1, 1, 1, 1]"
1867536,82832W080PKENGEN,"[114, 1]","[89, 1]",07:33:45,20260417,0.0,None,"[27.3, 36.8, 38.8, 52.1, 61.5, 78.3, 98.0, 98.1, 86.8, 84.7, 13.8]",None,0.0,OK,None,,Null,"[1, 1, 1, 1, 1, 1, 1, 1, 1, 1, 1]"
1867535,82832W080PKENGEN,"[113, 1]","[88, 1]",07:33:19,20260417,0.0,None,"[27.6, 37.1, 38.8, 51.8, 61.7, 77.8, 98.1, 97.8, 86.9, 84.5, 13.6]",None,0.0,OK,None,,Null,"[1, 1, 1, 1, 1, 1, 1, 1, 1, 1, 1]"
1867534,8462284S00,"[462, 4]","[110, 1]",07:33:02,20260417,0.0,10823,"[12.3, 127.4, 127.8, 128.9, 128.2, 127.8, 127.4, 12.6, 792.3]",None,0.0,OK,None,7,00024533,"[1, 1, 1, 1, 1, 1, 1, 1, 1]"
1867533,82832W080PKENGEN,"[112, 1]","[87, 1]",07:32:54,20260417,0.0,None,"[27.6, 36.8, 38.4, 51.8, 61.7, 78.3, 97.5, 98.0, 86.9, 84.5, 13.8]",None,0.0,OK,None,,Null,"[1, 1, 1, 1, 1, 1, 1, 1, 1, 1, 1]"
1867532,8462284S00,"[461, 4]","[109, 1]",07:32:50,20260417,0.0,10823,"[12.3, 127.6, 127.6, 128.6, 128.6, 128.1, 127.1, 12.8, 792.7]",None,0.0,OK,None,7,00024533,"[1, 1, 1, 1, 1, 1, 1, 1, 1]"
1867531,8462284S00,"[460, 4]","[108, 1]",07:32:40,20260417,0.0,10823,"[12.6, 127.4, 127.9, 128.6, 128.1, 128.2, 127.6, 12.5, 792.9]",None,0.0,OK,None,7,00024533,"[1, 1, 1, 1, 1, 1, 1, 1, 1]"
1867530,8462284S00,"[459, 4]","[107, 1]",07:32:30,20260417,0.0,10823,"[11.9, 127.8, 127.8, 128.2, 128.7, 128.2, 127.5, 12.7, 792.7]",None,0.0,OK,None,7,00024533,"[1, 1, 1, 1, 1, 1, 1, 1, 1]"
1867529,82832W080PKENGEN,"[111, 1]","[86, 1]",07:32:22,20260417,0.0,None,"[27.3, 36.9, 38.7, 51.9, 61.5, 78.0, 97.5, 97.5, 86.8, 84.7, 13.6]",None,0.0,OK,None,,Null,"[1, 1, 1, 1, 1, 1, 1, 1, 1, 1, 1]"
1867528,8462284S00,"[458, 4]","[106, 1]",07:32:19,20260417,0.0,10823,"[12.1, 127.6, 127.9, 128.4, 128.1, 127.9, 127.6, 12.3, 791.9]",None,0.0,OK,None,7,00024533,"[1, 1, 1, 1, 1, 1, 1, 1, 1]"
1867527,8462284S00,"[457, 4]","[105, 1]",07:32:05,20260417,0.0,10823,"[12.5, 127.4, 128.6, 127.1, 128.2, 128.4, 127.1, 12.2, 791.6]",None,0.0,OK,None,7,00024533,"[1, 1, 1, 1, 1, 1, 1, 1, 1]"
1867526,82832W080PKENGEN,"[110, 1]","[85, 1]",07:31:56,20260417,0.0,None,"[27.5, 36.6, 38.5, 51.9, 61.7, 78.5, 98.0, 97.6, 87.3, 84.5, 13.6]",None,0.0,OK,None,,Null,"[1, 1, 1, 1, 1, 1, 1, 1, 1, 1, 1]"
1867525,8462284S00,"[456, 4]","[104, 1]",07:31:53,20260417,0.0,10823,"[12.7, 127.4, 127.8, 128.1, 128.4, 128.1, 127.4, 12.7, 792.5]",None,0.0,OK,None,7,00024533,"[1, 1, 1, 1, 1, 1, 1, 1, 1]"
1867524,8462284S00,"[455, 4]","[103, 1]",07:31:44,20260417,0.0,10823,"[12.2, 127.6, 127.9, 128.1, 128.3, 128.3, 127.4, 12.1, 791.9]",None,0.0,OK,None,7,00024533,"[1, 1, 1, 1, 1, 1, 1, 1, 1]"
1867523,82832W080PKENGEN,"[109, 1]","[84, 1]",07:31:34,20260417,0.0,None,"[27.5, 37.1, 38.4, 51.6, 61.7, 77.8, 98.1, 97.6, 87.1, 84.5, 13.8]",None,0.0,OK,None,,Null,"[1, 1, 1, 1, 1, 1, 1, 1, 1, 1, 1]"
1867522,8462284S00,"[454, 4]","[102, 1]",07:31:32,20260417,0.0,10823,"[12.8, 127.4, 127.8, 128.4, 128.2, 128.4, 127.1, 12.4, 792.5]",None,0.0,OK,None,7,00024533,"[1, 1, 1, 1, 1, 1, 1, 1, 1]"
1867521,8462284S00,"[453, 4]","[101, 1]",07:31:23,20260417,0.0,10823,"[12.2, 127.4, 128.2, 128.6, 128.4, 128.4, 127.6, 12.4, 793.3]",None,0.0,OK,None,7,00024533,"[1, 1, 1, 1, 1, 1, 1, 1, 1]"
1867520,8462284S00,"[452, 4]","[100, 1]",07:31:13,20260417,0.0,10823,"[12.7, 127.1, 128.2, 127.8, 128.2, 127.9, 127.7, 12.5, 792.1]",None,0.0,OK,None,7,00024533,"[1, 1, 1, 1, 1, 1, 1, 1, 1]"
1867519,8462284S00,"[451, 4]","[99, 1]",07:31:00,20260417,0.0,10823,"[12.4, 128.1, 128.4, 128.6, 128.4, 128.7, 127.4, 12.1, 794.1]",None,0.0,OK,None,7,00024533,"[1, 1, 1, 1, 1, 1, 1, 1, 1]"
1867518,82832W080PKENGEN,"[108, 1]","[83, 1]",07:30:56,20260417,0.0,None,"[27.8, 37.1, 38.2, 51.9, 61.7, 78.3, 97.5, 97.6, 86.9, 84.4, 13.6]",None,0.0,OK,None,,Null,"[1, 1, 1, 1, 1, 1, 1, 1, 1, 1, 1]"
1867517,8462284S00,"[450, 4]","[98, 1]",07:30:49,20260417,0.0,10823,"[12.3, 127.3, 128.1, 128.1, 128.4, 127.9, 127.3, 12.7, 791.9]",None,0.0,OK,None,7,00024533,"[1, 1, 1, 1, 1, 1, 1, 1, 1]"
1867516,8462284S00,"[449, 4]","[97, 1]",07:30:41,20260417,0.0,10823,"[12.7, 128.2, 128.4, 128.4, 128.2, 128.6, 127.6, 12.1, 794.2]",None,0.0,OK,None,7,00024533,"[1, 1, 1, 1, 1, 1, 1, 1, 1]"
1867515,82832W080PKENGEN,"[107, 1]","[82, 1]",07:30:32,20260417,0.0,None,"[27.5, 37.2, 38.4, 51.8, 61.5, 77.8, 98.1, 97.8, 86.9, 84.7, 13.4]",None,0.0,OK,None,,Null,"[1, 1, 1, 1, 1, 1, 1, 1, 1, 1, 1]"
1867514,8462284S00,"[448, 4]","[96, 1]",07:30:21,20260417,0.0,10823,"[12.1, 127.6, 127.8, 128.2, 128.4, 128.2, 127.1, 12.5, 792.0]",None,0.0,OK,None,7,00024533,"[1, 1, 1, 1, 1, 1, 1, 1, 1]"
1867513,8462284S00,"[447, 4]","[95, 1]",07:30:09,20260417,0.0,10823,"[12.9, 127.1, 127.9, 128.1, 128.2, 128.2, 127.4, 11.9, 791.8]",None,0.0,OK,None,7,00024533,"[1, 1, 1, 1, 1, 1, 1, 1, 1]"
1867512,82832W080PKENGEN,"[106, 1]","[81, 1]",07:30:02,20260417,0.0,None,"[27.5, 36.8, 38.4, 51.9, 61.7, 78.0, 97.2, 97.6, 86.9, 84.7, 13.7]",None,0.0,OK,None,,Null,"[1, 1, 1, 1, 1, 1, 1, 1, 1, 1, 1]"
1867511,82832W080PKENGEN,"[105, 1]","[80, 1]",07:27:00,20260417,0.0,None,"[27.6, 36.9, 38.4, 52.6, 61.8, 78.1, 98.0, 98.1, 87.1, 85.2, 13.9]",None,0.0,OK,None,,Null,"[1, 1, 1, 1, 1, 1, 1, 1, 1, 1, 1]"
1867510,82832W080PKENGEN,"[104, 1]","[79, 1]",07:26:39,20260417,0.0,None,"[27.3, 37.1, 38.8, 52.3, 61.5, 78.0, 97.6, 97.6, 87.3, 84.7, 13.8]",None,0.0,OK,None,,Null,"[1, 1, 1, 1, 1, 1, 1, 1, 1, 1, 1]"
1867509,82832W080PKENGEN,"[103, 1]","[78, 1]",07:26:18,20260417,0.0,None,"[27.3, 36.9, 38.8, 52.4, 61.5, 77.7, 97.8, 97.8, 87.3, 84.9, 13.6]",None,0.0,OK,None,,Null,"[1, 1, 1, 1, 1, 1, 1, 1, 1, 1, 1]"
1867508,82832W080PKENGEN,"[102, 1]","[77, 1]",07:26:00,20260417,0.0,None,"[27.5, 36.8, 38.5, 52.4, 61.5, 78.0, 97.6, 97.8, 86.8, 84.5, 13.6]",None,0.0,OK,None,,Null,"[1, 1, 1, 1, 1, 1, 1, 1, 1, 1, 1]"
1867507,82832W080PKENGEN,"[101, 1]","[76, 1]",07:25:41,20260417,0.0,None,"[27.6, 37.1, 38.5, 52.1, 61.4, 78.1, 98.1, 97.6, 86.9, 85.0, 13.8]",None,0.0,OK,None,,Null,"[1, 1, 1, 1, 1, 1, 1, 1, 1, 1, 1]"
1867506,82832W080PKENGEN,"[100, 1]","[75, 1]",07:25:23,20260417,0.0,None,"[27.5, 36.9, 38.2, 52.3, 61.4, 78.1, 97.5, 97.8, 86.8, 85.0, 13.9]",None,0.0,OK,None,,Null,"[1, 1, 1, 1, 1, 1, 1, 1, 1, 1, 1]"
1867505,8462284S00,"[446, 4]","[94, 1]",07:24:59,20260417,0.0,10823,"[13.1, 127.8, 128.1, 128.4, 128.4, 128.1, 127.4, 12.0, 793.2]",None,0.0,OK,None,7,00024533,"[1, 1, 1, 1, 1, 1, 1, 1, 1]"
1867504,8462284S00,"[445, 4]","[93, 1]",07:24:51,20260417,0.0,10823,"[12.3, 127.4, 128.4, 128.4, 127.9, 128.4, 127.3, 12.8, 792.9]",None,0.0,OK,None,7,00024533,"[1, 1, 1, 1, 1, 1, 1, 1, 1]"
1867503,82832W080PKENGEN,"[99, 1]","[74, 1]",07:24:49,20260417,0.0,None,"[27.6, 37.2, 38.2, 51.9, 61.8, 78.1, 98.0, 97.8, 86.8, 84.9, 13.6]",None,0.0,OK,None,,Null,"[1, 1, 1, 1, 1, 1, 1, 1, 1, 1, 1]"
1867502,8462284S00,"[444, 4]","[92, 1]",07:24:28,20260417,0.0,10823,"[13.1, 127.1, 127.8, 128.2, 127.9, 128.2, 127.3, 11.9, 791.6]",None,0.0,OK,None,7,00024533,"[1, 1, 1, 1, 1, 1, 1, 1, 1]"
1867501,8462284S00,"[443, 4]","[91, 1]",07:24:09,20260417,0.0,10823,"[13.0, 127.3, 127.9, 127.6, 128.2, 128.4, 126.8, 12.1, 791.3]",None,0.0,OK,None,7,00024533,"[1, 1, 1, 1, 1, 1, 1, 1, 1]"
1867500,82832W080PKENGEN,"[98, 1]","[73, 1]",07:23:47,20260417,0.0,None,"[27.6, 36.9, 38.5, 51.9, 61.5, 78.1, 97.6, 98.0, 86.6, 84.4, 14.1]",None,0.0,OK,None,,Null,"[1, 1, 1, 1, 1, 1, 1, 1, 1, 1, 1]"
1867499,82832W080PKENGEN,"[97, 1]","[72, 1]",07:23:27,20260417,0.0,None,"[27.5, 37.1, 38.7, 52.3, 61.5, 77.8, 98.0, 97.8, 87.3, 84.5, 13.4]",None,0.0,OK,None,,Null,"[1, 1, 1, 1, 1, 1, 1, 1, 1, 1, 1]"
1867498,8462284S00,"[442, 4]","[90, 1]",07:23:13,20260417,0.0,10823,"[12.9, 127.3, 127.8, 128.4, 128.4, 128.1, 127.5, 12.0, 792.2]",None,0.0,OK,None,7,00024533,"[1, 1, 1, 1, 1, 1, 1, 1, 1]"
1867497,8462284S00,"[441, 4]","[89, 1]",07:23:04,20260417,0.0,10823,"[13.1, 127.3, 127.9, 128.2, 128.2, 128.1, 127.6, 11.7, 792.2]",None,0.0,OK,None,7,00024533,"[1, 1, 1, 1, 1, 1, 1, 1, 1]"
1867496,8462284S00,"[440, 4]","[88, 1]",07:22:49,20260417,0.0,10823,"[12.7, 127.6, 127.9, 128.2, 128.2, 128.4, 127.4, 12.2, 792.8]",None,0.0,OK,None,7,00024533,"[1, 1, 1, 1, 1, 1, 1, 1, 1]"
1867495,8462284S00,"[439, 4]","[87, 1]",07:22:34,20260417,0.0,10823,"[13.0, 127.1, 128.1, 128.1, 127.9, 128.2, 127.1, 11.9, 791.4]",None,0.0,OK,None,7,00024533,"[1, 1, 1, 1, 1, 1, 1, 1, 1]"
1867494,8462284S00,"[438, 4]","[86, 1]",07:22:23,20260417,0.0,10823,"[12.9, 127.4, 127.6, 127.9, 128.2, 127.8, 127.2, 12.3, 791.3]",None,0.0,OK,None,7,00024533,"[1, 1, 1, 1, 1, 1, 1, 1, 1]"
1867493,82833W090PCLIPSOUNYUUKI,"[2, 3]","[261, 123]",07:22:22,20260417,0.0,None,"[0, 0, 0, 0, 0, 0, 0, 0, 0]",None,0.0,NG,CLIP COLOR MISMATCH,,None,"[0, 0, 0, 0, 0, 0, 0, 0, 0]"
1867492,8462284S00,"[437, 4]","[85, 1]",07:22:11,20260417,0.0,10823,"[12.8, 127.1, 127.6, 128.4, 128.2, 128.4, 127.0, 11.8, 791.3]",None,0.0,OK,None,7,00024533,"[1, 1, 1, 1, 1, 1, 1, 1, 1]"
1867491,8462284S00,"[436, 4]","[84, 1]",07:22:02,20260417,0.0,10823,"[12.6, 127.4, 127.6, 128.1, 128.4, 128.4, 128.0, 11.6, 792.1]",None,0.0,OK,None,7,00024533,"[1, 1, 1, 1, 1, 1, 1, 1, 1]"
1867490,8462284S00,"[435, 4]","[83, 1]",07:21:52,20260417,0.0,10823,"[12.8, 127.3, 127.8, 128.2, 127.6, 128.7, 127.6, 12.2, 792.2]",None,0.0,OK,None,7,00024533,"[1, 1, 1, 1, 1, 1, 1, 1, 1]"
1867489,8462284S00,"[434, 4]","[82, 1]",07:21:43,20260417,0.0,10823,"[12.8, 127.4, 127.9, 128.1, 128.2, 128.2, 127.7, 12.3, 792.7]",None,0.0,OK,None,7,00024533,"[1, 1, 1, 1, 1, 1, 1, 1, 1]"
1867488,82833W090PCLIPSOUNYUUKI,"[2, 2]","[261, 122]",07:21:42,20260417,0.0,None,"[86.6, 98.0, 99.2, 77.4, 61.2, 51.6, 37.6, 36.3, 28.0]",None,0.0,OK,None,,None,"[1, 1, 1, 1, 1, 1, 1, 1, 1]"
1867487,8462284S00,"[433, 4]","[81, 1]",07:21:33,20260417,0.0,10823,"[13.2, 127.4, 127.8, 128.1, 128.1, 128.6, 127.1, 12.0, 792.2]",None,0.0,OK,None,7,00024533,"[1, 1, 1, 1, 1, 1, 1, 1, 1]"
1867486,8462284S00,"[432, 4]","[80, 1]",07:21:25,20260417,0.0,10823,"[12.9, 127.3, 127.6, 128.2, 127.8, 128.4, 127.6, 11.9, 791.5]",None,0.0,OK,None,7,00024533,"[1, 1, 1, 1, 1, 1, 1, 1, 1]"
1867485,8462284S00,"[431, 4]","[79, 1]",07:21:15,20260417,0.0,10823,"[12.7, 127.6, 127.3, 128.2, 128.6, 128.6, 127.0, 12.3, 792.1]",None,0.0,OK,None,7,00024533,"[1, 1, 1, 1, 1, 1, 1, 1, 1]"
1867484,8462284S00,"[430, 4]","[78, 1]",07:21:01,20260417,0.0,10823,"[13.1, 127.1, 127.8, 128.2, 128.1, 128.2, 127.1, 12.2, 791.8]",None,0.0,OK,None,7,00024533,"[1, 1, 1, 1, 1, 1, 1, 1, 1]"
1867483,8462284S00,"[429, 4]","[77, 1]",07:20:52,20260417,0.0,10823,"[12.8, 127.3, 127.8, 128.1, 128.2, 128.1, 127.3, 12.2, 791.7]",None,0.0,OK,None,7,00024533,"[1, 1, 1, 1, 1, 1, 1, 1, 1]"
1867482,8462284S00,"[428, 4]","[76, 1]",07:20:42,20260417,0.0,10823,"[13.0, 127.4, 127.9, 128.4, 128.4, 128.6, 127.0, 12.1, 792.8]",None,0.0,OK,None,7,00024533,"[1, 1, 1, 1, 1, 1, 1, 1, 1]"
1867481,82833W090PCLIPSOUNYUUKI,"[1, 2]","[260, 122]",07:20:36,20260417,0.0,10822,"[0, 0, 0, 0, 0, 0, 0, 0, 0]",None,0.0,NG,CLIP COLOR MISMATCH,,None,"[0, 0, 0, 0, 0, 0, 0, 0, 0]"
1867480,8462284S00,"[427, 4]","[75, 1]",07:20:33,20260417,0.0,10823,"[12.8, 127.3, 127.6, 128.7, 127.8, 127.6, 127.4, 11.9, 791.1]",None,0.0,OK,None,7,00024533,"[1, 1, 1, 1, 1, 1, 1, 1, 1]"
1867479,8462284S00,"[426, 4]","[74, 1]",07:20:26,20260417,0.0,10823,"[12.9, 127.4, 127.6, 127.8, 128.1, 128.2, 127.7, 11.6, 791.4]",None,0.0,OK,None,7,00024533,"[1, 1, 1, 1, 1, 1, 1, 1, 1]"
1867478,8462284S00,"[425, 4]","[73, 1]",07:20:18,20260417,0.0,10823,"[12.8, 127.1, 127.8, 128.1, 128.1, 128.6, 127.8, 12.0, 792.2]",None,0.0,OK,None,7,00024533,"[1, 1, 1, 1, 1, 1, 1, 1, 1]"
1867477,8462284S00,"[424, 4]","[72, 1]",07:20:05,20260417,0.0,10823,"[12.9, 127.1, 127.6, 128.4, 128.4, 128.2, 127.3, 12.0, 791.9]",None,0.0,OK,None,7,00024533,"[1, 1, 1, 1, 1, 1, 1, 1, 1]"
1867476,82832W080PKENGEN,"[96, 1]","[71, 1]",07:19:53,20260417,0.0,10822,"[27.3, 36.9, 38.5, 52.1, 61.4, 78.0, 98.0, 97.8, 86.8, 84.5, 13.8]",None,0.0,OK,None,,Null,"[1, 1, 1, 1, 1, 1, 1, 1, 1, 1, 1]"
1867475,82832W080PKENGEN,"[95, 1]","[70, 1]",07:19:16,20260417,0.0,10822,"[27.6, 36.9, 38.8, 52.1, 61.4, 77.7, 98.0, 98.0, 86.8, 84.7, 13.6]",None,0.0,OK,None,,Null,"[1, 1, 1, 1, 1, 1, 1, 1, 1, 1, 1]"
1867474,8462284S00,"[423, 4]","[71, 1]",07:19:02,20260417,0.0,10823,"[13.0, 127.8, 127.4, 128.6, 128.2, 128.1, 128.1, 12.1, 793.3]",None,0.0,OK,None,7,00024533,"[1, 1, 1, 1, 1, 1, 1, 1, 1]"
1867473,82832W080PKENGEN,"[94, 1]","[69, 1]",07:18:55,20260417,0.0,10822,"[27.5, 36.9, 38.8, 52.3, 61.7, 77.8, 98.0, 97.8, 86.9, 84.4, 13.4]",None,0.0,OK,None,,Null,"[1, 1, 1, 1, 1, 1, 1, 1, 1, 1, 1]"
1867472,8462284S00,"[422, 4]","[70, 1]",07:18:52,20260417,0.0,10823,"[12.2, 127.6, 127.6, 128.6, 128.6, 128.4, 127.1, 12.8, 792.9]",None,0.0,OK,None,7,00024533,"[1, 1, 1, 1, 1, 1, 1, 1, 1]"
1867471,8462284S00,"[421, 4]","[69, 1]",07:18:42,20260417,0.0,10823,"[12.3, 127.4, 127.9, 128.3, 128.4, 128.6, 127.4, 12.5, 792.8]",None,0.0,OK,None,7,00024533,"[1, 1, 1, 1, 1, 1, 1, 1, 1]"
1867470,8462284S00,"[420, 4]","[68, 1]",07:18:33,20260417,0.0,10823,"[12.1, 127.8, 127.9, 128.6, 128.2, 128.9, 127.4, 12.7, 793.6]",None,0.0,OK,None,7,00024533,"[1, 1, 1, 1, 1, 1, 1, 1, 1]"
1867469,82832W080PKENGEN,"[93, 1]","[68, 1]",07:18:30,20260417,0.0,10822,"[27.3, 36.9, 38.2, 51.8, 61.4, 78.1, 97.6, 98.0, 87.1, 84.7, 13.8]",None,0.0,OK,None,,Null,"[1, 1, 1, 1, 1, 1, 1, 1, 1, 1, 1]"
1867468,8462284S00,"[419, 4]","[67, 1]",07:18:24,20260417,0.0,10823,"[12.1, 127.6, 128.1, 128.1, 129.0, 128.6, 127.1, 13.0, 793.6]",None,0.0,OK,None,7,00024533,"[1, 1, 1, 1, 1, 1, 1, 1, 1]"
1867467,82832W080PKENGEN,"[92, 1]","[67, 1]",07:18:08,20260417,0.0,10822,"[27.3, 36.8, 38.5, 51.9, 61.4, 78.0, 97.6, 98.0, 86.8, 85.0, 13.8]",None,0.0,OK,None,,Null,"[1, 1, 1, 1, 1, 1, 1, 1, 1, 1, 1]"
1867466,82832W080PKENGEN,"[91, 1]","[66, 1]",07:17:48,20260417,0.0,10822,"[27.3, 36.9, 38.5, 51.9, 61.4, 78.5, 97.2, 97.6, 86.9, 84.7, 13.6]",None,0.0,OK,None,,Null,"[1, 1, 1, 1, 1, 1, 1, 1, 1, 1, 1]"
1867465,82832W080PKENGEN,"[90, 1]","[65, 1]",07:17:10,20260417,0.0,10822,"[27.6, 37.1, 38.5, 52.1, 61.5, 78.0, 97.6, 97.6, 86.8, 84.2, 13.8]",None,0.0,OK,None,,Null,"[1, 1, 1, 1, 1, 1, 1, 1, 1, 1, 1]"
1867464,82832W080PKENGEN,"[89, 1]","[64, 1]",07:16:48,20260417,0.0,10822,"[27.6, 37.1, 38.5, 52.1, 61.4, 77.8, 97.6, 97.6, 86.9, 84.5, 13.6]",None,0.0,OK,None,,Null,"[1, 1, 1, 1, 1, 1, 1, 1, 1, 1, 1]"
1867463,82832W080PKENGEN,"[88, 1]","[63, 1]",07:16:28,20260417,0.0,10822,"[27.6, 36.9, 38.7, 52.3, 61.7, 78.0, 98.3, 97.8, 87.1, 84.4, 13.7]",None,0.0,OK,None,,Null,"[1, 1, 1, 1, 1, 1, 1, 1, 1, 1, 1]"
1867462,8462284S00,"[418, 4]","[66, 1]",07:16:18,20260417,0.0,10823,"[12.3, 127.6, 127.8, 128.0, 128.2, 128.6, 127.3, 12.9, 792.6]",None,0.0,OK,None,7,00024533,"[1, 1, 1, 1, 1, 1, 1, 1, 1]"
1867461,82832W080PKENGEN,"[87, 1]","[62, 1]",07:16:01,20260417,0.0,10822,"[27.8, 36.8, 38.7, 52.4, 61.2, 77.8, 97.8, 97.6, 87.1, 84.7, 12.5]",None,0.0,OK,None,,Null,"[1, 1, 1, 1, 1, 1, 1, 1, 1, 1, 1]"
1867460,8462284S00,"[417, 4]","[65, 1]",07:15:49,20260417,0.0,10823,"[13.0, 127.4, 127.8, 128.1, 128.2, 128.1, 127.4, 12.0, 791.9]",None,0.0,OK,None,7,00024533,"[1, 1, 1, 1, 1, 1, 1, 1, 1]"
1867459,8462284S00,"[416, 4]","[64, 1]",07:15:40,20260417,0.0,10823,"[12.2, 127.6, 128.1, 128.1, 128.7, 128.6, 127.4, 12.5, 793.2]",None,0.0,OK,None,7,00024533,"[1, 1, 1, 1, 1, 1, 1, 1, 1]"
1867458,82832W080PKENGEN,"[86, 1]","[61, 1]",07:15:37,20260417,0.0,10822,"[27.5, 36.9, 38.5, 51.9, 61.7, 78.5, 97.5, 97.8, 87.1, 84.7, 13.6]",None,0.0,OK,None,,Null,"[1, 1, 1, 1, 1, 1, 1, 1, 1, 1, 1]"
1867457,8462284S00,"[415, 4]","[63, 1]",07:15:30,20260417,0.0,10823,"[12.0, 127.8, 128.1, 128.2, 128.6, 128.1, 127.1, 12.6, 792.4]",None,0.0,OK,None,7,00024533,"[1, 1, 1, 1, 1, 1, 1, 1, 1]"
1867456,8462284S00,"[414, 4]","[62, 1]",07:15:22,20260417,0.0,10823,"[12.5, 127.6, 127.6, 128.7, 128.2, 128.1, 127.4, 12.6, 792.7]",None,0.0,OK,None,7,00024533,"[1, 1, 1, 1, 1, 1, 1, 1, 1]"
1867455,8462284S00,"[413, 4]","[61, 1]",07:15:13,20260417,0.0,10823,"[12.9, 127.4, 127.9, 128.1, 127.9, 128.4, 127.0, 11.6, 791.3]",None,0.0,OK,None,7,00024533,"[1, 1, 1, 1, 1, 1, 1, 1, 1]"
1867454,8462284S00,"[412, 4]","[60, 1]",07:15:07,20260417,0.0,10823,"[12.9, 127.4, 127.9, 127.9, 128.1, 128.4, 127.0, 11.6, 791.2]",None,0.0,OK,None,7,00024533,"[1, 1, 1, 1, 1, 1, 1, 1, 1]"
1867453,8462284S00,"[411, 4]","[59, 1]",07:14:57,20260417,0.0,10823,"[12.5, 127.3, 127.8, 128.6, 128.1, 128.4, 127.3, 12.9, 792.7]",None,0.0,OK,None,7,00024533,"[1, 1, 1, 1, 1, 1, 1, 1, 1]"
1867452,8462284S00,"[410, 4]","[58, 1]",07:14:49,20260417,0.0,10823,"[12.6, 127.3, 128.1, 128.4, 128.2, 128.2, 127.3, 12.0, 792.0]",None,0.0,OK,None,7,00024533,"[1, 1, 1, 1, 1, 1, 1, 1, 1]"
1867451,82832W080PKENGEN,"[85, 1]","[60, 1]",07:14:44,20260417,0.0,10822,"[27.6, 37.2, 38.5, 52.4, 61.5, 78.3, 97.8, 98.3, 87.1, 84.7, 13.6]",None,0.0,OK,None,,Null,"[1, 1, 1, 1, 1, 1, 1, 1, 1, 1, 1]"
1867450,8462284S00,"[409, 4]","[57, 1]",07:14:39,20260417,0.0,10823,"[13.4, 127.6, 128.2, 128.4, 128.4, 128.6, 127.1, 12.2, 793.9]",None,0.0,OK,None,7,00024533,"[1, 1, 1, 1, 1, 1, 1, 1, 1]"
1867449,82832W080PKENGEN,"[84, 1]","[59, 1]",07:14:11,20260417,0.0,10822,"[27.2, 36.9, 38.5, 52.4, 61.4, 77.8, 98.0, 97.6, 86.8, 84.9, 13.6]",None,0.0,OK,None,,Null,"[1, 1, 1, 1, 1, 1, 1, 1, 1, 1, 1]"
1867448,82832W080PKENGEN,"[83, 1]","[58, 1]",07:13:38,20260417,0.0,10822,"[27.3, 36.9, 38.5, 51.8, 61.5, 77.7, 97.5, 97.5, 87.3, 84.4, 13.6]",None,0.0,OK,None,,Null,"[1, 1, 1, 1, 1, 1, 1, 1, 1, 1, 1]"
1867447,82832W080PKENGEN,"[82, 1]","[57, 1]",07:13:01,20260417,0.0,10822,"[27.5, 36.8, 38.7, 52.1, 61.4, 78.0, 97.6, 98.0, 87.1, 84.5, 13.6]",None,0.0,OK,None,,Null,"[1, 1, 1, 1, 1, 1, 1, 1, 1, 1, 1]"
1867446,8462284S00,"[408, 4]","[56, 1]",07:12:57,20260417,0.0,10823,"[13.1, 127.0, 128.1, 128.1, 128.2, 128.2, 127.1, 11.7, 791.5]",None,0.0,OK,None,7,00024533,"[1, 1, 1, 1, 1, 1, 1, 1, 1]"
1867445,8462284S00,"[407, 4]","[55, 1]",07:11:18,20260417,0.0,10823,"[13.0, 127.8, 127.8, 128.1, 128.6, 128.1, 127.5, 11.9, 792.7]",None,0.0,OK,None,7,00024533,"[1, 1, 1, 1, 1, 1, 1, 1, 1]"
1867444,8462284S00,"[406, 4]","[54, 1]",07:11:09,20260417,0.0,10823,"[12.9, 127.3, 127.6, 128.4, 128.4, 128.2, 127.8, 12.2, 792.8]",None,0.0,OK,None,7,00024533,"[1, 1, 1, 1, 1, 1, 1, 1, 1]"
1867443,8462284S00,"[405, 4]","[53, 1]",07:11:00,20260417,0.0,10823,"[12.9, 127.3, 128.1, 127.9, 128.6, 128.4, 126.8, 12.2, 792.2]",None,0.0,OK,None,7,00024533,"[1, 1, 1, 1, 1, 1, 1, 1, 1]"
1867442,8462284S00,"[404, 4]","[52, 1]",07:10:53,20260417,0.0,10823,"[13.0, 127.3, 127.6, 128.2, 128.6, 128.1, 127.3, 12.0, 792.0]",None,0.0,OK,None,7,00024533,"[1, 1, 1, 1, 1, 1, 1, 1, 1]"
1867441,82832W080PKENGEN,"[81, 1]","[56, 1]",07:07:32,20260417,0.0,10822,"[27.3, 37.1, 38.5, 52.1, 61.4, 78.0, 97.6, 98.0, 86.6, 84.7, 13.4]",None,0.0,OK,None,,Null,"[1, 1, 1, 1, 1, 1, 1, 1, 1, 1, 1]"
1867440,82832W080PKENGEN,"[80, 1]","[55, 1]",07:07:07,20260417,0.0,10822,"[27.6, 37.1, 38.4, 51.8, 61.8, 78.1, 98.1, 97.8, 86.9, 84.9, 13.8]",None,0.0,OK,None,,Null,"[1, 1, 1, 1, 1, 1, 1, 1, 1, 1, 1]"
1867439,82832W080PKENGEN,"[79, 1]","[54, 1]",07:06:43,20260417,0.0,10822,"[27.5, 36.9, 38.4, 51.9, 61.7, 78.0, 98.0, 97.6, 87.1, 84.5, 13.6]",None,0.0,OK,None,,Null,"[1, 1, 1, 1, 1, 1, 1, 1, 1, 1, 1]"
1867438,82832W080PKENGEN,"[78, 1]","[53, 1]",07:06:23,20260417,0.0,10822,"[27.5, 37.1, 38.2, 51.8, 61.5, 78.3, 97.6, 97.6, 86.9, 84.5, 13.6]",None,0.0,OK,None,,Null,"[1, 1, 1, 1, 1, 1, 1, 1, 1, 1, 1]"
1867437,82832W080PKENGEN,"[77, 1]","[52, 1]",07:06:03,20260417,0.0,10822,"[27.5, 37.1, 38.7, 51.9, 61.7, 78.5, 97.6, 97.6, 87.3, 84.5, 13.6]",None,0.0,OK,None,,Null,"[1, 1, 1, 1, 1, 1, 1, 1, 1, 1, 1]"
1867436,82832W080PKENGEN,"[76, 1]","[51, 1]",07:05:44,20260417,0.0,10822,"[27.5, 36.9, 38.4, 51.9, 61.7, 78.6, 97.8, 98.0, 87.1, 84.7, 13.8]",None,0.0,OK,None,,Null,"[1, 1, 1, 1, 1, 1, 1, 1, 1, 1, 1]"
1867435,82832W080PKENGEN,"[75, 1]","[50, 1]",07:05:25,20260417,0.0,10822,"[27.3, 37.1, 38.4, 52.1, 61.5, 78.3, 97.3, 98.1, 86.8, 84.7, 13.6]",None,0.0,OK,None,,Null,"[1, 1, 1, 1, 1, 1, 1, 1, 1, 1, 1]"
1867434,82832W080PKENGEN,"[74, 1]","[49, 1]",07:05:03,20260417,0.0,10822,"[27.5, 37.1, 38.5, 51.8, 61.7, 77.7, 97.6, 97.5, 86.9, 84.7, 13.4]",None,0.0,OK,None,,Null,"[1, 1, 1, 1, 1, 1, 1, 1, 1, 1, 1]"
1867433,8462284S00,"[403, 4]","[51, 1]",07:02:29,20260417,0.0,10823,"[12.5, 127.9, 127.8, 128.7, 128.4, 128.1, 128.2, 12.2, 793.8]",None,0.0,OK,None,7,00024533,"[1, 1, 1, 1, 1, 1, 1, 1, 1]"
1867432,82832W080PKENGEN,"[73, 1]","[48, 1]",07:02:28,20260417,0.0,10822,"[27.5, 37.1, 38.4, 51.9, 61.8, 78.0, 98.0, 98.0, 87.1, 84.5, 13.6]",None,0.0,OK,None,,Null,"[1, 1, 1, 1, 1, 1, 1, 1, 1, 1, 1]"
1867431,8462284S00,"[402, 4]","[50, 1]",07:02:19,20260417,0.0,10823,"[12.4, 127.8, 127.9, 128.4, 128.4, 128.6, 127.1, 12.3, 792.8]",None,0.0,OK,None,7,00024533,"[1, 1, 1, 1, 1, 1, 1, 1, 1]"
1867430,8462284S00,"[401, 4]","[49, 1]",07:02:07,20260417,0.0,10823,"[12.6, 127.8, 127.9, 128.4, 128.9, 128.9, 127.6, 12.6, 794.6]",None,0.0,OK,None,7,00024533,"[1, 1, 1, 1, 1, 1, 1, 1, 1]"
1867429,82832W080PKENGEN,"[72, 1]","[47, 1]",07:02:07,20260417,0.0,10822,"[27.5, 36.9, 38.5, 52.3, 61.5, 77.7, 98.0, 98.0, 86.6, 84.4, 13.4]",None,0.0,OK,None,,Null,"[1, 1, 1, 1, 1, 1, 1, 1, 1, 1, 1]"
1867428,8462284S00,"[400, 4]","[48, 1]",07:01:58,20260417,0.0,10823,"[12.4, 127.4, 128.2, 128.6, 128.4, 128.6, 127.6, 12.6, 793.8]",None,0.0,OK,None,7,00024533,"[1, 1, 1, 1, 1, 1, 1, 1, 1]"
1867427,8462284S00,"[399, 4]","[47, 1]",07:01:49,20260417,0.0,10823,"[12.6, 127.8, 128.1, 128.4, 128.4, 128.7, 127.8, 12.7, 794.4]",None,0.0,OK,None,7,00024533,"[1, 1, 1, 1, 1, 1, 1, 1, 1]"
1867426,8462284S00,"[398, 4]","[46, 1]",07:01:40,20260417,0.0,10823,"[11.1, 127.8, 128.2, 128.1, 128.9, 128.6, 126.6, 12.9, 792.1]",None,0.0,OK,None,7,00024533,"[1, 1, 1, 1, 1, 1, 1, 1, 1]"
1867425,82832W080PKENGEN,"[71, 1]","[46, 1]",07:01:20,20260417,0.0,10822,"[27.6, 36.9, 38.7, 52.3, 61.4, 77.7, 97.8, 97.6, 86.9, 84.5, 13.6]",None,0.0,OK,None,,Null,"[1, 1, 1, 1, 1, 1, 1, 1, 1, 1, 1]"
1867424,8462284S00,"[397, 4]","[45, 1]",07:01:20,20260417,0.0,10823,"[12.4, 127.6, 128.1, 128.4, 128.6, 128.7, 127.8, 12.4, 793.9]",None,0.0,OK,None,7,00024533,"[1, 1, 1, 1, 1, 1, 1, 1, 1]"
1867423,8462284S00,"[396, 4]","[44, 1]",07:01:12,20260417,0.0,10823,"[12.3, 127.4, 128.1, 128.9, 128.4, 128.2, 127.9, 12.3, 793.6]",None,0.0,OK,None,7,00024533,"[1, 1, 1, 1, 1, 1, 1, 1, 1]"
1867422,8462284S00,"[395, 4]","[43, 1]",07:01:01,20260417,0.0,10823,"[11.3, 127.6, 127.9, 128.4, 128.2, 128.4, 127.1, 12.6, 791.6]",None,0.0,OK,None,7,00024533,"[1, 1, 1, 1, 1, 1, 1, 1, 1]"
1867421,82832W080PKENGEN,"[70, 1]","[45, 1]",07:01:00,20260417,0.0,10822,"[27.2, 36.9, 38.5, 52.1, 61.4, 77.8, 97.5, 97.8, 86.8, 84.5, 13.4]",None,0.0,OK,None,,Null,"[1, 1, 1, 1, 1, 1, 1, 1, 1, 1, 1]"
1867419,82832W080PKENGEN,"[69, 1]","[44, 1]",07:00:41,20260417,0.0,10822,"[27.6, 36.8, 38.7, 51.8, 61.7, 78.1, 97.8, 98.0, 86.6, 84.5, 13.6]",None,0.0,OK,None,,Null,"[1, 1, 1, 1, 1, 1, 1, 1, 1, 1, 1]"
1867420,8462284S00,"[394, 4]","[42, 1]",07:00:41,20260417,0.0,10823,"[12.4, 127.4, 127.9, 128.6, 128.2, 129.0, 127.4, 12.5, 793.6]",None,0.0,OK,None,7,00024533,"[1, 1, 1, 1, 1, 1, 1, 1, 1]"
1867418,8462284S00,"[393, 4]","[41, 1]",07:00:33,20260417,0.0,10823,"[12.3, 127.9, 127.8, 128.7, 128.4, 128.4, 127.3, 12.5, 793.3]",None,0.0,OK,None,7,00024533,"[1, 1, 1, 1, 1, 1, 1, 1, 1]"
1867417,8462284S00,"[392, 4]","[40, 1]",07:00:25,20260417,0.0,10823,"[12.6, 127.8, 128.6, 128.6, 128.6, 128.9, 127.8, 12.7, 795.4]",None,0.0,OK,None,7,00024533,"[1, 1, 1, 1, 1, 1, 1, 1, 1]"
1867416,82832W080PKENGEN,"[68, 1]","[43, 1]",07:00:21,20260417,0.0,10822,"[27.5, 36.8, 38.7, 52.3, 61.4, 77.7, 97.8, 98.0, 86.9, 85.0, 13.6]",None,0.0,OK,None,,Null,"[1, 1, 1, 1, 1, 1, 1, 1, 1, 1, 1]"
1867415,8462284S00,"[391, 4]","[39, 1]",07:00:06,20260417,0.0,10823,"[12.8, 127.3, 128.4, 128.4, 128.4, 128.6, 127.1, 12.6, 793.5]",None,0.0,OK,None,7,00024533,"[1, 1, 1, 1, 1, 1, 1, 1, 1]"
1867414,82832W080PKENGEN,"[67, 1]","[42, 1]",06:59:59,20260417,0.0,10822,"[27.5, 37.1, 38.5, 52.1, 61.5, 78.3, 97.8, 98.0, 87.3, 84.7, 13.9]",None,0.0,OK,None,,Null,"[1, 1, 1, 1, 1, 1, 1, 1, 1, 1, 1]"
1867413,8462284S00,"[390, 4]","[38, 1]",06:59:56,20260417,0.0,10823,"[12.2, 127.9, 127.8, 128.2, 128.6, 128.4, 127.3, 12.5, 792.7]",None,0.0,OK,None,7,00024533,"[1, 1, 1, 1, 1, 1, 1, 1, 1]"
1867412,8462284S00,"[389, 4]","[37, 1]",06:59:47,20260417,0.0,10823,"[12.5, 127.6, 128.6, 129.0, 128.2, 128.9, 127.8, 12.5, 795.1]",None,0.0,OK,None,7,00024533,"[1, 1, 1, 1, 1, 1, 1, 1, 1]"
1867411,82832W080PKENGEN,"[66, 1]","[41, 1]",06:59:38,20260417,0.0,10822,"[27.5, 37.1, 38.5, 52.3, 61.5, 77.8, 98.1, 98.0, 86.9, 84.4, 13.6]",None,0.0,OK,None,,Null,"[1, 1, 1, 1, 1, 1, 1, 1, 1, 1, 1]"
1867410,8462284S00,"[388, 4]","[36, 1]",06:59:38,20260417,0.0,10823,"[12.3, 127.8, 128.2, 128.9, 128.2, 128.6, 127.4, 12.3, 793.7]",None,0.0,OK,None,7,00024533,"[1, 1, 1, 1, 1, 1, 1, 1, 1]"
1867409,8462284S00,"[387, 4]","[35, 1]",06:59:28,20260417,0.0,10823,"[12.3, 127.9, 127.9, 128.6, 128.1, 128.4, 127.5, 12.9, 793.5]",None,0.0,OK,None,7,00024533,"[1, 1, 1, 1, 1, 1, 1, 1, 1]"
1867408,8462284S00,"[386, 4]","[34, 1]",06:59:20,20260417,0.0,10823,"[12.7, 127.9, 127.8, 128.6, 128.1, 128.6, 127.6, 12.9, 794.0]",None,0.0,OK,None,7,00024533,"[1, 1, 1, 1, 1, 1, 1, 1, 1]"
1867407,8462284S00,"[385, 4]","[33, 1]",06:59:11,20260417,0.0,10823,"[12.3, 127.6, 127.9, 128.1, 128.6, 128.6, 127.6, 12.7, 793.3]",None,0.0,OK,None,7,00024533,"[1, 1, 1, 1, 1, 1, 1, 1, 1]"
1867406,8462284S00,"[384, 4]","[32, 1]",06:59:02,20260417,0.0,10823,"[12.3, 127.9, 128.1, 127.8, 128.8, 128.6, 127.6, 12.7, 793.7]",None,0.0,OK,None,7,00024533,"[1, 1, 1, 1, 1, 1, 1, 1, 1]"
1867405,8462284S00,"[383, 4]","[31, 1]",06:58:53,20260417,0.0,10823,"[12.3, 127.6, 127.8, 128.4, 128.7, 128.9, 127.4, 12.4, 793.4]",None,0.0,OK,None,7,00024533,"[1, 1, 1, 1, 1, 1, 1, 1, 1]"
1867404,8462284S00,"[382, 4]","[30, 1]",06:58:21,20260417,0.0,10823,"[12.4, 127.8, 128.2, 128.2, 128.6, 129.2, 127.6, 12.3, 794.2]",None,0.0,OK,None,7,00024533,"[1, 1, 1, 1, 1, 1, 1, 1, 1]"
1867403,8462284S00,"[381, 4]","[29, 1]",06:58:10,20260417,0.0,10823,"[12.2, 127.6, 128.1, 128.2, 128.6, 128.4, 127.4, 12.5, 793.0]",None,0.0,OK,None,7,00024533,"[1, 1, 1, 1, 1, 1, 1, 1, 1]"
1867402,8462284S00,"[380, 4]","[28, 1]",06:58:00,20260417,0.0,10823,"[12.6, 127.6, 127.9, 128.6, 128.2, 128.2, 127.3, 12.3, 792.7]",None,0.0,OK,None,7,00024533,"[1, 1, 1, 1, 1, 1, 1, 1, 1]"
1867401,8462284S00,"[379, 4]","[27, 1]",06:57:48,20260417,0.0,10823,"[12.8, 127.9, 128.2, 128.6, 128.7, 129.0, 127.6, 12.3, 795.1]",None,0.0,OK,None,7,00024533,"[1, 1, 1, 1, 1, 1, 1, 1, 1]"
1867400,8462284S00,"[378, 4]","[26, 1]",06:57:38,20260417,0.0,10823,"[12.2, 127.8, 127.9, 128.4, 128.7, 128.6, 127.1, 12.6, 793.3]",None,0.0,OK,None,7,00024533,"[1, 1, 1, 1, 1, 1, 1, 1, 1]"
1867399,8462284S00,"[377, 4]","[25, 1]",06:57:29,20260417,0.0,10823,"[12.6, 127.8, 128.2, 128.6, 128.6, 129.1, 127.3, 12.5, 794.5]",None,0.0,OK,None,7,00024533,"[1, 1, 1, 1, 1, 1, 1, 1, 1]"
1867398,8462284S00,"[376, 4]","[24, 1]",06:57:19,20260417,0.0,10823,"[12.0, 127.8, 127.8, 128.4, 128.9, 128.1, 127.4, 12.2, 792.5]",None,0.0,OK,None,7,00024533,"[1, 1, 1, 1, 1, 1, 1, 1, 1]"
1867397,8462284S00,"[375, 4]","[23, 1]",06:57:08,20260417,0.0,10823,"[12.2, 127.8, 128.2, 128.7, 128.1, 128.4, 127.6, 12.6, 793.6]",None,0.0,OK,None,7,00024533,"[1, 1, 1, 1, 1, 1, 1, 1, 1]"
1867396,82832W080PKENGEN,"[65, 1]","[40, 1]",06:57:02,20260417,0.0,10822,"[27.5, 36.9, 38.5, 52.3, 61.7, 77.8, 97.8, 98.0, 86.6, 84.4, 13.8]",None,0.0,OK,None,,Null,"[1, 1, 1, 1, 1, 1, 1, 1, 1, 1, 1]"
1867395,8462284S00,"[374, 4]","[22, 1]",06:56:58,20260417,0.0,10823,"[12.1, 127.6, 127.9, 127.9, 129.0, 128.2, 127.3, 11.5, 791.6]",None,0.0,OK,None,7,00024533,"[1, 1, 1, 1, 1, 1, 1, 1, 1]"
1867394,8462284S00,"[373, 4]","[21, 1]",06:56:48,20260417,0.0,10823,"[12.1, 127.9, 127.6, 128.2, 128.4, 128.2, 127.4, 12.6, 792.5]",None,0.0,OK,None,7,00024533,"[1, 1, 1, 1, 1, 1, 1, 1, 1]"
1867393,82832W080PKENGEN,"[64, 1]","[39, 1]",06:56:42,20260417,0.0,10822,"[27.6, 36.9, 38.5, 52.3, 61.7, 77.8, 98.0, 98.0, 86.8, 85.0, 13.1]",None,0.0,OK,None,,Null,"[1, 1, 1, 1, 1, 1, 1, 1, 1, 1, 1]"
1867392,82832W080PKENGEN,"[63, 1]","[38, 1]",06:55:49,20260417,0.0,10822,"[27.6, 36.8, 38.7, 52.6, 61.4, 78.3, 97.6, 98.3, 86.9, 85.7, 13.3]",None,0.0,OK,None,,Null,"[1, 1, 1, 1, 1, 1, 1, 1, 1, 1, 1]"
1867391,82832W080PKENGEN,"[62, 1]","[37, 1]",06:55:26,20260417,0.0,10822,"[27.5, 37.1, 38.7, 52.3, 61.7, 78.1, 98.0, 98.1, 86.8, 85.0, 13.8]",None,0.0,OK,None,,Null,"[1, 1, 1, 1, 1, 1, 1, 1, 1, 1, 1]"
1867390,82832W080PKENGEN,"[61, 1]","[36, 1]",06:55:18,20260417,0.0,10822,"[0, 0, 0, 0, 0, 0, 0, 0, 0, 0, 0]",None,0.0,NG,CLIP COLOR MISMATCH,,Null,"[0, 0, 0, 0, 0, 0, 0, 0, 0, 0, 0]"
1867389,82832W080PKENGEN,"[61, 0]","[36, 0]",06:54:59,20260417,0.0,10822,"[27.3, 36.8, 38.7, 52.3, 61.7, 78.3, 97.6, 98.1, 87.1, 85.0, 13.4]",None,0.0,OK,None,,Null,"[1, 1, 1, 1, 1, 1, 1, 1, 1, 1, 1]"
1867388,82832W080PKENGEN,"[60, 0]","[35, 0]",06:54:28,20260417,0.0,10822,"[27.5, 37.1, 38.4, 51.9, 61.2, 77.8, 97.8, 97.6, 86.8, 84.7, 13.6]",None,0.0,OK,None,,Null,"[1, 1, 1, 1, 1, 1, 1, 1, 1, 1, 1]"
1867387,82832W080PKENGEN,"[59, 0]","[34, 0]",06:54:05,20260417,0.0,10822,"[27.5, 36.8, 38.5, 52.4, 61.5, 78.1, 97.6, 98.0, 86.6, 84.7, 13.6]",None,0.0,OK,None,,Null,"[1, 1, 1, 1, 1, 1, 1, 1, 1, 1, 1]"
1867386,8462284S00,"[372, 4]","[20, 1]",06:53:41,20260417,0.0,10823,"[12.2, 127.6, 127.9, 128.4, 127.9, 128.9, 127.8, 12.6, 793.2]",None,0.0,OK,None,7,00024533,"[1, 1, 1, 1, 1, 1, 1, 1, 1]"
1867385,8462284S00,"[371, 4]","[19, 1]",06:53:36,20260417,0.0,10823,"[0, 0, 0, 0, 0, 0, 0, 0, 0]",None,0.0,NG,PART IS NOT FOUND,7,00024533,"[0, 0, 0, 0, 0, 0, 0, 0, 0]"
1867384,8462284S00,"[371, 3]","[19, 0]",06:53:27,20260417,0.0,10823,"[12.0, 128.1, 128.1, 128.1, 127.9, 128.7, 127.1, 12.5, 792.5]",None,0.0,OK,None,7,00024533,"[1, 1, 1, 1, 1, 1, 1, 1, 1]"
1867383,8462284S00,"[370, 3]","[18, 0]",06:53:17,20260417,0.0,10823,"[12.7, 127.6, 128.2, 128.2, 127.8, 128.6, 127.4, 12.7, 793.2]",None,0.0,OK,None,7,00024533,"[1, 1, 1, 1, 1, 1, 1, 1, 1]"
1867382,82832W080PKENGEN,"[58, 0]","[33, 0]",06:53:16,20260417,0.0,10822,"[27.5, 37.2, 38.5, 52.4, 61.5, 78.1, 98.0, 97.8, 87.1, 84.9, 13.8]",None,0.0,OK,None,,Null,"[1, 1, 1, 1, 1, 1, 1, 1, 1, 1, 1]"
1867381,8462284S00,"[369, 3]","[17, 0]",06:53:08,20260417,0.0,10823,"[12.9, 127.3, 128.2, 128.2, 128.4, 128.6, 127.4, 12.8, 793.8]",None,0.0,OK,None,7,00024533,"[1, 1, 1, 1, 1, 1, 1, 1, 1]"
1867380,8462284S00,"[368, 3]","[16, 0]",06:53:00,20260417,0.0,10823,"[12.2, 127.8, 127.9, 128.1, 128.9, 128.4, 127.3, 12.7, 793.3]",None,0.0,OK,None,7,00024533,"[1, 1, 1, 1, 1, 1, 1, 1, 1]"
1867379,82832W080PKENGEN,"[57, 0]","[32, 0]",06:52:52,20260417,0.0,10822,"[27.6, 37.2, 38.7, 52.3, 61.5, 78.0, 98.0, 98.0, 87.1, 84.5, 13.6]",None,0.0,OK,None,,Null,"[1, 1, 1, 1, 1, 1, 1, 1, 1, 1, 1]"
1867378,82832W080PKENGEN,"[56, 0]","[31, 0]",06:52:32,20260417,0.0,10822,"[27.8, 36.8, 38.5, 51.9, 61.7, 78.1, 97.8, 97.8, 87.1, 84.9, 13.8]",None,0.0,OK,None,,Null,"[1, 1, 1, 1, 1, 1, 1, 1, 1, 1, 1]"
1867377,82832W080PKENGEN,"[55, 0]","[30, 0]",06:52:11,20260417,0.0,10822,"[27.5, 36.8, 38.8, 52.4, 61.5, 78.0, 97.8, 97.8, 86.9, 84.7, 13.6]",None,0.0,OK,None,,Null,"[1, 1, 1, 1, 1, 1, 1, 1, 1, 1, 1]"
1867376,82832W080PKENGEN,"[54, 0]","[29, 0]",06:50:57,20260417,0.0,10822,"[27.5, 37.2, 38.5, 52.3, 62.0, 78.0, 98.1, 98.0, 86.8, 84.7, 13.6]",None,0.0,OK,None,,Null,"[1, 1, 1, 1, 1, 1, 1, 1, 1, 1, 1]"
1867375,8462284S00,"[367, 3]","[15, 0]",06:50:34,20260417,0.0,10823,"[12.5, 127.8, 128.2, 128.1, 128.7, 128.6, 127.6, 12.6, 794.0]",None,0.0,OK,None,7,00024533,"[1, 1, 1, 1, 1, 1, 1, 1, 1]"
1867374,82832W080PKENGEN,"[53, 0]","[28, 0]",06:50:26,20260417,0.0,10822,"[27.6, 37.1, 38.7, 52.3, 61.7, 77.7, 97.8, 97.8, 86.6, 84.7, 13.6]",None,0.0,OK,None,,Null,"[1, 1, 1, 1, 1, 1, 1, 1, 1, 1, 1]"
1867373,8462284S00,"[366, 3]","[14, 0]",06:50:24,20260417,0.0,10823,"[12.8, 127.8, 127.9, 128.4, 128.4, 128.7, 127.4, 12.9, 794.3]",None,0.0,OK,None,7,00024533,"[1, 1, 1, 1, 1, 1, 1, 1, 1]"
1867372,8462284S00,"[365, 3]","[13, 0]",06:50:14,20260417,0.0,10823,"[12.2, 127.6, 128.1, 128.6, 128.2, 128.6, 127.4, 12.7, 793.3]",None,0.0,OK,None,7,00024533,"[1, 1, 1, 1, 1, 1, 1, 1, 1]"
1867371,82832W080PKENGEN,"[52, 0]","[27, 0]",06:50:01,20260417,0.0,10822,"[27.5, 36.9, 38.7, 52.3, 61.8, 78.0, 97.6, 97.6, 87.3, 84.9, 13.7]",None,0.0,OK,None,,Null,"[1, 1, 1, 1, 1, 1, 1, 1, 1, 1, 1]"
1867370,82832W080PKENGEN,"[51, 0]","[26, 0]",06:49:25,20260417,0.0,10822,"[27.6, 37.1, 38.5, 51.9, 61.5, 77.7, 97.6, 97.5, 86.9, 84.9, 13.2]",None,0.0,OK,None,,Null,"[1, 1, 1, 1, 1, 1, 1, 1, 1, 1, 1]"
1867369,82832W080PKENGEN,"[50, 0]","[25, 0]",06:49:03,20260417,0.0,10822,"[27.5, 36.9, 38.7, 52.1, 61.2, 78.1, 97.5, 97.5, 86.8, 84.4, 13.6]",None,0.0,OK,None,,Null,"[1, 1, 1, 1, 1, 1, 1, 1, 1, 1, 1]"
1867368,82832W080PKENGEN,"[49, 0]","[24, 0]",06:48:21,20260417,0.0,10822,"[27.6, 37.1, 38.7, 52.6, 61.4, 78.0, 98.1, 97.8, 86.6, 84.9, 13.6]",None,0.0,OK,None,,Null,"[1, 1, 1, 1, 1, 1, 1, 1, 1, 1, 1]"
1867367,82832W080PKENGEN,"[48, 0]","[23, 0]",06:47:57,20260417,0.0,10822,"[27.5, 37.1, 38.5, 51.9, 61.5, 77.7, 97.8, 97.6, 86.9, 84.7, 12.6]",None,0.0,OK,None,,Null,"[1, 1, 1, 1, 1, 1, 1, 1, 1, 1, 1]"
1867366,8462284S00,"[364, 3]","[12, 0]",06:47:20,20260417,0.0,10823,"[12.0, 128.1, 128.1, 129.0, 128.6, 128.4, 127.4, 12.6, 794.2]",None,0.0,OK,None,7,00024533,"[1, 1, 1, 1, 1, 1, 1, 1, 1]"
1867365,8462284S00,"[363, 3]","[11, 0]",06:47:13,20260417,0.0,10823,"[12.4, 127.4, 128.2, 128.4, 128.4, 129.0, 127.3, 12.7, 793.8]",None,0.0,OK,None,7,00024533,"[1, 1, 1, 1, 1, 1, 1, 1, 1]"
1867364,8462284S00,"[362, 3]","[10, 0]",06:47:10,20260417,0.0,10823,MANUAL,MANUAL,0.0,MANUAL,MANUAL,MANUAL,Null,MANUAL
1867363,82832W080PKENGEN,"[47, 0]","[22, 0]",06:47:08,20260417,0.0,10822,"[27.6, 37.2, 38.2, 52.1, 61.5, 78.3, 98.0, 97.8, 86.6, 84.5, 13.6]",None,0.0,OK,None,,Null,"[1, 1, 1, 1, 1, 1, 1, 1, 1, 1, 1]"
1867362,8462284S00,"[372, 3]","[20, 0]",06:47:01,20260417,0.0,10823,"[12.0, 127.6, 128.6, 127.8, 128.7, 128.4, 127.6, 12.3, 793.0]",None,0.0,OK,None,7,00024533,"[1, 1, 1, 1, 1, 1, 1, 1, 1]"
1867361,8462284S00,"[371, 3]","[19, 0]",06:46:46,20260417,0.0,10823,"[11.9, 128.1, 128.1, 128.7, 128.6, 128.7, 127.5, 12.3, 793.8]",None,0.0,OK,None,7,00024533,"[1, 1, 1, 1, 1, 1, 1, 1, 1]"
1867360,8462284S00,"[370, 3]","[18, 0]",06:46:37,20260417,0.0,10823,"[12.6, 128.1, 127.4, 128.6, 128.7, 128.9, 127.8, 12.7, 794.8]",None,0.0,OK,None,7,00024533,"[1, 1, 1, 1, 1, 1, 1, 1, 1]"
1867359,8462284S00,"[369, 3]","[17, 0]",06:46:28,20260417,0.0,10823,"[10.7, 128.4, 127.9, 128.4, 128.0, 128.4, 127.6, 12.4, 791.9]",None,0.0,OK,None,7,00024533,"[1, 1, 1, 1, 1, 1, 1, 1, 1]"
1867358,82832W080PKENGEN,"[46, 0]","[21, 0]",06:44:54,20260417,0.0,10822,"[27.8, 37.1, 38.4, 52.1, 61.4, 78.0, 97.2, 98.0, 86.6, 84.5, 13.5]",None,0.0,OK,None,,Null,"[1, 1, 1, 1, 1, 1, 1, 1, 1, 1, 1]"
1867357,82832W080PKENGEN,"[45, 0]","[20, 0]",06:43:52,20260417,0.0,10822,"[27.5, 36.8, 38.7, 52.6, 61.5, 78.0, 97.6, 97.8, 87.3, 84.9, 13.8]",None,0.0,OK,None,,Null,"[1, 1, 1, 1, 1, 1, 1, 1, 1, 1, 1]"
1867356,8462284S00,"[368, 3]","[16, 0]",06:43:33,20260417,0.0,10823,"[12.0, 127.8, 127.8, 128.6, 128.2, 127.8, 127.6, 10.0, 789.7]",None,0.0,OK,None,7,00024533,"[1, 1, 1, 1, 1, 1, 1, 1, 1]"
1867355,82832W080PKENGEN,"[44, 0]","[19, 0]",06:43:29,20260417,0.0,10822,"[27.5, 36.9, 38.2, 52.1, 61.5, 78.0, 97.5, 97.8, 86.9, 84.7, 13.6]",None,0.0,OK,None,,Null,"[1, 1, 1, 1, 1, 1, 1, 1, 1, 1, 1]"
1867354,82832W080PKENGEN,"[43, 0]","[18, 0]",06:42:52,20260417,0.0,10822,"[27.8, 37.1, 38.7, 52.1, 61.5, 78.0, 98.1, 98.1, 86.9, 84.7, 13.6]",None,0.0,OK,None,,Null,"[1, 1, 1, 1, 1, 1, 1, 1, 1, 1, 1]"
1867353,82832W080PKENGEN,"[42, 0]","[17, 0]",06:42:22,20260417,0.0,10822,"[27.5, 37.1, 38.2, 51.9, 61.5, 78.1, 97.8, 97.6, 86.5, 84.5, 13.4]",None,0.0,OK,None,,Null,"[1, 1, 1, 1, 1, 1, 1, 1, 1, 1, 1]"
1867352,8462284S00,"[367, 3]","[15, 0]",06:41:57,20260417,0.0,10823,"[12.2, 128.1, 127.8, 128.4, 128.2, 128.6, 127.4, 12.8, 793.5]",None,0.0,OK,None,7,00024533,"[1, 1, 1, 1, 1, 1, 1, 1, 1]"
1867351,82832W080PKENGEN,"[41, 0]","[16, 0]",06:41:51,20260417,0.0,10822,"[27.6, 37.1, 38.5, 51.9, 62.0, 78.1, 97.8, 98.1, 86.9, 84.7, 13.4]",None,0.0,OK,None,,Null,"[1, 1, 1, 1, 1, 1, 1, 1, 1, 1, 1]"
1867350,8462284S00,"[366, 3]","[14, 0]",06:41:50,20260417,0.0,10823,"[12.0, 127.9, 127.6, 128.2, 128.6, 128.4, 127.3, 12.6, 792.6]",None,0.0,OK,None,7,00024533,"[1, 1, 1, 1, 1, 1, 1, 1, 1]"
1867349,8462284S00,"[365, 3]","[13, 0]",06:41:41,20260417,0.0,10823,"[12.2, 127.6, 128.1, 128.4, 128.4, 128.6, 127.4, 12.6, 793.3]",None,0.0,OK,None,7,00024533,"[1, 1, 1, 1, 1, 1, 1, 1, 1]"
1867348,8462284S00,"[364, 3]","[12, 0]",06:41:31,20260417,0.0,10823,"[12.6, 127.6, 128.1, 128.4, 128.1, 128.5, 127.4, 12.3, 793.0]",None,0.0,OK,None,7,00024533,"[1, 1, 1, 1, 1, 1, 1, 1, 1]"
1867347,82832W080PKENGEN,"[40, 0]","[15, 0]",06:41:30,20260417,0.0,10822,"[27.6, 37.2, 38.4, 52.1, 62.2, 78.3, 98.1, 98.1, 87.4, 84.9, 13.6]",None,0.0,OK,None,,Null,"[1, 1, 1, 1, 1, 1, 1, 1, 1, 1, 1]"
1867346,8462284S00,"[363, 3]","[11, 0]",06:41:22,20260417,0.0,10823,"[12.5, 127.8, 128.1, 128.2, 128.6, 128.6, 127.9, 12.9, 794.5]",None,0.0,OK,None,7,00024533,"[1, 1, 1, 1, 1, 1, 1, 1, 1]"
1867345,82832W080PKENGEN,"[39, 0]","[14, 0]",06:41:06,20260417,0.0,10822,"[27.5, 36.9, 38.5, 51.9, 61.7, 78.1, 97.6, 98.1, 86.9, 84.4, 13.6]",None,0.0,OK,None,,Null,"[1, 1, 1, 1, 1, 1, 1, 1, 1, 1, 1]"
1867344,82832W080PKENGEN,"[38, 0]","[13, 0]",06:40:44,20260417,0.0,10822,"[27.6, 36.9, 38.5, 52.1, 62.0, 77.8, 97.6, 97.8, 86.8, 84.9, 13.6]",None,0.0,OK,None,,Null,"[1, 1, 1, 1, 1, 1, 1, 1, 1, 1, 1]"
1867343,82832W080PKENGEN,"[37, 0]","[12, 0]",06:39:09,20260417,0.0,10822,"[27.5, 37.2, 38.7, 51.9, 61.7, 78.1, 98.1, 97.6, 86.9, 84.9, 13.6]",None,0.0,OK,None,,Null,"[1, 1, 1, 1, 1, 1, 1, 1, 1, 1, 1]"
1867342,82832W080PKENGEN,"[36, 0]","[11, 0]",06:38:40,20260417,0.0,10822,"[27.5, 37.1, 38.5, 52.3, 61.4, 78.3, 97.8, 98.0, 86.9, 84.7, 13.8]",None,0.0,OK,None,,Null,"[1, 1, 1, 1, 1, 1, 1, 1, 1, 1, 1]"
1867341,82832W080PKENGEN,"[35, 0]","[10, 0]",06:38:11,20260417,0.0,10822,"[27.3, 36.9, 38.7, 51.9, 61.2, 78.3, 98.1, 97.6, 86.8, 85.2, 13.8]",None,0.0,OK,None,,Null,"[1, 1, 1, 1, 1, 1, 1, 1, 1, 1, 1]"
1867340,82832W080PKENGEN,"[34, 0]","[9, 0]",06:37:02,20260417,0.0,10822,"[27.6, 36.9, 38.7, 51.9, 61.7, 78.0, 97.8, 98.0, 87.3, 85.2, 13.3]",None,0.0,OK,None,,Null,"[1, 1, 1, 1, 1, 1, 1, 1, 1, 1, 1]"
1867339,82832W080PKENGEN,"[33, 0]","[8, 0]",06:36:27,20260417,0.0,10822,"[27.6, 36.9, 38.5, 52.1, 61.4, 78.0, 97.6, 97.5, 86.6, 85.2, 13.6]",None,0.0,OK,None,,Null,"[1, 1, 1, 1, 1, 1, 1, 1, 1, 1, 1]"
1867338,82832W080PKENGEN,"[32, 0]","[7, 0]",06:35:55,20260417,0.0,10822,"[27.8, 37.1, 38.4, 51.9, 61.5, 78.1, 97.6, 97.5, 86.9, 84.9, 13.8]",None,0.0,OK,None,,Null,"[1, 1, 1, 1, 1, 1, 1, 1, 1, 1, 1]"
1867337,82832W080PKENGEN,"[31, 0]","[6, 0]",06:34:38,20260417,0.0,10822,"[27.5, 37.1, 39.0, 52.3, 61.7, 77.7, 97.8, 97.6, 86.9, 84.9, 13.6]",None,0.0,OK,None,,Null,"[1, 1, 1, 1, 1, 1, 1, 1, 1, 1, 1]"
1867336,82832W080PKENGEN,"[30, 0]","[5, 0]",06:34:18,20260417,0.0,10822,"[27.6, 37.2, 38.4, 52.1, 61.7, 78.0, 97.6, 97.3, 86.9, 84.9, 13.4]",None,0.0,OK,None,,Null,"[1, 1, 1, 1, 1, 1, 1, 1, 1, 1, 1]"
1867335,82832W080PKENGEN,"[29, 0]","[4, 0]",06:33:52,20260417,0.0,10822,"[27.3, 36.8, 38.4, 51.9, 61.2, 78.5, 97.3, 97.6, 86.8, 84.9, 13.4]",None,0.0,OK,None,,Null,"[1, 1, 1, 1, 1, 1, 1, 1, 1, 1, 1]"
1867334,82832W080PKENGEN,"[28, 0]","[3, 0]",06:33:28,20260417,0.0,10822,"[27.3, 36.8, 38.2, 52.1, 61.5, 78.1, 97.3, 98.0, 87.1, 85.0, 13.7]",None,0.0,OK,None,,Null,"[1, 1, 1, 1, 1, 1, 1, 1, 1, 1, 1]"
1867333,82832W080PKENGEN,"[27, 0]","[2, 0]",06:32:50,20260417,0.0,10822,"[27.3, 36.9, 38.5, 52.3, 61.7, 78.1, 97.2, 97.8, 86.5, 85.2, 12.3]",None,0.0,OK,None,,Null,"[1, 1, 1, 1, 1, 1, 1, 1, 1, 1, 1]"
1867332,82832W080PKENGEN,"[26, 0]","[1, 0]",06:32:30,20260417,0.0,10822,"[27.8, 37.1, 38.5, 51.9, 61.8, 78.5, 98.0, 98.0, 87.3, 84.5, 13.6]",None,0.0,OK,None,,Null,"[1, 1, 1, 1, 1, 1, 1, 1, 1, 1, 1]"
1867331,82832W080PKENGEN,"[25, 0]","[0, 0]",06:29:17,20260417,0.0,10822,COUNTERRESET,COUNTERRESET,0.0,COUNTERRESET,COUNTERRESET,,Null,COUNTERRESET
1867330,82832W080PKENGEN,"[25, 0]","[25, 0]",06:28:40,20260417,0.0,10822,"[27.6, 37.1, 38.7, 52.1, 61.8, 77.8, 97.8, 97.8, 87.1, 85.0, 13.6]",None,0.0,OK,None,,Null,"[1, 1, 1, 1, 1, 1, 1, 1, 1, 1, 1]"
1867329,82832W080PKENGEN,"[24, 0]","[24, 0]",06:28:17,20260417,0.0,10822,"[27.5, 36.9, 38.5, 52.4, 61.5, 78.1, 97.6, 97.8, 87.3, 84.9, 13.8]",None,0.0,OK,None,,Null,"[1, 1, 1, 1, 1, 1, 1, 1, 1, 1, 1]"
1867328,82832W080PKENGEN,"[23, 0]","[23, 0]",06:27:51,20260417,0.0,10822,"[27.5, 37.1, 38.7, 52.6, 61.5, 78.0, 97.6, 97.6, 87.3, 84.7, 13.6]",None,0.0,OK,None,,Null,"[1, 1, 1, 1, 1, 1, 1, 1, 1, 1, 1]"
1867327,82832W080PKENGEN,"[22, 0]","[22, 0]",06:27:22,20260417,0.0,10822,"[27.8, 36.8, 38.5, 52.3, 61.5, 78.1, 98.0, 97.6, 86.8, 84.7, 13.8]",None,0.0,OK,None,,Null,"[1, 1, 1, 1, 1, 1, 1, 1, 1, 1, 1]"
1867326,82832W080PKENGEN,"[21, 0]","[21, 0]",06:26:58,20260417,0.0,10822,"[27.5, 37.1, 38.7, 52.1, 61.7, 77.5, 98.1, 97.6, 87.1, 84.7, 13.6]",None,0.0,OK,None,,Null,"[1, 1, 1, 1, 1, 1, 1, 1, 1, 1, 1]"
1867325,82832W080PKENGEN,"[20, 0]","[20, 0]",06:26:03,20260417,0.0,10822,"[27.6, 36.8, 38.2, 52.1, 61.4, 77.8, 97.6, 98.0, 86.8, 84.4, 13.8]",None,0.0,OK,None,,Null,"[1, 1, 1, 1, 1, 1, 1, 1, 1, 1, 1]"
1867324,82832W080PKENGEN,"[19, 0]","[19, 0]",06:24:19,20260417,0.0,10822,"[27.6, 36.8, 38.4, 51.9, 61.4, 78.1, 97.6, 98.3, 86.6, 85.3, 13.8]",None,0.0,OK,None,,Null,"[1, 1, 1, 1, 1, 1, 1, 1, 1, 1, 1]"
1867323,82832W080PKENGEN,"[18, 0]","[18, 0]",06:23:42,20260417,0.0,10822,"[27.6, 36.9, 38.7, 52.3, 61.7, 78.1, 97.6, 97.6, 86.9, 84.9, 13.6]",None,0.0,OK,None,,Null,"[1, 1, 1, 1, 1, 1, 1, 1, 1, 1, 1]"
1867322,8462284S00,"[362, 3]","[10, 0]",06:23:27,20260417,0.0,10823,"[12.3, 127.9, 128.2, 128.2, 128.4, 128.4, 127.6, 12.6, 793.7]",None,0.0,OK,None,7,00024533,"[1, 1, 1, 1, 1, 1, 1, 1, 1]"
1867321,82832W080PKENGEN,"[17, 0]","[17, 0]",06:23:21,20260417,0.0,10822,"[27.5, 36.9, 38.4, 52.1, 61.4, 78.6, 97.3, 97.8, 86.6, 85.0, 13.6]",None,0.0,OK,None,,Null,"[1, 1, 1, 1, 1, 1, 1, 1, 1, 1, 1]"
1867320,8462284S00,"[361, 3]","[9, 0]",06:23:15,20260417,0.0,10823,"[12.1, 127.6, 128.2, 128.9, 128.7, 128.1, 127.6, 12.4, 793.6]",None,0.0,OK,None,7,00024533,"[1, 1, 1, 1, 1, 1, 1, 1, 1]"
1867319,8462284S00,"[360, 3]","[8, 0]",06:23:06,20260417,0.0,10823,"[12.1, 127.9, 127.8, 128.6, 128.4, 128.4, 127.4, 12.8, 793.3]",None,0.0,OK,None,7,00024533,"[1, 1, 1, 1, 1, 1, 1, 1, 1]"
1867318,82832W080PKENGEN,"[16, 0]","[16, 0]",06:22:58,20260417,0.0,10822,"[27.5, 37.1, 38.7, 52.1, 61.4, 78.0, 98.0, 97.6, 86.9, 84.7, 13.6]",None,0.0,OK,None,,Null,"[1, 1, 1, 1, 1, 1, 1, 1, 1, 1, 1]"
1867317,8462284S00,"[359, 3]","[7, 0]",06:22:57,20260417,0.0,10823,"[12.7, 127.4, 127.9, 128.7, 128.2, 128.9, 128.1, 12.2, 794.1]",None,0.0,OK,None,7,00024533,"[1, 1, 1, 1, 1, 1, 1, 1, 1]"
1867316,8462284S00,"[358, 3]","[6, 0]",06:22:47,20260417,0.0,10823,"[12.4, 127.8, 128.2, 128.4, 128.7, 128.4, 127.6, 12.7, 794.2]",None,0.0,OK,None,7,00024533,"[1, 1, 1, 1, 1, 1, 1, 1, 1]"
1867315,82832W080PKENGEN,"[15, 0]","[15, 0]",06:22:41,20260417,0.0,10822,"[27.5, 37.1, 38.7, 52.6, 61.2, 77.7, 97.6, 97.8, 87.1, 85.0, 13.1]",None,0.0,OK,None,,Null,"[1, 1, 1, 1, 1, 1, 1, 1, 1, 1, 1]"
1867314,8462284S00,"[357, 3]","[5, 0]",06:22:39,20260417,0.0,10823,"[12.9, 127.4, 127.9, 128.7, 128.4, 128.4, 127.6, 12.2, 793.5]",None,0.0,OK,None,7,00024533,"[1, 1, 1, 1, 1, 1, 1, 1, 1]"
1867313,82832W080PKENGEN,"[14, 0]","[14, 0]",06:22:17,20260417,0.0,10822,"[27.5, 36.9, 38.8, 52.3, 61.7, 78.1, 97.8, 98.1, 86.8, 84.9, 13.6]",None,0.0,OK,None,,Null,"[1, 1, 1, 1, 1, 1, 1, 1, 1, 1, 1]"
1867312,82832W080PKENGEN,"[13, 0]","[13, 0]",06:21:49,20260417,0.0,10822,"[27.3, 37.2, 38.5, 52.1, 61.5, 78.1, 98.0, 98.0, 86.8, 85.2, 13.6]",None,0.0,OK,None,,Null,"[1, 1, 1, 1, 1, 1, 1, 1, 1, 1, 1]"
1867311,82832W080PKENGEN,"[12, 0]","[12, 0]",06:20:54,20260417,0.0,10822,"[27.6, 37.1, 38.5, 52.3, 61.8, 77.8, 98.0, 97.8, 87.1, 84.7, 13.8]",None,0.0,OK,None,,Null,"[1, 1, 1, 1, 1, 1, 1, 1, 1, 1, 1]"
1867310,82832W080PKENGEN,"[11, 0]","[11, 0]",06:20:25,20260417,0.0,10822,"[27.5, 36.9, 38.8, 52.3, 61.7, 77.8, 98.1, 98.0, 86.8, 84.9, 13.6]",None,0.0,OK,None,,Null,"[1, 1, 1, 1, 1, 1, 1, 1, 1, 1, 1]"
1867309,82832W080PKENGEN,"[10, 0]","[10, 0]",06:19:52,20260417,0.0,10822,"[27.5, 37.1, 38.7, 52.1, 61.5, 78.1, 97.8, 97.5, 86.9, 85.2, 13.4]",None,0.0,OK,None,,Null,"[1, 1, 1, 1, 1, 1, 1, 1, 1, 1, 1]"
1867308,82832W080PKENGEN,"[9, 0]","[9, 0]",06:19:05,20260417,0.0,10822,"[27.5, 37.1, 38.7, 51.9, 61.7, 78.3, 97.8, 97.8, 87.1, 84.7, 13.6]",None,0.0,OK,None,,Null,"[1, 1, 1, 1, 1, 1, 1, 1, 1, 1, 1]"
1867307,82832W080PKENGEN,"[8, 0]","[8, 0]",06:18:36,20260417,0.0,10822,"[27.6, 36.9, 38.4, 52.4, 61.8, 78.1, 97.8, 98.0, 86.9, 84.6, 13.8]",None,0.0,OK,None,,Null,"[1, 1, 1, 1, 1, 1, 1, 1, 1, 1, 1]"
1867306,82832W080PKENGEN,"[7, 0]","[7, 0]",06:18:12,20260417,0.0,10822,"[27.5, 37.1, 38.8, 52.3, 61.2, 78.5, 97.6, 97.8, 87.4, 84.7, 13.8]",None,0.0,OK,None,,Null,"[1, 1, 1, 1, 1, 1, 1, 1, 1, 1, 1]"
1867305,82832W080PKENGEN,"[6, 0]","[6, 0]",06:17:11,20260417,0.0,10822,"[27.6, 36.9, 38.0, 52.3, 61.7, 78.0, 97.5, 98.0, 86.5, 84.9, 13.5]",None,0.0,OK,None,,Null,"[1, 1, 1, 1, 1, 1, 1, 1, 1, 1, 1]"
1867304,8462284S00,"[356, 3]","[4, 0]",06:16:43,20260417,0.0,10823,"[12.3, 127.8, 128.1, 128.4, 128.4, 128.6, 127.4, 12.8, 793.7]",None,0.0,OK,None,7,00024533,"[1, 1, 1, 1, 1, 1, 1, 1, 1]"
1867303,8462284S00,"[355, 3]","[3, 0]",06:16:25,20260417,0.0,10823,"[12.3, 127.9, 128.1, 128.6, 128.7, 128.6, 127.9, 12.5, 794.6]",None,0.0,OK,None,7,00024533,"[1, 1, 1, 1, 1, 1, 1, 1, 1]"
1867302,8462284S00,"[354, 3]","[2, 0]",06:16:16,20260417,0.0,10823,"[12.6, 127.9, 128.1, 128.2, 128.6, 128.9, 127.4, 12.7, 794.5]",None,0.0,OK,None,7,00024533,"[1, 1, 1, 1, 1, 1, 1, 1, 1]"
1867301,8462284S00,"[353, 3]","[1, 0]",06:16:03,20260417,0.0,10823,"[12.0, 127.9, 128.1, 128.6, 128.2, 128.6, 127.4, 12.1, 793.0]",None,0.0,OK,None,7,00024533,"[1, 1, 1, 1, 1, 1, 1, 1, 1]"
1867300,82832W080PKENGEN,"[5, 0]","[5, 0]",06:13:22,20260417,0.0,10822,"[27.5, 37.1, 38.2, 52.1, 61.4, 78.1, 97.8, 97.8, 86.9, 85.2, 13.3]",None,0.0,OK,None,,Null,"[1, 1, 1, 1, 1, 1, 1, 1, 1, 1, 1]"
1867299,82832W080PKENGEN,"[4, 0]","[4, 0]",06:12:55,20260417,0.0,10822,"[27.3, 36.8, 38.7, 52.3, 61.4, 78.0, 97.8, 97.6, 86.9, 84.7, 13.6]",None,0.0,OK,None,,Null,"[1, 1, 1, 1, 1, 1, 1, 1, 1, 1, 1]"
1867298,82832W080PKENGEN,"[3, 0]","[3, 0]",06:12:12,20260417,0.0,10822,"[27.2, 36.9, 38.0, 51.9, 61.5, 78.3, 98.0, 98.0, 86.9, 84.5, 13.6]",None,0.0,OK,None,,Null,"[1, 1, 1, 1, 1, 1, 1, 1, 1, 1, 1]"
1867297,82832W080PKENGEN,"[2, 0]","[2, 0]",06:11:44,20260417,0.0,10822,"[27.6, 36.9, 38.7, 52.3, 61.7, 78.6, 97.8, 97.8, 86.8, 84.4, 13.6]",None,0.0,OK,None,,Null,"[1, 1, 1, 1, 1, 1, 1, 1, 1, 1, 1]"
1867296,82832W080PKENGEN,"[1, 0]","[1, 0]",06:10:56,20260417,0.0,10822,"[27.5, 36.9, 38.2, 52.3, 61.7, 78.0, 97.3, 97.8, 86.8, 84.7, 13.8]",None,0.0,OK,None,,Null,"[1, 1, 1, 1, 1, 1, 1, 1, 1, 1, 1]"
1867295,dailyTenken03,"[1, 0]","[149, 1]",06:09:17,20260417,0.0,10823,[100.10939164533862],None,0.0,OK,,7,Null,[]
1867294,82833W090PCLIPSOUNYUUKI,"[1, 1]","[260, 121]",06:09:17,20260417,0.0,None,"[86.6, 98.3, 98.8, 77.7, 61.0, 51.9, 37.6, 36.3, 28.1]",None,0.0,OK,None,,None,"[1, 1, 1, 1, 1, 1, 1, 1, 1]"
1867293,dailyTenken02,"[1, 0]","[159, 5]",06:08:55,20260417,0.0,10823,[99.82512766506939],None,0.0,OK,,7,Null,[]
1867292,dailyTenken01,"[1, 0]","[191, 28]",06:08:35,20260417,0.0,10823,[99.9227803589942],None,0.0,OK,,7,Null,[]
1867291,808387UA0A,"[70, 7]","[0, 0]",06:00:10,20260417,0.0,10820,COUNTERRESET,COUNTERRESET,0.0,COUNTERRESET,COUNTERRESET,,Null,COUNTERRESET
1867290,808397UA0A,"[70, 4]","[0, 0]",06:00:08,20260417,0.0,10820,COUNTERRESET,COUNTERRESET,0.0,COUNTERRESET,COUNTERRESET,,Null,COUNTERRESET
1867289,8462284S00,"[352, 3]","[0, 0]",05:57:31,20260417,0.0,10825,COUNTERRESET,COUNTERRESET,0.0,COUNTERRESET,COUNTERRESET,COUNTERRESET,COUNTERRESET,COUNTERRESET
1867288,8462284S00,"[352, 3]","[570, 20]",05:57:29,20260417,0.0,10825,MANUAL,MANUAL,0.0,MANUAL,MANUAL,MANUAL,Null,MANUAL
1867287,8462284S00,"[352, 3]","[570, 20]",05:57:27,20260417,0.0,10825,MANUAL,MANUAL,0.0,MANUAL,MANUAL,MANUAL,Null,MANUAL
1867286,8462284S00,"[352, 3]","[570, 20]",05:57:26,20260417,0.0,10825,MANUAL,MANUAL,0.0,MANUAL,MANUAL,MANUAL,Null,MANUAL
1867285,8462284S00,"[352, 13]","[570, 30]",05:53:26,20260417,0.0,10825,"[12.7, 127.6, 127.6, 127.4, 128.4, 128.4, 127.1, 12.2, 791.4]",None,0.0,OK,None,7,24513,"[1, 1, 1, 1, 1, 1, 1, 1, 1]"
1867284,8462284S00,"[351, 13]","[569, 30]",05:53:09,20260417,0.0,10825,"[12.7, 127.1, 127.8, 127.9, 128.2, 127.9, 127.6, 11.6, 790.8]",None,0.0,OK,None,7,24513,"[1, 1, 1, 1, 1, 1, 1, 1, 1]"
1867283,8462284S00,"[350, 13]","[568, 30]",05:52:52,20260417,0.0,10825,"[12.9, 127.9, 127.4, 127.9, 128.4, 128.2, 127.3, 12.0, 792.0]",None,0.0,OK,None,7,24513,"[1, 1, 1, 1, 1, 1, 1, 1, 1]"
1867282,8462284S00,"[349, 13]","[567, 30]",05:52:30,20260417,0.0,10825,"[12.6, 127.6, 127.4, 128.7, 127.3, 127.9, 127.1, 12.1, 790.8]",None,0.0,OK,None,7,24513,"[1, 1, 1, 1, 1, 1, 1, 1, 1]"
1867281,8462284S00,"[348, 13]","[566, 30]",05:52:24,20260417,0.0,10825,"[12.5, 127.3, 127.8, 127.9, 128.1, 128.1, 127.3, 12.4, 791.3]",None,0.0,OK,None,7,24513,"[1, 1, 1, 1, 1, 1, 1, 1, 1]"
1867280,8462284S00,"[347, 13]","[565, 30]",05:52:17,20260417,0.0,10825,"[12.6, 127.1, 127.9, 128.2, 127.4, 128.6, 127.1, 11.7, 790.7]",None,0.0,OK,None,7,24513,"[1, 1, 1, 1, 1, 1, 1, 1, 1]"
1867279,8462284S00,"[346, 13]","[564, 30]",05:52:10,20260417,0.0,10825,"[12.6, 127.4, 127.4, 128.4, 127.8, 128.2, 127.3, 12.2, 791.4]",None,0.0,OK,None,7,24513,"[1, 1, 1, 1, 1, 1, 1, 1, 1]"
1867278,8462284S00,"[345, 13]","[563, 30]",05:52:03,20260417,0.0,10825,"[12.4, 127.8, 127.6, 128.2, 127.9, 127.9, 127.1, 12.1, 791.1]",None,0.0,OK,None,7,24513,"[1, 1, 1, 1, 1, 1, 1, 1, 1]"
1867277,8462284S00,"[344, 13]","[562, 30]",05:51:52,20260417,0.0,10825,"[12.6, 127.1, 127.9, 127.4, 128.4, 127.8, 127.4, 12.0, 790.7]",None,0.0,OK,None,7,24513,"[1, 1, 1, 1, 1, 1, 1, 1, 1]"
1867276,8462284S00,"[343, 13]","[561, 30]",05:51:46,20260417,0.0,10825,"[13.0, 127.3, 127.8, 127.9, 128.1, 128.1, 127.4, 11.8, 791.4]",None,0.0,OK,None,7,24513,"[1, 1, 1, 1, 1, 1, 1, 1, 1]"
1867275,8462284S00,"[342, 13]","[560, 30]",05:50:56,20260417,0.0,10825,"[11.9, 127.5, 128.4, 127.0, 128.7, 128.1, 127.4, 13.1, 792.1]",None,0.0,OK,None,7,24513,"[1, 1, 1, 1, 1, 1, 1, 1, 1]"
1867274,8462284S00,"[341, 13]","[559, 30]",05:50:44,20260417,0.0,10825,"[12.0, 127.3, 128.6, 127.0, 128.4, 128.2, 127.5, 13.1, 792.0]",None,0.0,OK,None,7,24513,"[1, 1, 1, 1, 1, 1, 1, 1, 1]"
1867273,8462284S00,"[340, 13]","[558, 30]",05:50:39,20260417,0.0,10825,"[12.8, 127.3, 127.8, 127.9, 127.9, 128.4, 127.4, 12.2, 791.7]",None,0.0,OK,None,7,24513,"[1, 1, 1, 1, 1, 1, 1, 1, 1]"
1867272,8462284S00,"[339, 13]","[557, 30]",05:50:31,20260417,0.0,10825,"[11.9, 127.5, 128.6, 126.6, 128.7, 128.4, 127.4, 12.9, 792.0]",None,0.0,OK,None,7,24513,"[1, 1, 1, 1, 1, 1, 1, 1, 1]"
1867271,8462284S00,"[338, 13]","[556, 30]",05:50:23,20260417,0.0,10825,"[13.0, 127.4, 127.8, 128.1, 128.1, 128.4, 127.0, 12.2, 791.9]",None,0.0,OK,None,7,24513,"[1, 1, 1, 1, 1, 1, 1, 1, 1]"
1867270,8462284S00,"[337, 13]","[555, 30]",05:50:15,20260417,0.0,10825,"[12.8, 127.4, 127.9, 127.6, 128.6, 127.9, 127.4, 12.2, 791.9]",None,0.0,OK,None,7,24513,"[1, 1, 1, 1, 1, 1, 1, 1, 1]"
1867269,8462284S00,"[336, 13]","[554, 30]",05:50:06,20260417,0.0,10825,"[12.5, 127.5, 127.6, 127.8, 128.4, 128.1, 127.0, 12.1, 790.9]",None,0.0,OK,None,7,24513,"[1, 1, 1, 1, 1, 1, 1, 1, 1]"
1867268,8462284S00,"[335, 13]","[553, 30]",05:49:58,20260417,0.0,10825,"[13.0, 127.6, 127.4, 128.1, 128.2, 127.9, 127.6, 12.2, 792.1]",None,0.0,OK,None,7,24513,"[1, 1, 1, 1, 1, 1, 1, 1, 1]"
1867267,8462284S00,"[334, 13]","[552, 30]",05:49:50,20260417,0.0,10825,"[12.6, 127.4, 128.1, 127.8, 128.4, 128.1, 127.4, 12.7, 792.5]",None,0.0,OK,None,7,24513,"[1, 1, 1, 1, 1, 1, 1, 1, 1]"
1867266,8462284S00,"[333, 13]","[551, 30]",05:49:39,20260417,0.0,10825,"[12.7, 127.3, 128.1, 128.1, 127.9, 128.2, 127.5, 12.0, 791.8]",None,0.0,OK,None,7,24513,"[1, 1, 1, 1, 1, 1, 1, 1, 1]"
1867265,8462284S00,"[332, 13]","[550, 30]",05:47:12,20260417,0.0,10825,"[12.8, 127.3, 127.8, 127.9, 127.8, 128.2, 127.3, 12.2, 791.3]",None,0.0,OK,None,7,24513,"[1, 1, 1, 1, 1, 1, 1, 1, 1]"
1867264,8462284S00,"[331, 13]","[549, 30]",05:46:41,20260417,0.0,10825,"[12.7, 127.1, 127.6, 127.8, 128.6, 128.7, 127.1, 12.0, 791.6]",None,0.0,OK,None,7,24513,"[1, 1, 1, 1, 1, 1, 1, 1, 1]"
1867263,8462284S00,"[330, 13]","[548, 30]",05:46:25,20260417,0.0,10825,"[12.2, 127.3, 128.4, 128.1, 128.1, 128.4, 127.6, 12.6, 792.7]",None,0.0,OK,None,7,24513,"[1, 1, 1, 1, 1, 1, 1, 1, 1]"
1867262,8462284S00,"[329, 13]","[547, 30]",05:45:37,20260417,0.0,10825,"[12.0, 127.5, 128.1, 127.4, 128.7, 128.2, 127.8, 12.6, 792.3]",None,0.0,OK,None,7,24513,"[1, 1, 1, 1, 1, 1, 1, 1, 1]"
1867261,8462284S00,"[328, 13]","[546, 30]",05:43:32,20260417,0.0,10825,"[12.6, 127.6, 128.4, 127.4, 128.7, 128.2, 128.0, 12.9, 793.9]",None,0.0,OK,None,7,24513,"[1, 1, 1, 1, 1, 1, 1, 1, 1]"
1867260,8462284S00,"[327, 13]","[545, 30]",05:42:58,20260417,0.0,10825,"[12.4, 127.6, 128.4, 127.1, 128.9, 128.4, 127.9, 12.6, 793.4]",None,0.0,OK,None,7,24513,"[1, 1, 1, 1, 1, 1, 1, 1, 1]"
1867259,8462284S00,"[326, 13]","[544, 30]",05:42:22,20260417,0.0,10825,"[12.3, 127.8, 128.2, 127.1, 128.7, 128.2, 127.9, 13.1, 793.4]",None,0.0,OK,None,7,24513,"[1, 1, 1, 1, 1, 1, 1, 1, 1]"
1867258,8462284S00,"[325, 13]","[543, 30]",05:41:53,20260417,0.0,10825,"[12.0, 127.4, 128.7, 127.1, 128.4, 128.3, 128.1, 12.6, 792.7]",None,0.0,OK,None,7,24513,"[1, 1, 1, 1, 1, 1, 1, 1, 1]"
1867257,8462284S00,"[324, 13]","[542, 30]",05:41:23,20260417,0.0,10825,"[12.1, 127.5, 128.6, 127.1, 128.6, 128.1, 127.9, 12.6, 792.4]",None,0.0,OK,None,7,24513,"[1, 1, 1, 1, 1, 1, 1, 1, 1]"
1867256,8462284S00,"[323, 13]","[541, 30]",05:40:52,20260417,0.0,10825,"[12.5, 127.3, 128.4, 127.8, 128.7, 128.2, 128.1, 12.5, 793.4]",None,0.0,OK,None,7,24513,"[1, 1, 1, 1, 1, 1, 1, 1, 1]"
1867255,808387UA0A,"[70, 7]","[70, 7]",05:40:06,20260417,0.0,10820,"[14.6, 122.0, 121.6, 80.2, 79.4, 122.8, 122.8, 14.4, 36.5, 40.7]",None,0.0,OK,,,None,"[1, 1, 1, 1, 1, 1, 1, 1, 1, 1]"
1867254,808387UA0A,"[70, 7]","[70, 7]",05:40:06,20260417,0.0,10820,"[15.0, 121.8, 121.2, 80.0, 80.4, 121.8, 123.0, 14.4, 36.5, 40.7]",None,0.0,OK,,,None,"[1, 1, 1, 1, 1, 1, 1, 1, 1, 1]"
1867253,808387UA0A,"[70, 7]","[70, 7]",05:40:05,20260417,0.0,10820,"[14.6, 122.0, 121.4, 80.4, 80.6, 121.8, 123.2, 14.2, 37.7, 39.5]",None,0.0,OK,,,None,"[1, 1, 1, 1, 1, 1, 1, 1, 1, 1]"
1867252,808387UA0A,"[70, 7]","[70, 7]",05:40:05,20260417,0.0,10820,"[14.6, 122.2, 121.6, 80.2, 80.2, 122.2, 122.8, 14.6, 37.1, 40.1]",None,0.0,OK,,,None,"[1, 1, 1, 1, 1, 1, 1, 1, 1, 1]"
1867251,808387UA0A,"[70, 7]","[70, 7]",05:40:05,20260417,0.0,10820,"[14.8, 121.8, 121.4, 80.4, 80.4, 122.4, 122.8, 14.4, 37.0, 40.5]",None,0.0,OK,,,None,"[1, 1, 1, 1, 1, 1, 1, 1, 1, 1]"
1867250,8462284S00,"[322, 13]","[540, 30]",05:39:47,20260417,0.0,10825,"[11.7, 127.7, 128.6, 127.0, 128.9, 128.1, 127.8, 12.9, 792.5]",None,0.0,OK,None,7,24513,"[1, 1, 1, 1, 1, 1, 1, 1, 1]"
1867249,8462284S00,"[321, 13]","[539, 30]",05:38:54,20260417,0.0,10825,"[12.0, 127.4, 128.7, 127.8, 128.6, 128.1, 127.8, 13.0, 793.3]",None,0.0,OK,None,7,24513,"[1, 1, 1, 1, 1, 1, 1, 1, 1]"
1867248,8462284S00,"[320, 13]","[538, 30]",05:38:22,20260417,0.0,10825,"[12.3, 127.6, 128.4, 127.3, 128.6, 128.1, 127.6, 12.8, 792.6]",None,0.0,OK,None,7,24513,"[1, 1, 1, 1, 1, 1, 1, 1, 1]"
1867247,808397UA0A,"[70, 4]","[70, 4]",05:38:16,20260417,0.0,10820,"[15.8, 122.6, 122.0, 80.0, 81.2, 121.8, 123.2, 15.4, 37.5, 40.1]",None,0.0,OK,,,None,"[1, 1, 1, 1, 1, 1, 1, 1, 1, 1]"
1867246,808397UA0A,"[70, 4]","[70, 4]",05:38:16,20260417,0.0,10820,"[16.0, 122.8, 120.6, 81.0, 80.3, 121.8, 123.2, 15.2, 38.4, 40.3]",None,0.0,OK,,,None,"[1, 1, 1, 1, 1, 1, 1, 1, 1, 1]"
1867245,808397UA0A,"[70, 4]","[70, 4]",05:38:15,20260417,0.0,10820,"[16.0, 122.6, 120.4, 80.6, 80.6, 121.8, 123.2, 15.4, 37.7, 41.3]",None,0.0,OK,,,None,"[1, 1, 1, 1, 1, 1, 1, 1, 1, 1]"
1867243,808397UA0A,"[70, 4]","[70, 4]",05:38:15,20260417,0.0,10820,"[16.4, 122.0, 121.4, 80.8, 80.4, 121.6, 122.8, 15.2, 37.8, 41.3]",None,0.0,OK,,,None,"[1, 1, 1, 1, 1, 1, 1, 1, 1, 1]"
1867244,808397UA0A,"[70, 4]","[70, 4]",05:38:15,20260417,0.0,10820,"[16.2, 122.6, 121.2, 80.6, 80.6, 121.4, 123.4, 14.8, 37.8, 41.1]",None,0.0,OK,,,None,"[1, 1, 1, 1, 1, 1, 1, 1, 1, 1]"
1867242,8462284S00,"[319, 13]","[537, 30]",05:37:53,20260417,0.0,10825,"[12.1, 127.6, 128.4, 127.2, 128.6, 127.9, 127.9, 13.0, 792.7]",None,0.0,OK,None,7,24513,"[1, 1, 1, 1, 1, 1, 1, 1, 1]"
1867241,8462284S00,"[318, 13]","[536, 30]",05:37:15,20260417,0.0,10825,"[12.4, 127.6, 128.7, 127.1, 128.7, 127.9, 127.8, 12.8, 793.0]",None,0.0,OK,None,7,24513,"[1, 1, 1, 1, 1, 1, 1, 1, 1]"
1867240,8462284S00,"[317, 13]","[535, 30]",05:36:40,20260417,0.0,10825,"[12.0, 127.8, 128.7, 127.3, 128.7, 128.4, 127.6, 13.2, 793.6]",None,0.0,OK,None,7,24513,"[1, 1, 1, 1, 1, 1, 1, 1, 1]"
1867239,8462284S00,"[316, 13]","[534, 30]",05:36:09,20260417,0.0,10825,"[12.2, 127.3, 128.4, 127.1, 128.7, 128.1, 127.4, 12.7, 791.9]",None,0.0,OK,None,7,24513,"[1, 1, 1, 1, 1, 1, 1, 1, 1]"
1867238,808387UA0A,"[65, 7]","[65, 7]",05:35:49,20260417,0.0,10820,"[15.0, 121.8, 121.4, 80.2, 80.2, 122.0, 123.2, 14.6, 36.8, 40.5]",None,0.0,OK,,,None,"[1, 1, 1, 1, 1, 1, 1, 1, 1, 1]"
1867237,808387UA0A,"[65, 7]","[65, 7]",05:35:49,20260417,0.0,10820,"[15.2, 121.4, 121.0, 80.6, 79.6, 122.8, 123.0, 14.2, 37.0, 39.9]",None,0.0,OK,,,None,"[1, 1, 1, 1, 1, 1, 1, 1, 1, 1]"
1867236,808387UA0A,"[65, 7]","[65, 7]",05:35:49,20260417,0.0,10820,"[14.6, 122.0, 121.2, 80.0, 80.8, 122.0, 122.8, 14.4, 38.1, 39.9]",None,0.0,OK,,,None,"[1, 1, 1, 1, 1, 1, 1, 1, 1, 1]"
1867235,808387UA0A,"[65, 7]","[65, 7]",05:35:49,20260417,0.0,10820,"[14.4, 122.4, 121.2, 80.6, 81.0, 122.2, 123.2, 14.4, 37.1, 40.1]",None,0.0,OK,,,None,"[1, 1, 1, 1, 1, 1, 1, 1, 1, 1]"
1867234,808387UA0A,"[65, 7]","[65, 7]",05:35:48,20260417,0.0,10820,"[14.4, 122.2, 121.6, 80.6, 80.6, 122.4, 123.2, 14.6, 37.2, 41.3]",None,0.0,OK,,,None,"[1, 1, 1, 1, 1, 1, 1, 1, 1, 1]"
1867233,8462284S00,"[315, 13]","[533, 30]",05:35:39,20260417,0.0,10825,"[12.0, 127.8, 128.7, 127.6, 127.9, 128.4, 127.8, 12.8, 793.0]",None,0.0,OK,None,7,24513,"[1, 1, 1, 1, 1, 1, 1, 1, 1]"
1867232,8462284S00,"[314, 13]","[532, 30]",05:34:51,20260417,0.0,10825,"[11.9, 127.6, 128.2, 127.4, 128.6, 128.1, 128.1, 13.0, 792.9]",None,0.0,OK,None,7,24513,"[1, 1, 1, 1, 1, 1, 1, 1, 1]"
1867229,808397UA0A,"[65, 4]","[65, 4]",05:34:06,20260417,0.0,10820,None,None,0.0,NOPART,None,,None,None
1867230,808397UA0A,"[65, 4]","[65, 4]",05:34:06,20260417,0.0,10820,None,None,0.0,NOPART,None,,None,None
1867231,808397UA0A,"[65, 4]","[65, 4]",05:34:06,20260417,0.0,10820,"[16.0, 122.6, 122.2, 80.4, 80.2, 122.6, 123.4, 14.8, 38.4, 40.3]",None,0.0,OK,,,None,"[1, 1, 1, 1, 1, 1, 1, 1, 1, 1]"
1867228,808397UA0A,"[65, 4]","[65, 4]",05:34:05,20260417,0.0,10820,None,None,0.0,NOPART,None,,None,None
1867227,808397UA0A,"[65, 4]","[65, 4]",05:34:05,20260417,0.0,10820,None,None,0.0,NOPART,None,,None,None
1867226,8462284S00,"[313, 13]","[531, 30]",05:33:52,20260417,0.0,10825,"[12.0, 128.0, 128.7, 127.6, 128.1, 128.6, 127.9, 12.5, 793.4]",None,0.0,OK,None,7,24513,"[1, 1, 1, 1, 1, 1, 1, 1, 1]"
1867225,808397UA0A,"[64, 4]","[64, 4]",05:33:17,20260417,0.0,10820,"[15.8, 123.0, 121.0, 81.0, 80.8, 122.4, 123.4, 15.0, 37.5, 40.3]",None,0.0,OK,,,None,"[1, 1, 1, 1, 1, 1, 1, 1, 1, 1]"
1867224,808397UA0A,"[64, 4]","[64, 4]",05:33:17,20260417,0.0,10820,"[15.8, 123.2, 122.0, 80.2, 80.0, 122.4, 123.0, 15.4, 38.0, 40.3]",None,0.0,OK,,,None,"[1, 1, 1, 1, 1, 1, 1, 1, 1, 1]"
1867223,808397UA0A,"[64, 4]","[64, 4]",05:33:17,20260417,0.0,10820,"[15.8, 123.2, 121.0, 80.8, 80.8, 121.6, 123.2, 15.2, 36.7, 41.5]",None,0.0,OK,,,None,"[1, 1, 1, 1, 1, 1, 1, 1, 1, 1]"
1867222,808397UA0A,"[64, 4]","[64, 4]",05:33:17,20260417,0.0,10820,"[0, 0, 0, 0, 0, 0, 0, 0, 0, 0]",None,0.0,NG,CLIP MISMATCH,,None,"[0, 0, 0, 0, 0, 0, 0, 0, 0, 0]"
1867221,808397UA0A,"[64, 4]","[64, 4]",05:33:15,20260417,0.0,10820,"[15.6, 123.0, 121.6, 80.2, 80.8, 121.4, 122.8, 15.2, 36.1, 41.5]",None,0.0,OK,,,None,"[1, 1, 1, 1, 1, 1, 1, 1, 1, 1]"
1867220,8462284S00,"[312, 13]","[530, 30]",05:32:37,20260417,0.0,10825,"[12.8, 127.6, 128.1, 127.0, 128.6, 128.7, 127.9, 12.4, 793.0]",None,0.0,OK,None,7,24513,"[1, 1, 1, 1, 1, 1, 1, 1, 1]"
1867219,8462284S00,"[311, 13]","[529, 30]",05:31:39,20260417,0.0,10825,"[12.2, 127.8, 128.4, 127.3, 128.6, 128.2, 127.6, 12.6, 792.6]",None,0.0,OK,None,7,24513,"[1, 1, 1, 1, 1, 1, 1, 1, 1]"
1867215,808387UA0A,"[60, 7]","[60, 7]",05:31:13,20260417,0.0,10820,"[14.8, 122.0, 121.4, 80.4, 79.8, 122.8, 123.2, 14.4, 36.8, 40.5]",None,0.0,OK,,,None,"[1, 1, 1, 1, 1, 1, 1, 1, 1, 1]"
1867216,808387UA0A,"[60, 7]","[60, 7]",05:31:13,20260417,0.0,10820,"[15.0, 122.0, 121.2, 80.2, 79.6, 122.6, 123.0, 14.4, 37.5, 40.1]",None,0.0,OK,,,None,"[1, 1, 1, 1, 1, 1, 1, 1, 1, 1]"
1867218,808387UA0A,"[60, 7]","[60, 7]",05:31:13,20260417,0.0,10820,"[15.0, 121.8, 121.6, 80.2, 80.2, 122.2, 123.0, 14.2, 37.1, 40.3]",None,0.0,OK,,,None,"[1, 1, 1, 1, 1, 1, 1, 1, 1, 1]"
1867217,808387UA0A,"[60, 7]","[60, 7]",05:31:13,20260417,0.0,10820,"[15.0, 121.8, 121.2, 80.0, 80.4, 122.6, 123.0, 14.2, 36.5, 40.7]",None,0.0,OK,,,None,"[1, 1, 1, 1, 1, 1, 1, 1, 1, 1]"
1867214,808387UA0A,"[60, 7]","[60, 7]",05:31:12,20260417,0.0,10820,"[14.8, 122.0, 121.2, 80.4, 80.2, 122.0, 122.8, 14.4, 36.9, 40.7]",None,0.0,OK,,,None,"[1, 1, 1, 1, 1, 1, 1, 1, 1, 1]"
1867213,8462284S00,"[310, 13]","[528, 30]",05:31:07,20260417,0.0,10825,"[11.9, 127.6, 128.4, 127.3, 128.6, 128.4, 128.2, 12.4, 792.7]",None,0.0,OK,None,7,24513,"[1, 1, 1, 1, 1, 1, 1, 1, 1]"
1867212,8462284S00,"[309, 13]","[527, 30]",05:30:36,20260417,0.0,10825,"[12.4, 127.6, 128.6, 127.8, 128.2, 128.4, 127.8, 12.9, 793.6]",None,0.0,OK,None,7,24513,"[1, 1, 1, 1, 1, 1, 1, 1, 1]"
1867211,8462284S00,"[308, 13]","[526, 30]",05:30:03,20260417,0.0,10825,"[12.0, 127.6, 128.6, 128.1, 128.2, 128.4, 128.1, 12.6, 793.6]",None,0.0,OK,None,7,24513,"[1, 1, 1, 1, 1, 1, 1, 1, 1]"
1867210,8462284S00,"[307, 13]","[525, 30]",05:29:32,20260417,0.0,10825,"[11.9, 128.0, 128.4, 127.6, 128.7, 128.1, 127.9, 12.8, 793.5]",None,0.0,OK,None,7,24513,"[1, 1, 1, 1, 1, 1, 1, 1, 1]"
1867209,808397UA0A,"[60, 3]","[60, 3]",05:29:07,20260417,0.0,10820,"[15.6, 123.2, 122.0, 81.0, 80.8, 122.4, 123.0, 15.6, 37.0, 39.7]",None,0.0,OK,,,None,"[1, 1, 1, 1, 1, 1, 1, 1, 1, 1]"
1867208,808397UA0A,"[60, 3]","[60, 3]",05:29:06,20260417,0.0,10820,"[15.2, 123.2, 121.8, 80.8, 81.2, 122.2, 123.2, 15.2, 37.0, 40.7]",None,0.0,OK,,,None,"[1, 1, 1, 1, 1, 1, 1, 1, 1, 1]"
1867207,808397UA0A,"[60, 3]","[60, 3]",05:29:06,20260417,0.0,10820,"[15.8, 122.6, 121.0, 81.2, 80.6, 121.8, 123.2, 14.8, 36.7, 41.1]",None,0.0,OK,,,None,"[1, 1, 1, 1, 1, 1, 1, 1, 1, 1]"
1867206,808397UA0A,"[60, 3]","[60, 3]",05:29:06,20260417,0.0,10820,"[16.0, 122.8, 121.4, 80.4, 80.8, 121.8, 123.0, 15.2, 37.0, 41.3]",None,0.0,OK,,,None,"[1, 1, 1, 1, 1, 1, 1, 1, 1, 1]"
1867205,808397UA0A,"[60, 3]","[60, 3]",05:29:06,20260417,0.0,10820,"[15.2, 123.4, 122.0, 80.2, 80.6, 122.0, 123.2, 15.2, 37.1, 42.1]",None,0.0,OK,,,None,"[1, 1, 1, 1, 1, 1, 1, 1, 1, 1]"
1867204,8462284S00,"[306, 13]","[524, 30]",05:28:58,20260417,0.0,10825,"[11.9, 127.6, 128.7, 127.5, 128.6, 128.4, 127.6, 12.8, 793.0]",None,0.0,OK,None,7,24513,"[1, 1, 1, 1, 1, 1, 1, 1, 1]"
1867203,8462284S00,"[305, 13]","[523, 30]",05:28:27,20260417,0.0,10825,"[12.1, 127.9, 128.4, 127.9, 128.4, 128.2, 127.9, 13.0, 793.8]",None,0.0,OK,None,7,24513,"[1, 1, 1, 1, 1, 1, 1, 1, 1]"
1867202,8462284S00,"[304, 13]","[522, 30]",05:27:58,20260417,0.0,10825,"[11.8, 127.9, 128.4, 127.4, 128.4, 128.6, 127.8, 12.8, 793.0]",None,0.0,OK,None,7,24513,"[1, 1, 1, 1, 1, 1, 1, 1, 1]"
1867201,8462284S00,"[303, 13]","[521, 30]",05:27:32,20260417,0.0,10825,"[12.1, 127.8, 128.7, 127.4, 128.7, 128.6, 127.8, 12.7, 793.7]",None,0.0,OK,None,7,24513,"[1, 1, 1, 1, 1, 1, 1, 1, 1]"
1867198,808387UA0A,"[55, 7]","[55, 7]",05:27:03,20260417,0.0,10820,"[14.6, 122.0, 121.4, 80.4, 81.2, 121.2, 123.0, 14.4, 37.6, 40.3]",None,0.0,OK,,,None,"[1, 1, 1, 1, 1, 1, 1, 1, 1, 1]"
1867197,808387UA0A,"[55, 7]","[55, 7]",05:27:03,20260417,0.0,10820,"[15.0, 122.2, 121.6, 80.4, 80.0, 122.8, 123.2, 14.2, 36.5, 40.5]",None,0.0,OK,,,None,"[1, 1, 1, 1, 1, 1, 1, 1, 1, 1]"
1867196,808387UA0A,"[55, 7]","[55, 7]",05:27:03,20260417,0.0,10820,"[15.0, 122.0, 121.4, 80.4, 79.8, 123.0, 123.2, 14.2, 37.0, 40.9]",None,0.0,OK,,,None,"[1, 1, 1, 1, 1, 1, 1, 1, 1, 1]"
1867200,808387UA0A,"[55, 7]","[55, 7]",05:27:03,20260417,0.0,10820,"[15.0, 121.8, 121.2, 80.1, 80.4, 121.8, 122.8, 14.8, 36.9, 40.7]",None,0.0,OK,,,None,"[1, 1, 1, 1, 1, 1, 1, 1, 1, 1]"
1867199,808387UA0A,"[55, 7]","[55, 7]",05:27:03,20260417,0.0,10820,"[14.8, 121.6, 121.6, 80.2, 81.0, 122.0, 123.0, 14.4, 36.6, 40.5]",None,0.0,OK,,,None,"[1, 1, 1, 1, 1, 1, 1, 1, 1, 1]"
1867195,8462284S00,"[302, 13]","[520, 30]",05:26:40,20260417,0.0,10825,"[12.1, 127.5, 128.4, 128.1, 128.2, 128.2, 127.6, 12.3, 792.4]",None,0.0,OK,None,7,24513,"[1, 1, 1, 1, 1, 1, 1, 1, 1]"
1867194,8462284S00,"[301, 13]","[519, 30]",05:26:08,20260417,0.0,10825,"[11.9, 128.1, 128.6, 127.6, 128.9, 128.2, 127.6, 12.7, 793.6]",None,0.0,OK,None,7,24513,"[1, 1, 1, 1, 1, 1, 1, 1, 1]"
1867193,8462284S00,"[300, 13]","[518, 30]",05:25:37,20260417,0.0,10825,"[12.2, 127.8, 128.4, 127.4, 128.6, 128.1, 127.4, 13.0, 792.8]",None,0.0,OK,None,7,24513,"[1, 1, 1, 1, 1, 1, 1, 1, 1]"
1867192,8462284S00,"[299, 13]","[517, 30]",05:25:01,20260417,0.0,10825,"[12.2, 128.0, 128.4, 127.0, 129.0, 128.4, 127.9, 12.3, 793.1]",None,0.0,OK,None,7,24513,"[1, 1, 1, 1, 1, 1, 1, 1, 1]"
1867190,808397UA0A,"[55, 3]","[55, 3]",05:24:37,20260417,0.0,10820,"[15.4, 123.2, 121.0, 81.4, 80.4, 122.4, 123.2, 15.4, 37.7, 40.5]",None,0.0,OK,,,None,"[1, 1, 1, 1, 1, 1, 1, 1, 1, 1]"
1867188,808397UA0A,"[55, 3]","[55, 3]",05:24:37,20260417,0.0,10820,"[15.6, 123.0, 121.4, 81.2, 81.0, 122.2, 122.8, 15.0, 37.2, 41.3]",None,0.0,OK,,,None,"[1, 1, 1, 1, 1, 1, 1, 1, 1, 1]"
1867189,808397UA0A,"[55, 3]","[55, 3]",05:24:37,20260417,0.0,10820,"[15.6, 123.2, 121.0, 80.8, 80.6, 121.8, 122.8, 15.6, 36.6, 40.9]",None,0.0,OK,,,None,"[1, 1, 1, 1, 1, 1, 1, 1, 1, 1]"
1867191,808397UA0A,"[55, 3]","[55, 3]",05:24:37,20260417,0.0,10820,"[15.6, 122.4, 121.8, 80.8, 81.2, 121.6, 123.8, 15.2, 37.6, 40.1]",None,0.0,OK,,,None,"[1, 1, 1, 1, 1, 1, 1, 1, 1, 1]"
1867187,808397UA0A,"[55, 3]","[55, 3]",05:24:36,20260417,0.0,10820,"[15.4, 123.0, 121.6, 80.6, 80.8, 122.4, 122.6, 15.8, 36.3, 40.7]",None,0.0,OK,,,None,"[1, 1, 1, 1, 1, 1, 1, 1, 1, 1]"
1867186,8462284S00,"[298, 13]","[516, 30]",05:24:29,20260417,0.0,10825,"[12.3, 127.8, 128.6, 127.0, 128.6, 128.2, 127.6, 12.6, 792.5]",None,0.0,OK,None,7,24513,"[1, 1, 1, 1, 1, 1, 1, 1, 1]"
1867185,8462284S00,"[297, 13]","[515, 30]",05:23:58,20260417,0.0,10825,"[12.0, 127.9, 128.6, 127.4, 128.7, 128.2, 127.8, 12.8, 793.4]",None,0.0,OK,None,7,24513,"[1, 1, 1, 1, 1, 1, 1, 1, 1]"
1867184,8462284S00,"[296, 13]","[514, 30]",05:23:25,20260417,0.0,10825,"[12.4, 127.5, 128.2, 127.6, 128.4, 128.1, 127.8, 12.8, 792.7]",None,0.0,OK,None,7,24513,"[1, 1, 1, 1, 1, 1, 1, 1, 1]"
1867183,808387UA0A,"[50, 7]","[50, 7]",05:23:10,20260417,0.0,10820,None,None,0.0,NOPART,None,,None,None
1867179,808387UA0A,"[50, 7]","[50, 7]",05:23:10,20260417,0.0,10820,"[14.6, 121.8, 121.2, 80.6, 80.2, 122.8, 123.0, 14.2, 37.8, 40.1]",None,0.0,OK,,,None,"[1, 1, 1, 1, 1, 1, 1, 1, 1, 1]"
1867180,808387UA0A,"[50, 7]","[50, 7]",05:23:10,20260417,0.0,10820,None,None,0.0,NOPART,None,,None,None
1867181,808387UA0A,"[50, 7]","[50, 7]",05:23:10,20260417,0.0,10820,None,None,0.0,NOPART,None,,None,None
1867182,808387UA0A,"[50, 7]","[50, 7]",05:23:10,20260417,0.0,10820,None,None,0.0,NOPART,None,,None,None
1867178,8462284S00,"[295, 13]","[513, 30]",05:22:57,20260417,0.0,10825,"[12.1, 127.3, 128.6, 127.4, 128.2, 128.4, 128.2, 12.3, 792.6]",None,0.0,OK,None,7,24513,"[1, 1, 1, 1, 1, 1, 1, 1, 1]"
1867177,8462284S00,"[294, 13]","[512, 30]",05:22:33,20260417,0.0,10825,"[12.4, 127.6, 128.2, 127.4, 128.7, 128.2, 127.9, 12.4, 793.0]",None,0.0,OK,None,7,24513,"[1, 1, 1, 1, 1, 1, 1, 1, 1]"
1867176,8462284S00,"[293, 13]","[511, 30]",05:22:08,20260417,0.0,10825,"[12.2, 127.7, 128.7, 127.4, 128.7, 128.1, 127.9, 12.8, 793.5]",None,0.0,OK,None,7,24513,"[1, 1, 1, 1, 1, 1, 1, 1, 1]"
1867175,808387UA0A,"[49, 7]","[49, 7]",05:21:54,20260417,0.0,10820,"[14.8, 122.0, 121.2, 80.0, 80.6, 121.8, 122.8, 14.6, 37.0, 40.5]",None,0.0,OK,,,None,"[1, 1, 1, 1, 1, 1, 1, 1, 1, 1]"
1867174,808387UA0A,"[49, 7]","[49, 7]",05:21:53,20260417,0.0,10820,"[0, 0, 0, 0, 0, 0, 0, 0, 0, 0]",None,0.0,NG,CLIP MISMATCH,,None,"[0, 0, 0, 0, 0, 0, 0, 0, 0, 0]"
1867173,808387UA0A,"[49, 7]","[49, 7]",05:21:53,20260417,0.0,10820,"[14.8, 122.0, 121.6, 80.6, 81.2, 121.8, 123.0, 14.2, 37.8, 40.1]",None,0.0,OK,,,None,"[1, 1, 1, 1, 1, 1, 1, 1, 1, 1]"
1867172,808387UA0A,"[49, 7]","[49, 7]",05:21:53,20260417,0.0,10820,"[14.6, 122.0, 121.4, 80.0, 80.2, 122.4, 123.2, 14.4, 37.3, 40.3]",None,0.0,OK,,,None,"[1, 1, 1, 1, 1, 1, 1, 1, 1, 1]"
1867171,808387UA0A,"[49, 7]","[49, 7]",05:21:53,20260417,0.0,10820,"[14.6, 122.2, 121.4, 80.6, 80.0, 123.0, 123.0, 14.4, 36.5, 40.9]",None,0.0,OK,,,None,"[1, 1, 1, 1, 1, 1, 1, 1, 1, 1]"
1867170,8462284S00,"[292, 13]","[510, 30]",05:21:06,20260417,0.0,10825,"[12.5, 127.7, 128.6, 127.4, 129.0, 127.9, 127.8, 12.8, 793.7]",None,0.0,OK,None,7,24513,"[1, 1, 1, 1, 1, 1, 1, 1, 1]"
1867169,8462284S00,"[291, 13]","[509, 30]",05:20:40,20260417,0.0,10825,"[12.3, 127.6, 128.7, 127.4, 127.9, 128.2, 127.6, 12.6, 792.4]",None,0.0,OK,None,7,24513,"[1, 1, 1, 1, 1, 1, 1, 1, 1]"
1867168,8462284S00,"[290, 13]","[508, 30]",05:19:56,20260417,0.0,10825,"[12.1, 127.4, 128.6, 127.3, 128.4, 128.2, 127.8, 12.6, 792.4]",None,0.0,OK,None,7,24513,"[1, 1, 1, 1, 1, 1, 1, 1, 1]"
1867166,808397UA0A,"[50, 3]","[50, 3]",05:19:35,20260417,0.0,10820,"[15.0, 123.6, 122.6, 80.2, 80.2, 122.6, 123.0, 15.2, 37.8, 39.9]",None,0.0,OK,,,None,"[1, 1, 1, 1, 1, 1, 1, 1, 1, 1]"
1867167,808397UA0A,"[50, 3]","[50, 3]",05:19:35,20260417,0.0,10820,"[15.8, 123.4, 121.2, 80.6, 80.4, 122.0, 123.2, 15.2, 37.4, 40.5]",None,0.0,OK,,,None,"[1, 1, 1, 1, 1, 1, 1, 1, 1, 1]"
1867165,808397UA0A,"[50, 3]","[50, 3]",05:19:34,20260417,0.0,10820,"[15.8, 123.2, 121.0, 80.8, 80.8, 122.0, 123.0, 15.0, 36.9, 41.1]",None,0.0,OK,,,None,"[1, 1, 1, 1, 1, 1, 1, 1, 1, 1]"
1867164,808397UA0A,"[50, 3]","[50, 3]",05:19:34,20260417,0.0,10820,"[15.2, 123.4, 121.2, 81.0, 80.8, 122.0, 123.4, 15.0, 37.4, 41.3]",None,0.0,OK,,,None,"[1, 1, 1, 1, 1, 1, 1, 1, 1, 1]"
1867163,808397UA0A,"[50, 3]","[50, 3]",05:19:32,20260417,0.0,10820,"[15.8, 123.0, 120.8, 81.4, 80.4, 121.6, 122.8, 15.2, 36.6, 41.3]",None,0.0,OK,,,None,"[1, 1, 1, 1, 1, 1, 1, 1, 1, 1]"
1867162,8462284S00,"[289, 13]","[507, 30]",05:19:26,20260417,0.0,10825,"[12.2, 127.3, 128.6, 127.1, 128.7, 128.4, 127.5, 12.6, 792.4]",None,0.0,OK,None,7,24513,"[1, 1, 1, 1, 1, 1, 1, 1, 1]"
1867161,8462284S00,"[288, 13]","[506, 30]",05:18:59,20260417,0.0,10825,"[11.9, 127.4, 128.7, 128.2, 127.6, 128.6, 127.4, 12.8, 792.7]",None,0.0,OK,None,7,24513,"[1, 1, 1, 1, 1, 1, 1, 1, 1]"
1867160,8462284S00,"[287, 13]","[505, 30]",05:18:28,20260417,0.0,10825,"[12.5, 127.4, 128.6, 127.3, 128.6, 127.9, 127.8, 13.4, 793.3]",None,0.0,OK,None,7,24513,"[1, 1, 1, 1, 1, 1, 1, 1, 1]"
1867159,808387UA0A,"[45, 6]","[45, 6]",05:18:15,20260417,0.0,10820,None,None,0.0,NOPART,None,,None,None
1867155,808387UA0A,"[45, 6]","[45, 6]",05:18:15,20260417,0.0,10820,"[14.4, 122.4, 121.4, 80.6, 80.2, 123.2, 123.2, 14.2, 37.2, 40.7]",None,0.0,OK,,,None,"[1, 1, 1, 1, 1, 1, 1, 1, 1, 1]"
1867156,808387UA0A,"[45, 6]","[45, 6]",05:18:15,20260417,0.0,10820,None,None,0.0,NOPART,None,,None,None
1867157,808387UA0A,"[45, 6]","[45, 6]",05:18:15,20260417,0.0,10820,None,None,0.0,NOPART,None,,None,None
1867158,808387UA0A,"[45, 6]","[45, 6]",05:18:15,20260417,0.0,10820,None,None,0.0,NOPART,None,,None,None
1867154,8462284S00,"[286, 13]","[504, 30]",05:17:57,20260417,0.0,10825,"[12.5, 127.8, 128.1, 127.1, 128.7, 128.2, 127.4, 12.7, 792.5]",None,0.0,OK,None,7,24513,"[1, 1, 1, 1, 1, 1, 1, 1, 1]"
1867153,8462284S00,"[285, 13]","[503, 30]",05:17:27,20260417,0.0,10825,"[11.8, 127.9, 128.6, 127.0, 128.6, 128.2, 127.6, 12.6, 792.2]",None,0.0,OK,None,7,24513,"[1, 1, 1, 1, 1, 1, 1, 1, 1]"
1867151,808387UA0A,"[44, 6]","[44, 6]",05:17:13,20260417,0.0,10820,"[14.4, 122.2, 121.2, 80.2, 81.2, 121.4, 123.4, 14.2, 30.6, 46.5]",None,0.0,NG,EPTO SET POSITION NG,,None,[]
1867148,808387UA0A,"[44, 6]","[44, 6]",05:17:13,20260417,0.0,10820,"[14.4, 122.2, 121.2, 80.6, 80.2, 123.0, 123.2, 14.6, 36.7, 41.3]",None,0.0,OK,,,None,"[1, 1, 1, 1, 1, 1, 1, 1, 1, 1]"
1867149,808387UA0A,"[44, 6]","[44, 6]",05:17:13,20260417,0.0,10820,"[14.6, 122.0, 121.6, 80.4, 81.2, 122.0, 123.4, 14.6, 37.8, 39.9]",None,0.0,OK,,,None,"[1, 1, 1, 1, 1, 1, 1, 1, 1, 1]"
1867150,808387UA0A,"[44, 6]","[44, 6]",05:17:13,20260417,0.0,10820,"[14.2, 122.2, 121.8, 80.4, 81.2, 122.0, 123.0, 14.4, 37.6, 39.9]",None,0.0,OK,,,None,"[1, 1, 1, 1, 1, 1, 1, 1, 1, 1]"
1867152,808387UA0A,"[44, 6]","[44, 6]",05:17:13,20260417,0.0,10820,"[14.8, 121.6, 121.4, 80.2, 79.8, 122.4, 123.2, 13.8, 36.6, 40.5]",None,0.0,OK,,,None,"[1, 1, 1, 1, 1, 1, 1, 1, 1, 1]"
1867147,8462284S00,"[284, 13]","[502, 30]",05:16:59,20260417,0.0,10825,"[12.2, 127.4, 128.6, 127.0, 129.3, 128.1, 127.9, 12.6, 793.1]",None,0.0,OK,None,7,24513,"[1, 1, 1, 1, 1, 1, 1, 1, 1]"
1867146,8462284S00,"[283, 13]","[501, 30]",05:16:31,20260417,0.0,10825,"[12.0, 127.8, 128.7, 127.5, 128.7, 128.2, 127.9, 13.2, 793.9]",None,0.0,OK,None,7,24513,"[1, 1, 1, 1, 1, 1, 1, 1, 1]"
1867145,8462284S00,"[282, 13]","[500, 30]",05:15:26,20260417,0.0,10825,"[11.8, 127.5, 128.6, 127.6, 128.7, 128.2, 127.9, 12.3, 792.6]",None,0.0,OK,None,7,24513,"[1, 1, 1, 1, 1, 1, 1, 1, 1]"
1867144,808397UA0A,"[45, 3]","[45, 3]",05:15:20,20260417,0.0,10820,"[16.2, 122.8, 120.8, 81.4, 80.8, 122.0, 123.2, 14.4, 38.2, 40.5]",None,0.0,OK,,,None,"[1, 1, 1, 1, 1, 1, 1, 1, 1, 1]"
1867143,808397UA0A,"[45, 3]","[45, 3]",05:15:20,20260417,0.0,10820,None,None,0.0,NOPART,None,,None,None
1867142,808397UA0A,"[45, 3]","[45, 3]",05:15:20,20260417,0.0,10820,None,None,0.0,NOPART,None,,None,None
1867141,808397UA0A,"[45, 3]","[45, 3]",05:15:20,20260417,0.0,10820,None,None,0.0,NOPART,None,,None,None
1867140,808397UA0A,"[45, 3]","[45, 3]",05:15:20,20260417,0.0,10820,None,None,0.0,NOPART,None,,None,None
1867139,808397UA0A,"[44, 3]","[44, 3]",05:15:18,20260417,0.0,10820,MANUAL,MANUAL,0.0,MANUAL,MANUAL,,MANUAL,MANUAL
1867138,808397UA0A,"[44, 4]","[44, 4]",05:15:17,20260417,0.0,10820,MANUAL,MANUAL,0.0,MANUAL,MANUAL,,MANUAL,MANUAL
1867137,808397UA0A,"[44, 5]","[44, 5]",05:15:14,20260417,0.0,10820,MANUAL,MANUAL,0.0,MANUAL,MANUAL,,MANUAL,MANUAL
1867136,8462284S00,"[281, 13]","[499, 30]",05:14:51,20260417,0.0,10825,"[11.9, 127.8, 129.0, 127.3, 128.4, 128.6, 127.5, 12.9, 793.4]",None,0.0,OK,None,7,24513,"[1, 1, 1, 1, 1, 1, 1, 1, 1]"
1867133,808397UA0A,"[44, 6]","[44, 6]",05:14:26,20260417,0.0,10820,"[15.8, 122.6, 121.6, 80.0, 80.6, 122.6, 122.8, 15.2, 36.4, 40.9]",None,0.0,OK,,,None,"[1, 1, 1, 1, 1, 1, 1, 1, 1, 1]"
1867131,808397UA0A,"[44, 6]","[44, 6]",05:14:26,20260417,0.0,10820,"[0, 0, 0, 0, 0, 0, 0, 0, 0, 0]",None,0.0,NG,CLIP MISMATCH,,None,"[0, 0, 0, 0, 0, 0, 0, 0, 0, 0]"
1867132,808397UA0A,"[44, 6]","[44, 6]",05:14:26,20260417,0.0,10820,"[15.4, 123.0, 122.2, 80.5, 80.6, 121.8, 122.6, 15.4, 37.1, 41.1]",None,0.0,OK,,,None,"[1, 1, 1, 1, 1, 1, 1, 1, 1, 1]"
1867134,808397UA0A,"[44, 6]","[44, 6]",05:14:26,20260417,0.0,10820,"[15.6, 122.8, 122.0, 80.0, 80.8, 121.6, 123.0, 15.8, 37.7, 39.9]",None,0.0,OK,,,None,"[1, 1, 1, 1, 1, 1, 1, 1, 1, 1]"
1867135,808397UA0A,"[44, 6]","[44, 6]",05:14:26,20260417,0.0,10820,"[16.0, 122.4, 121.0, 81.0, 81.0, 121.6, 123.0, 15.4, 37.2, 40.5]",None,0.0,OK,,,None,"[1, 1, 1, 1, 1, 1, 1, 1, 1, 1]"
1867130,8462284S00,"[280, 13]","[498, 30]",05:14:24,20260417,0.0,10825,"[12.5, 127.8, 128.4, 127.1, 128.9, 128.6, 127.9, 12.6, 793.7]",None,0.0,OK,None,7,24513,"[1, 1, 1, 1, 1, 1, 1, 1, 1]"
1867129,8462284S00,"[279, 13]","[497, 30]",05:13:58,20260417,0.0,10825,"[12.5, 127.6, 128.6, 127.6, 128.7, 128.2, 127.9, 12.7, 793.8]",None,0.0,OK,None,7,24513,"[1, 1, 1, 1, 1, 1, 1, 1, 1]"
1867128,808387UA0A,"[40, 5]","[40, 5]",05:12:18,20260417,0.0,10820,"[15.0, 121.6, 121.2, 80.2, 80.0, 122.2, 123.2, 14.4, 36.4, 40.7]",None,0.0,OK,,,None,"[1, 1, 1, 1, 1, 1, 1, 1, 1, 1]"
1867127,808387UA0A,"[40, 5]","[40, 5]",05:12:18,20260417,0.0,10820,"[15.0, 122.0, 121.2, 79.6, 81.2, 121.0, 123.2, 14.2, 37.2, 40.3]",None,0.0,OK,,,None,"[1, 1, 1, 1, 1, 1, 1, 1, 1, 1]"
1867126,808387UA0A,"[40, 5]","[40, 5]",05:12:18,20260417,0.0,10820,"[15.0, 122.0, 121.0, 80.6, 80.6, 121.6, 122.8, 13.8, 37.3, 40.1]",None,0.0,OK,,,None,"[1, 1, 1, 1, 1, 1, 1, 1, 1, 1]"
1867125,808387UA0A,"[40, 5]","[40, 5]",05:12:18,20260417,0.0,10820,"[14.6, 122.2, 121.4, 80.6, 80.4, 122.2, 123.0, 14.4, 37.6, 40.7]",None,0.0,OK,,,None,"[1, 1, 1, 1, 1, 1, 1, 1, 1, 1]"
1867124,808387UA0A,"[40, 5]","[40, 5]",05:12:18,20260417,0.0,10820,"[14.6, 121.8, 122.0, 80.2, 81.8, 121.2, 123.0, 14.4, 37.4, 40.9]",None,0.0,OK,,,None,"[1, 1, 1, 1, 1, 1, 1, 1, 1, 1]"
1867123,808397UA0A,"[40, 5]","[40, 5]",05:09:56,20260417,0.0,10820,"[15.8, 122.4, 122.2, 79.8, 80.4, 121.8, 123.2, 15.0, 36.7, 40.3]",None,0.0,OK,,,None,"[1, 1, 1, 1, 1, 1, 1, 1, 1, 1]"
1867122,808397UA0A,"[40, 5]","[40, 5]",05:09:56,20260417,0.0,10820,"[15.8, 122.8, 120.8, 81.4, 81.2, 121.8, 122.8, 15.2, 37.5, 40.3]",None,0.0,OK,,,None,"[1, 1, 1, 1, 1, 1, 1, 1, 1, 1]"
1867121,808397UA0A,"[40, 5]","[40, 5]",05:09:56,20260417,0.0,10820,"[16.0, 123.0, 121.0, 80.4, 80.2, 121.8, 122.8, 14.4, 37.1, 41.1]",None,0.0,OK,,,None,"[1, 1, 1, 1, 1, 1, 1, 1, 1, 1]"
1867120,808397UA0A,"[40, 5]","[40, 5]",05:09:56,20260417,0.0,10820,"[15.4, 122.8, 121.4, 80.2, 80.8, 121.8, 123.0, 15.0, 36.4, 41.1]",None,0.0,OK,,,None,"[1, 1, 1, 1, 1, 1, 1, 1, 1, 1]"
1867119,808397UA0A,"[40, 5]","[40, 5]",05:09:56,20260417,0.0,10820,"[15.6, 122.6, 122.4, 80.2, 81.0, 122.2, 122.6, 15.0, 37.0, 41.1]",None,0.0,OK,,,None,"[1, 1, 1, 1, 1, 1, 1, 1, 1, 1]"
1867117,808387UA0A,"[35, 5]","[35, 5]",05:07:42,20260417,0.0,10820,"[15.2, 122.0, 121.2, 80.2, 80.2, 122.4, 122.8, 14.2, 36.7, 40.3]",None,0.0,OK,,,None,"[1, 1, 1, 1, 1, 1, 1, 1, 1, 1]"
1867118,808387UA0A,"[35, 5]","[35, 5]",05:07:42,20260417,0.0,10820,"[15.2, 121.8, 121.6, 80.4, 79.6, 122.8, 123.6, 14.8, 35.9, 40.5]",None,0.0,OK,,,None,"[1, 1, 1, 1, 1, 1, 1, 1, 1, 1]"
1867116,808387UA0A,"[35, 5]","[35, 5]",05:07:41,20260417,0.0,10820,"[14.8, 122.0, 121.2, 80.2, 80.6, 121.4, 122.8, 14.2, 37.4, 40.1]",None,0.0,OK,,,None,"[1, 1, 1, 1, 1, 1, 1, 1, 1, 1]"
1867115,808387UA0A,"[35, 5]","[35, 5]",05:07:41,20260417,0.0,10820,"[14.8, 122.0, 121.0, 80.4, 80.4, 122.0, 122.8, 14.4, 37.0, 40.7]",None,0.0,OK,,,None,"[1, 1, 1, 1, 1, 1, 1, 1, 1, 1]"
1867114,808387UA0A,"[35, 5]","[35, 5]",05:07:41,20260417,0.0,10820,"[14.4, 122.0, 121.6, 80.4, 81.0, 121.4, 122.8, 14.0, 37.9, 40.7]",None,0.0,OK,,,None,"[1, 1, 1, 1, 1, 1, 1, 1, 1, 1]"
1867113,808397UA0A,"[35, 5]","[35, 5]",05:04:44,20260417,0.0,10820,"[16.2, 122.6, 120.4, 80.8, 80.8, 122.2, 123.0, 15.2, 37.3, 39.9]",None,0.0,OK,,,None,"[1, 1, 1, 1, 1, 1, 1, 1, 1, 1]"
1867112,808397UA0A,"[35, 5]","[35, 5]",05:04:43,20260417,0.0,10820,"[15.6, 123.4, 121.0, 80.2, 80.6, 122.0, 123.2, 14.6, 37.3, 40.5]",None,0.0,OK,,,None,"[1, 1, 1, 1, 1, 1, 1, 1, 1, 1]"
1867111,808397UA0A,"[35, 5]","[35, 5]",05:04:43,20260417,0.0,10820,"[15.2, 123.2, 121.4, 80.6, 80.4, 122.2, 122.8, 15.4, 36.8, 40.7]",None,0.0,OK,,,None,"[1, 1, 1, 1, 1, 1, 1, 1, 1, 1]"
1867110,808397UA0A,"[35, 5]","[35, 5]",05:04:43,20260417,0.0,10820,"[15.6, 122.6, 121.8, 80.4, 80.4, 121.8, 123.0, 15.4, 37.6, 40.7]",None,0.0,OK,,,None,"[1, 1, 1, 1, 1, 1, 1, 1, 1, 1]"
1867109,808397UA0A,"[35, 5]","[35, 5]",05:04:43,20260417,0.0,10820,"[15.6, 122.6, 122.0, 79.8, 80.4, 121.6, 123.4, 14.4, 37.1, 41.3]",None,0.0,OK,,,None,"[1, 1, 1, 1, 1, 1, 1, 1, 1, 1]"
1867108,808387UA0A,"[30, 5]","[30, 5]",05:02:06,20260417,0.0,10820,"[14.6, 122.2, 121.4, 80.2, 80.2, 122.0, 123.2, 14.4, 37.0, 40.1]",None,0.0,OK,,,None,"[1, 1, 1, 1, 1, 1, 1, 1, 1, 1]"
1867107,808387UA0A,"[30, 5]","[30, 5]",05:02:06,20260417,0.0,10820,"[14.4, 122.0, 121.4, 80.4, 80.6, 122.2, 123.0, 14.4, 37.2, 40.3]",None,0.0,OK,,,None,"[1, 1, 1, 1, 1, 1, 1, 1, 1, 1]"
1867106,808387UA0A,"[30, 5]","[30, 5]",05:02:06,20260417,0.0,10820,"[14.4, 122.2, 121.6, 80.4, 81.2, 121.8, 123.2, 14.0, 38.0, 40.1]",None,0.0,OK,,,None,"[1, 1, 1, 1, 1, 1, 1, 1, 1, 1]"
1867105,808387UA0A,"[30, 5]","[30, 5]",05:02:06,20260417,0.0,10820,"[14.4, 122.4, 121.8, 80.2, 81.0, 121.8, 123.2, 14.4, 37.2, 40.1]",None,0.0,OK,,,None,"[1, 1, 1, 1, 1, 1, 1, 1, 1, 1]"
1867104,808387UA0A,"[30, 5]","[30, 5]",05:02:06,20260417,0.0,10820,"[14.6, 122.0, 121.4, 80.6, 80.6, 122.4, 123.4, 14.4, 36.5, 40.5]",None,0.0,OK,,,None,"[1, 1, 1, 1, 1, 1, 1, 1, 1, 1]"
1867103,8462284S00,"[278, 13]","[496, 30]",05:00:19,20260417,0.0,10825,"[12.0, 127.8, 128.6, 127.8, 128.2, 127.9, 128.2, 12.8, 793.4]",None,0.0,OK,None,7,24513,"[1, 1, 1, 1, 1, 1, 1, 1, 1]"
1867101,808397UA0A,"[30, 5]","[30, 5]",04:59:45,20260417,0.0,10820,"[16.0, 123.2, 121.0, 80.4, 81.2, 121.8, 123.4, 14.8, 37.8, 40.3]",None,0.0,OK,,,None,"[1, 1, 1, 1, 1, 1, 1, 1, 1, 1]"
1867102,808397UA0A,"[30, 5]","[30, 5]",04:59:45,20260417,0.0,10820,"[15.6, 123.4, 120.4, 80.8, 80.8, 122.0, 123.4, 15.2, 37.6, 40.1]",None,0.0,OK,,,None,"[1, 1, 1, 1, 1, 1, 1, 1, 1, 1]"
1867100,808397UA0A,"[30, 5]","[30, 5]",04:59:44,20260417,0.0,10820,"[15.2, 123.0, 121.8, 80.0, 81.2, 122.4, 123.2, 15.0, 37.0, 40.1]",None,0.0,OK,,,None,"[1, 1, 1, 1, 1, 1, 1, 1, 1, 1]"
1867099,808397UA0A,"[30, 5]","[30, 5]",04:59:44,20260417,0.0,10820,"[15.2, 123.2, 122.0, 80.2, 80.2, 122.2, 122.6, 15.6, 37.1, 41.1]",None,0.0,OK,,,None,"[1, 1, 1, 1, 1, 1, 1, 1, 1, 1]"
1867098,808397UA0A,"[30, 5]","[30, 5]",04:59:44,20260417,0.0,10820,"[15.6, 123.2, 120.4, 80.4, 81.2, 121.4, 123.0, 15.0, 37.0, 41.3]",None,0.0,OK,,,None,"[1, 1, 1, 1, 1, 1, 1, 1, 1, 1]"
1867097,8462284S00,"[277, 13]","[495, 30]",04:59:34,20260417,0.0,10825,"[12.7, 127.6, 128.4, 127.6, 128.2, 128.2, 128.1, 12.7, 793.5]",None,0.0,OK,None,7,24513,"[1, 1, 1, 1, 1, 1, 1, 1, 1]"
1867096,8462284S00,"[276, 13]","[494, 30]",04:59:03,20260417,0.0,10825,"[12.2, 127.3, 128.2, 127.3, 128.7, 128.4, 127.3, 13.0, 792.3]",None,0.0,OK,None,7,24513,"[1, 1, 1, 1, 1, 1, 1, 1, 1]"
1867095,8462284S00,"[275, 13]","[493, 30]",04:58:33,20260417,0.0,10825,"[12.8, 127.6, 128.6, 127.6, 128.7, 128.2, 127.8, 12.3, 793.5]",None,0.0,OK,None,7,24513,"[1, 1, 1, 1, 1, 1, 1, 1, 1]"
1867094,8462284S00,"[274, 13]","[492, 30]",04:58:02,20260417,0.0,10825,"[12.2, 127.6, 128.4, 128.6, 127.5, 128.4, 128.1, 12.4, 793.0]",None,0.0,OK,None,7,24513,"[1, 1, 1, 1, 1, 1, 1, 1, 1]"
1867093,8462284S00,"[273, 13]","[491, 30]",04:57:34,20260417,0.0,10825,"[12.2, 127.8, 128.6, 127.5, 128.7, 128.6, 128.4, 12.3, 794.0]",None,0.0,OK,None,7,24513,"[1, 1, 1, 1, 1, 1, 1, 1, 1]"
1867092,808387UA0A,"[25, 5]","[25, 5]",04:56:52,20260417,0.0,10820,"[14.4, 122.2, 121.8, 80.4, 80.4, 122.0, 123.4, 14.6, 37.5, 39.9]",None,0.0,OK,,,None,"[1, 1, 1, 1, 1, 1, 1, 1, 1, 1]"
1867091,808387UA0A,"[25, 5]","[25, 5]",04:56:52,20260417,0.0,10820,"[14.0, 122.4, 121.6, 80.4, 81.0, 122.6, 123.6, 14.6, 37.1, 40.1]",None,0.0,OK,,,None,"[1, 1, 1, 1, 1, 1, 1, 1, 1, 1]"
1867090,808387UA0A,"[25, 5]","[25, 5]",04:56:52,20260417,0.0,10820,"[13.6, 122.4, 122.0, 80.6, 81.0, 122.4, 123.2, 15.0, 37.8, 40.3]",None,0.0,OK,,,None,"[1, 1, 1, 1, 1, 1, 1, 1, 1, 1]"
1867089,808387UA0A,"[25, 5]","[25, 5]",04:56:52,20260417,0.0,10820,"[14.6, 122.2, 121.2, 80.4, 80.4, 122.4, 123.2, 14.6, 37.6, 40.1]",None,0.0,OK,,,None,"[1, 1, 1, 1, 1, 1, 1, 1, 1, 1]"
1867088,808387UA0A,"[25, 5]","[25, 5]",04:56:52,20260417,0.0,10820,"[14.8, 122.0, 121.6, 80.4, 80.4, 122.4, 123.0, 14.4, 37.3, 40.5]",None,0.0,OK,,,None,"[1, 1, 1, 1, 1, 1, 1, 1, 1, 1]"
1867087,8462284S00,"[272, 13]","[490, 30]",04:56:17,20260417,0.0,10825,"[12.4, 127.8, 128.6, 127.6, 128.6, 128.4, 127.4, 12.8, 793.5]",None,0.0,OK,None,7,24513,"[1, 1, 1, 1, 1, 1, 1, 1, 1]"
1867086,8462284S00,"[271, 13]","[489, 30]",04:55:45,20260417,0.0,10825,"[12.1, 127.4, 128.6, 127.1, 128.2, 128.7, 128.1, 12.6, 792.8]",None,0.0,OK,None,7,24513,"[1, 1, 1, 1, 1, 1, 1, 1, 1]"
1867085,8462284S00,"[270, 13]","[488, 30]",04:55:12,20260417,0.0,10825,"[12.1, 127.5, 128.2, 127.0, 128.7, 128.2, 127.8, 12.7, 792.2]",None,0.0,OK,None,7,24513,"[1, 1, 1, 1, 1, 1, 1, 1, 1]"
1867084,8462284S00,"[269, 13]","[487, 30]",04:54:34,20260417,0.0,10825,"[12.4, 127.8, 128.6, 127.3, 128.9, 127.8, 127.9, 12.8, 793.4]",None,0.0,OK,None,7,24513,"[1, 1, 1, 1, 1, 1, 1, 1, 1]"
1867083,808397UA0A,"[25, 5]","[25, 5]",04:54:30,20260417,0.0,10820,"[16.0, 123.2, 120.6, 81.4, 80.8, 122.0, 123.0, 15.2, 37.4, 40.5]",None,0.0,OK,,,None,"[1, 1, 1, 1, 1, 1, 1, 1, 1, 1]"
1867082,808397UA0A,"[25, 5]","[25, 5]",04:54:30,20260417,0.0,10820,"[15.8, 123.2, 121.0, 80.4, 80.8, 122.0, 122.8, 15.6, 37.3, 40.1]",None,0.0,OK,,,None,"[1, 1, 1, 1, 1, 1, 1, 1, 1, 1]"
1867081,808397UA0A,"[25, 5]","[25, 5]",04:54:29,20260417,0.0,10820,"[15.8, 123.0, 121.4, 80.6, 80.6, 121.8, 123.4, 15.2, 37.1, 40.5]",None,0.0,OK,,,None,"[1, 1, 1, 1, 1, 1, 1, 1, 1, 1]"
1867080,808397UA0A,"[25, 5]","[25, 5]",04:54:29,20260417,0.0,10820,"[15.8, 122.6, 122.4, 79.8, 80.3, 122.4, 122.6, 15.6, 37.0, 40.7]",None,0.0,OK,,,None,"[1, 1, 1, 1, 1, 1, 1, 1, 1, 1]"
1867079,808397UA0A,"[25, 5]","[25, 5]",04:54:28,20260417,0.0,10820,"[15.8, 122.4, 121.6, 81.0, 80.8, 121.8, 123.2, 14.6, 37.3, 41.1]",None,0.0,OK,,,None,"[1, 1, 1, 1, 1, 1, 1, 1, 1, 1]"
1867078,8462284S00,"[268, 13]","[486, 30]",04:54:00,20260417,0.0,10825,"[12.2, 127.6, 128.9, 127.4, 128.7, 128.4, 127.6, 12.8, 793.6]",None,0.0,OK,None,7,24513,"[1, 1, 1, 1, 1, 1, 1, 1, 1]"
1867077,8462284S00,"[267, 13]","[485, 30]",04:53:30,20260417,0.0,10825,"[12.7, 127.4, 127.8, 128.2, 128.2, 127.9, 127.8, 12.2, 792.3]",None,0.0,OK,None,7,24513,"[1, 1, 1, 1, 1, 1, 1, 1, 1]"
1867076,8462284S00,"[266, 13]","[484, 30]",04:53:22,20260417,0.0,10825,"[0, 0, 0, 0, 0, 0, 0, 0, 0]",None,0.0,NG,NUMBER OF CLIP MISMATCH,7,24513,"[0, 0, 0, 0, 0, 0, 0, 0, 0]"
1867075,8462284S00,"[266, 12]","[484, 29]",04:52:46,20260417,0.0,10825,"[12.0, 127.6, 128.6, 127.3, 128.7, 128.3, 127.8, 12.8, 793.1]",None,0.0,OK,None,7,24513,"[1, 1, 1, 1, 1, 1, 1, 1, 1]"
1867074,8462284S00,"[265, 12]","[483, 29]",04:52:17,20260417,0.0,10825,"[12.4, 127.6, 128.6, 127.1, 128.7, 128.4, 127.6, 12.8, 793.2]",None,0.0,OK,None,7,24513,"[1, 1, 1, 1, 1, 1, 1, 1, 1]"
1867073,808387UA0A,"[20, 5]","[20, 5]",04:52:08,20260417,0.0,10820,"[14.6, 122.0, 121.6, 80.2, 80.0, 122.2, 123.2, 14.6, 36.8, 40.1]",None,0.0,OK,,,None,"[1, 1, 1, 1, 1, 1, 1, 1, 1, 1]"
1867072,808387UA0A,"[20, 5]","[20, 5]",04:52:08,20260417,0.0,10820,"[14.6, 122.0, 121.4, 80.2, 80.8, 121.8, 123.0, 14.4, 37.4, 40.3]",None,0.0,OK,,,None,"[1, 1, 1, 1, 1, 1, 1, 1, 1, 1]"
1867069,808387UA0A,"[20, 5]","[20, 5]",04:52:07,20260417,0.0,10820,"[14.8, 122.2, 121.4, 80.6, 79.8, 122.8, 123.0, 14.0, 37.4, 41.1]",None,0.0,OK,,,None,"[1, 1, 1, 1, 1, 1, 1, 1, 1, 1]"
1867070,808387UA0A,"[20, 5]","[20, 5]",04:52:07,20260417,0.0,10820,"[15.0, 122.0, 121.6, 80.0, 80.0, 122.8, 123.0, 14.6, 37.2, 40.5]",None,0.0,OK,,,None,"[1, 1, 1, 1, 1, 1, 1, 1, 1, 1]"
1867071,808387UA0A,"[20, 5]","[20, 5]",04:52:07,20260417,0.0,10820,"[14.6, 122.2, 121.6, 80.2, 81.0, 121.8, 123.0, 14.4, 37.4, 40.5]",None,0.0,OK,,,None,"[1, 1, 1, 1, 1, 1, 1, 1, 1, 1]"
1867068,8462284S00,"[264, 12]","[482, 29]",04:51:47,20260417,0.0,10825,"[12.2, 127.4, 128.6, 127.4, 128.6, 128.6, 127.6, 12.9, 793.2]",None,0.0,OK,None,7,24513,"[1, 1, 1, 1, 1, 1, 1, 1, 1]"
1867067,8462284S00,"[263, 12]","[481, 29]",04:51:16,20260417,0.0,10825,"[11.8, 127.6, 128.6, 127.5, 128.6, 128.4, 127.6, 13.1, 793.1]",None,0.0,OK,None,7,24513,"[1, 1, 1, 1, 1, 1, 1, 1, 1]"
1867066,8462284S00,"[262, 12]","[480, 29]",04:50:00,20260417,0.0,10825,"[11.7, 127.8, 128.4, 127.4, 129.0, 128.2, 128.3, 12.6, 793.4]",None,0.0,OK,None,7,24513,"[1, 1, 1, 1, 1, 1, 1, 1, 1]"
1867065,808397UA0A,"[20, 5]","[20, 5]",04:49:43,20260417,0.0,10820,"[16.0, 123.2, 120.8, 80.6, 80.8, 121.6, 123.4, 15.2, 37.3, 39.7]",None,0.0,OK,,,None,"[1, 1, 1, 1, 1, 1, 1, 1, 1, 1]"
1867064,808397UA0A,"[20, 5]","[20, 5]",04:49:43,20260417,0.0,10820,"[15.4, 123.2, 120.8, 80.4, 81.0, 122.0, 123.0, 15.2, 37.3, 40.3]",None,0.0,OK,,,None,"[1, 1, 1, 1, 1, 1, 1, 1, 1, 1]"
1867063,808397UA0A,"[20, 5]","[20, 5]",04:49:42,20260417,0.0,10820,"[15.6, 123.2, 121.0, 80.8, 80.8, 122.0, 123.2, 15.0, 36.3, 41.1]",None,0.0,OK,,,None,"[1, 1, 1, 1, 1, 1, 1, 1, 1, 1]"
1867062,808397UA0A,"[20, 5]","[20, 5]",04:49:42,20260417,0.0,10820,"[15.6, 123.0, 122.0, 80.4, 80.8, 122.0, 123.4, 15.2, 37.2, 41.3]",None,0.0,OK,,,None,"[1, 1, 1, 1, 1, 1, 1, 1, 1, 1]"
1867061,808397UA0A,"[20, 5]","[20, 5]",04:49:42,20260417,0.0,10820,"[16.0, 122.8, 120.6, 81.2, 80.4, 121.8, 122.8, 15.2, 36.3, 41.5]",None,0.0,OK,,,None,"[1, 1, 1, 1, 1, 1, 1, 1, 1, 1]"
1867060,8462284S00,"[261, 12]","[479, 29]",04:48:52,20260417,0.0,10825,"[12.0, 127.9, 128.6, 128.1, 128.2, 128.2, 128.1, 12.3, 793.4]",None,0.0,OK,None,7,24513,"[1, 1, 1, 1, 1, 1, 1, 1, 1]"
1867059,808387UA0A,"[15, 5]","[15, 5]",04:47:26,20260417,0.0,10820,"[15.0, 121.8, 121.0, 79.8, 80.2, 122.4, 122.8, 14.2, 37.1, 40.1]",None,0.0,OK,,,None,"[1, 1, 1, 1, 1, 1, 1, 1, 1, 1]"
1867058,808387UA0A,"[15, 5]","[15, 5]",04:47:26,20260417,0.0,10820,"[14.8, 121.8, 121.2, 80.4, 81.0, 121.8, 123.0, 14.2, 38.2, 39.5]",None,0.0,OK,,,None,"[1, 1, 1, 1, 1, 1, 1, 1, 1, 1]"
1867057,808387UA0A,"[15, 5]","[15, 5]",04:47:26,20260417,0.0,10820,"[14.8, 121.8, 121.2, 80.4, 80.6, 121.4, 123.2, 14.2, 37.7, 40.1]",None,0.0,OK,,,None,"[1, 1, 1, 1, 1, 1, 1, 1, 1, 1]"
1867055,808387UA0A,"[15, 5]","[15, 5]",04:47:25,20260417,0.0,10820,"[14.6, 122.0, 121.4, 80.2, 80.4, 122.4, 123.2, 14.4, 37.4, 40.7]",None,0.0,OK,,,None,"[1, 1, 1, 1, 1, 1, 1, 1, 1, 1]"
1867056,808387UA0A,"[15, 5]","[15, 5]",04:47:25,20260417,0.0,10820,"[14.8, 122.0, 121.4, 80.0, 80.4, 121.8, 123.4, 14.4, 36.9, 40.3]",None,0.0,OK,,,None,"[1, 1, 1, 1, 1, 1, 1, 1, 1, 1]"
1867054,8462284S00,"[260, 12]","[478, 29]",04:46:12,20260417,0.0,10825,"[12.0, 127.5, 128.6, 127.6, 128.7, 128.4, 127.9, 13.1, 793.8]",None,0.0,OK,None,7,24513,"[1, 1, 1, 1, 1, 1, 1, 1, 1]"
1867053,8462284S00,"[259, 12]","[477, 29]",04:45:30,20260417,0.0,10825,"[12.1, 127.4, 128.9, 127.1, 128.7, 128.3, 128.0, 12.9, 793.4]",None,0.0,OK,None,7,24513,"[1, 1, 1, 1, 1, 1, 1, 1, 1]"
1867052,808397UA0A,"[15, 5]","[15, 5]",04:44:48,20260417,0.0,10820,"[15.6, 123.4, 120.6, 81.4, 80.8, 122.4, 123.4, 14.8, 37.0, 40.5]",None,0.0,OK,,,None,"[1, 1, 1, 1, 1, 1, 1, 1, 1, 1]"
1867051,808397UA0A,"[15, 5]","[15, 5]",04:44:48,20260417,0.0,10820,"[15.2, 123.2, 122.4, 80.6, 80.4, 122.2, 122.8, 15.2, 37.8, 40.3]",None,0.0,OK,,,None,"[1, 1, 1, 1, 1, 1, 1, 1, 1, 1]"
1867050,808397UA0A,"[15, 5]","[15, 5]",04:44:48,20260417,0.0,10820,"[15.8, 123.0, 121.4, 81.2, 81.2, 122.0, 123.4, 15.0, 37.0, 40.7]",None,0.0,OK,,,None,"[1, 1, 1, 1, 1, 1, 1, 1, 1, 1]"
1867049,808397UA0A,"[15, 5]","[15, 5]",04:44:48,20260417,0.0,10820,"[15.8, 122.6, 122.2, 79.4, 81.2, 121.4, 123.2, 14.8, 36.8, 41.1]",None,0.0,OK,,,None,"[1, 1, 1, 1, 1, 1, 1, 1, 1, 1]"
1867048,808397UA0A,"[15, 5]","[15, 5]",04:44:48,20260417,0.0,10820,"[16.6, 122.6, 120.8, 81.2, 80.6, 121.6, 123.4, 15.0, 36.8, 41.3]",None,0.0,OK,,,None,"[1, 1, 1, 1, 1, 1, 1, 1, 1, 1]"
1867047,8462284S00,"[258, 12]","[476, 29]",04:43:51,20260417,0.0,10825,"[12.3, 127.6, 128.6, 126.8, 128.7, 128.4, 127.8, 12.8, 793.0]",None,0.0,OK,None,7,24513,"[1, 1, 1, 1, 1, 1, 1, 1, 1]"
1867046,8462284S00,"[257, 12]","[475, 29]",04:43:01,20260417,0.0,10825,"[12.3, 127.6, 128.2, 127.6, 127.9, 128.2, 127.6, 13.0, 792.5]",None,0.0,OK,None,7,24513,"[1, 1, 1, 1, 1, 1, 1, 1, 1]"
1867045,8462284S00,"[256, 12]","[474, 29]",04:42:22,20260417,0.0,10825,"[12.8, 127.4, 127.9, 127.6, 128.4, 128.1, 127.6, 12.5, 792.3]",None,0.0,OK,None,7,24513,"[1, 1, 1, 1, 1, 1, 1, 1, 1]"
1867044,8462284S00,"[255, 12]","[473, 29]",04:42:14,20260417,0.0,10825,"[0, 0, 0, 0, 0, 0, 0, 0, 0]",None,0.0,NG,PART NOT FOUND,7,24513,"[0, 0, 0, 0, 0, 0, 0, 0, 0]"
1867043,8462284S00,"[255, 11]","[473, 28]",04:41:39,20260417,0.0,10825,"[12.0, 127.8, 128.6, 127.1, 128.7, 128.2, 127.7, 12.9, 793.0]",None,0.0,OK,None,7,24513,"[1, 1, 1, 1, 1, 1, 1, 1, 1]"
1867038,808387UA0A,"[10, 5]","[10, 5]",04:41:02,20260417,0.0,10820,"[14.8, 121.8, 121.4, 80.4, 80.6, 121.8, 123.0, 14.2, 37.8, 40.3]",None,0.0,OK,,,None,"[1, 1, 1, 1, 1, 1, 1, 1, 1, 1]"
1867039,808387UA0A,"[10, 5]","[10, 5]",04:41:02,20260417,0.0,10820,"[14.6, 122.0, 121.2, 80.0, 81.2, 121.0, 123.0, 14.0, 37.8, 39.7]",None,0.0,OK,,,None,"[1, 1, 1, 1, 1, 1, 1, 1, 1, 1]"
1867040,808387UA0A,"[10, 5]","[10, 5]",04:41:02,20260417,0.0,10820,"[14.8, 121.8, 121.4, 80.0, 80.4, 121.8, 123.2, 14.0, 36.6, 40.1]",None,0.0,OK,,,None,"[1, 1, 1, 1, 1, 1, 1, 1, 1, 1]"
1867042,808387UA0A,"[10, 5]","[10, 5]",04:41:02,20260417,0.0,10820,"[14.8, 121.8, 121.4, 80.2, 80.4, 121.8, 122.8, 14.6, 36.9, 40.5]",None,0.0,OK,,,None,"[1, 1, 1, 1, 1, 1, 1, 1, 1, 1]"
1867041,808387UA0A,"[10, 5]","[10, 5]",04:41:02,20260417,0.0,10820,"[15.0, 121.8, 121.2, 80.2, 81.2, 121.0, 123.0, 14.4, 37.0, 40.5]",None,0.0,OK,,,None,"[1, 1, 1, 1, 1, 1, 1, 1, 1, 1]"
1867037,808397UA0A,"[10, 5]","[10, 5]",04:39:00,20260417,0.0,10820,"[15.6, 123.2, 120.8, 80.8, 81.2, 122.2, 123.4, 14.8, 37.9, 40.1]",None,0.0,OK,,,None,"[1, 1, 1, 1, 1, 1, 1, 1, 1, 1]"
1867036,808397UA0A,"[10, 5]","[10, 5]",04:39:00,20260417,0.0,10820,"[15.2, 123.4, 121.8, 80.2, 80.4, 122.4, 123.2, 14.4, 38.1, 40.3]",None,0.0,OK,,,None,"[1, 1, 1, 1, 1, 1, 1, 1, 1, 1]"
1867035,808397UA0A,"[10, 5]","[10, 5]",04:39:00,20260417,0.0,10820,"[16.2, 122.6, 121.4, 80.0, 80.6, 122.0, 123.2, 15.2, 37.1, 40.7]",None,0.0,OK,,,None,"[1, 1, 1, 1, 1, 1, 1, 1, 1, 1]"
1867034,808397UA0A,"[10, 5]","[10, 5]",04:39:00,20260417,0.0,10820,"[15.6, 122.8, 121.6, 80.4, 80.2, 122.2, 123.4, 15.2, 37.3, 40.9]",None,0.0,OK,,,None,"[1, 1, 1, 1, 1, 1, 1, 1, 1, 1]"
1867033,808397UA0A,"[10, 5]","[10, 5]",04:39:00,20260417,0.0,10820,"[15.4, 123.0, 120.0, 81.6, 80.8, 121.4, 122.8, 15.0, 37.1, 40.9]",None,0.0,OK,,,None,"[1, 1, 1, 1, 1, 1, 1, 1, 1, 1]"
1867032,8462284S00,"[254, 11]","[472, 28]",04:37:46,20260417,0.0,10825,"[12.8, 127.8, 128.9, 128.1, 128.6, 128.6, 128.0, 12.2, 794.9]",None,0.0,OK,None,7,24513,"[1, 1, 1, 1, 1, 1, 1, 1, 1]"
1867031,808387UA0A,"[5, 5]","[5, 5]",04:36:20,20260417,0.0,10820,"[14.2, 122.4, 121.8, 80.3, 80.0, 123.2, 123.4, 15.4, 37.0, 40.3]",None,0.0,OK,,,None,"[1, 1, 1, 1, 1, 1, 1, 1, 1, 1]"
1867030,808387UA0A,"[5, 5]","[5, 5]",04:36:20,20260417,0.0,10820,"[14.2, 122.2, 122.0, 80.6, 80.2, 123.2, 123.8, 14.8, 36.5, 40.7]",None,0.0,OK,,,None,"[1, 1, 1, 1, 1, 1, 1, 1, 1, 1]"
1867029,808387UA0A,"[5, 5]","[5, 5]",04:36:19,20260417,0.0,10820,"[14.4, 122.2, 122.0, 80.4, 80.6, 123.2, 123.4, 15.2, 37.0, 40.3]",None,0.0,OK,,,None,"[1, 1, 1, 1, 1, 1, 1, 1, 1, 1]"
1867028,808387UA0A,"[5, 5]","[5, 5]",04:36:19,20260417,0.0,10820,"[13.8, 122.8, 121.8, 81.0, 81.2, 121.8, 123.6, 15.2, 37.7, 39.9]",None,0.0,OK,,,None,"[1, 1, 1, 1, 1, 1, 1, 1, 1, 1]"
1867027,808387UA0A,"[5, 5]","[5, 5]",04:36:19,20260417,0.0,10820,"[14.2, 122.4, 122.0, 80.6, 80.8, 122.4, 123.2, 15.2, 37.4, 40.1]",None,0.0,OK,,,None,"[1, 1, 1, 1, 1, 1, 1, 1, 1, 1]"
1867026,8462284S00,"[253, 11]","[471, 28]",04:35:45,20260417,0.0,10825,"[12.4, 127.8, 128.9, 127.8, 128.9, 128.2, 128.2, 12.4, 794.5]",None,0.0,OK,None,7,24513,"[1, 1, 1, 1, 1, 1, 1, 1, 1]"
1867025,8462284S00,"[252, 11]","[470, 28]",04:34:32,20260417,0.0,10825,"[12.4, 127.8, 128.7, 127.9, 129.0, 128.7, 128.2, 12.2, 795.0]",None,0.0,OK,None,7,24513,"[1, 1, 1, 1, 1, 1, 1, 1, 1]"
1867024,8462284S00,"[251, 11]","[469, 28]",04:33:55,20260417,0.0,10825,"[12.1, 128.1, 128.7, 127.8, 128.9, 128.4, 128.1, 12.9, 795.0]",None,0.0,OK,None,7,24513,"[1, 1, 1, 1, 1, 1, 1, 1, 1]"
1867023,808397UA0A,"[5, 5]","[5, 5]",04:33:53,20260417,0.0,10820,"[15.8, 123.0, 120.2, 81.2, 80.8, 122.2, 123.2, 15.4, 37.0, 40.3]",None,0.0,OK,,,None,"[1, 1, 1, 1, 1, 1, 1, 1, 1, 1]"
1867020,808397UA0A,"[5, 5]","[5, 5]",04:33:53,20260417,0.0,10820,"[15.4, 123.0, 122.0, 80.2, 80.6, 122.0, 122.4, 15.6, 37.6, 40.7]",None,0.0,OK,,,None,"[1, 1, 1, 1, 1, 1, 1, 1, 1, 1]"
1867021,808397UA0A,"[5, 5]","[5, 5]",04:33:53,20260417,0.0,10820,"[15.6, 123.0, 120.8, 80.8, 80.6, 122.4, 122.6, 15.4, 37.5, 40.3]",None,0.0,OK,,,None,"[1, 1, 1, 1, 1, 1, 1, 1, 1, 1]"
1867022,808397UA0A,"[5, 5]","[5, 5]",04:33:53,20260417,0.0,10820,"[15.6, 123.0, 121.0, 80.8, 80.6, 122.0, 123.2, 15.2, 37.2, 39.7]",None,0.0,OK,,,None,"[1, 1, 1, 1, 1, 1, 1, 1, 1, 1]"
1867019,808397UA0A,"[5, 5]","[5, 5]",04:33:52,20260417,0.0,10820,"[16.6, 122.6, 121.4, 80.6, 80.4, 121.8, 123.2, 15.0, 37.3, 41.3]",None,0.0,OK,,,None,"[1, 1, 1, 1, 1, 1, 1, 1, 1, 1]"
1867018,8462284S00,"[250, 11]","[468, 28]",04:33:13,20260417,0.0,10825,"[12.5, 128.1, 129.0, 127.9, 128.4, 128.6, 128.1, 12.4, 795.0]",None,0.0,OK,None,7,24513,"[1, 1, 1, 1, 1, 1, 1, 1, 1]"
1867017,808387UA0A,"[0, 5]","[0, 5]",04:33:13,20260417,0.0,10820,"[0, 0, 0, 0, 0, 0, 0, 0, 0, 0]",None,0.0,NG,EPTO TAPE NOT FOUND,,None,"[0, 0, 0, 0, 0, 0, 0, 0, 0, 0]"
1867016,808387UA0A,"[0, 5]","[0, 5]",04:33:13,20260417,0.0,10820,"[0, 0, 0, 0, 0, 0, 0, 0, 0, 0]",None,0.0,NG,EPTO TAPE NOT FOUND,,None,"[0, 0, 0, 0, 0, 0, 0, 0, 0, 0]"
1867015,808387UA0A,"[0, 5]","[0, 5]",04:33:12,20260417,0.0,10820,"[0, 0, 0, 0, 0, 0, 0, 0, 0, 0]",None,0.0,NG,EPTO TAPE NOT FOUND,,None,"[0, 0, 0, 0, 0, 0, 0, 0, 0, 0]"
1867014,808387UA0A,"[0, 5]","[0, 5]",04:33:12,20260417,0.0,10820,"[0, 0, 0, 0, 0, 0, 0, 0, 0, 0]",None,0.0,NG,EPTO TAPE NOT FOUND,,None,"[0, 0, 0, 0, 0, 0, 0, 0, 0, 0]"
1867013,808387UA0A,"[0, 5]","[0, 5]",04:33:12,20260417,0.0,10820,"[0, 0, 0, 0, 0, 0, 0, 0, 0, 0]",None,0.0,NG,EPTO TAPE NOT FOUND,,None,"[0, 0, 0, 0, 0, 0, 0, 0, 0, 0]"
1867012,8462284S00,"[249, 11]","[467, 28]",04:32:34,20260417,0.0,10825,"[12.2, 127.8, 129.0, 127.6, 129.2, 128.9, 128.1, 12.2, 794.9]",None,0.0,OK,None,7,24513,"[1, 1, 1, 1, 1, 1, 1, 1, 1]"
1867011,808397UA0A,"[0, 5]","[0, 5]",04:32:04,20260417,0.0,10820,"[0, 0, 0, 0, 0, 0, 0, 0, 0, 0]",None,0.0,NG,EPTO TAPE NOT FOUND,,None,"[0, 0, 0, 0, 0, 0, 0, 0, 0, 0]"
1867010,808397UA0A,"[0, 5]","[0, 5]",04:32:04,20260417,0.0,10820,"[0, 0, 0, 0, 0, 0, 0, 0, 0, 0]",None,0.0,NG,EPTO TAPE NOT FOUND,,None,"[0, 0, 0, 0, 0, 0, 0, 0, 0, 0]"
1867009,808397UA0A,"[0, 5]","[0, 5]",04:32:03,20260417,0.0,10820,"[0, 0, 0, 0, 0, 0, 0, 0, 0, 0]",None,0.0,NG,EPTO TAPE NOT FOUND,,None,"[0, 0, 0, 0, 0, 0, 0, 0, 0, 0]"
1867008,808397UA0A,"[0, 5]","[0, 5]",04:32:03,20260417,0.0,10820,"[0, 0, 0, 0, 0, 0, 0, 0, 0, 0]",None,0.0,NG,EPTO TAPE NOT FOUND,,None,"[0, 0, 0, 0, 0, 0, 0, 0, 0, 0]"
1867007,808397UA0A,"[0, 5]","[0, 5]",04:32:03,20260417,0.0,10820,"[0, 0, 0, 0, 0, 0, 0, 0, 0, 0]",None,0.0,NG,EPTO TAPE NOT FOUND,,None,"[0, 0, 0, 0, 0, 0, 0, 0, 0, 0]"
1867006,8462284S00,"[248, 11]","[466, 28]",04:31:56,20260417,0.0,10825,"[12.2, 127.9, 128.9, 127.6, 128.6, 128.6, 128.1, 12.5, 794.3]",None,0.0,OK,None,7,24513,"[1, 1, 1, 1, 1, 1, 1, 1, 1]"
1867005,8462284S00,"[247, 11]","[465, 28]",04:31:22,20260417,0.0,10825,"[12.1, 128.4, 128.9, 127.4, 128.9, 128.6, 127.9, 12.4, 794.6]",None,0.0,OK,None,7,24513,"[1, 1, 1, 1, 1, 1, 1, 1, 1]"
1867004,8462284S00,"[246, 11]","[464, 28]",04:30:41,20260417,0.0,10825,"[12.4, 127.4, 128.7, 128.9, 127.6, 128.7, 128.2, 12.0, 793.9]",None,0.0,OK,None,7,24513,"[1, 1, 1, 1, 1, 1, 1, 1, 1]"
1867003,8462284S00,"[245, 11]","[463, 28]",04:30:10,20260417,0.0,10825,"[12.3, 127.9, 129.0, 127.6, 128.9, 128.6, 128.2, 12.5, 795.0]",None,0.0,OK,None,7,24513,"[1, 1, 1, 1, 1, 1, 1, 1, 1]"
1867002,8462284S00,"[244, 11]","[462, 28]",04:29:30,20260417,0.0,10825,"[12.5, 128.1, 127.9, 128.4, 128.3, 128.4, 127.6, 12.7, 793.8]",None,0.0,OK,None,7,24513,"[1, 1, 1, 1, 1, 1, 1, 1, 1]"
1867001,8462284S00,"[243, 11]","[461, 28]",04:29:23,20260417,0.0,10825,"[0, 0, 0, 0, 0, 0, 0, 0, 0]",None,0.0,NG,NUMBER OF CLIP MISMATCH,7,24513,"[0, 0, 0, 0, 0, 0, 0, 0, 0]"
1867000,8462284S00,"[243, 10]","[461, 27]",04:28:51,20260417,0.0,10825,"[12.5, 128.1, 128.9, 127.3, 129.0, 128.6, 127.8, 12.4, 794.6]",None,0.0,OK,None,7,24513,"[1, 1, 1, 1, 1, 1, 1, 1, 1]"
1866999,8462284S00,"[242, 10]","[460, 27]",04:27:09,20260417,0.0,10825,"[12.6, 127.6, 128.7, 127.6, 129.2, 128.7, 127.9, 12.7, 795.0]",None,0.0,OK,None,7,24513,"[1, 1, 1, 1, 1, 1, 1, 1, 1]"
1866998,8462284S00,"[241, 10]","[459, 27]",04:26:26,20260417,0.0,10825,"[12.7, 127.9, 128.7, 127.6, 128.9, 128.6, 128.1, 12.3, 794.7]",None,0.0,OK,None,7,24513,"[1, 1, 1, 1, 1, 1, 1, 1, 1]"
1866997,8462284S00,"[240, 10]","[458, 27]",04:25:46,20260417,0.0,10825,"[12.2, 127.6, 129.0, 127.6, 128.1, 128.4, 128.3, 12.4, 793.6]",None,0.0,OK,None,7,24513,"[1, 1, 1, 1, 1, 1, 1, 1, 1]"
1866996,8462284S00,"[239, 10]","[457, 27]",04:25:04,20260417,0.0,10825,"[12.2, 127.9, 129.0, 127.8, 128.4, 128.9, 128.2, 13.2, 795.6]",None,0.0,OK,None,7,24513,"[1, 1, 1, 1, 1, 1, 1, 1, 1]"
1866995,8462284S00,"[238, 10]","[456, 27]",04:24:26,20260417,0.0,10825,"[12.2, 127.9, 128.7, 127.6, 128.9, 128.6, 128.3, 12.9, 794.9]",None,0.0,OK,None,7,24513,"[1, 1, 1, 1, 1, 1, 1, 1, 1]"
1866994,8462284S00,"[237, 10]","[455, 27]",04:23:49,20260417,0.0,10825,"[12.7, 127.8, 128.7, 127.4, 129.2, 128.6, 128.2, 12.5, 795.2]",None,0.0,OK,None,7,24513,"[1, 1, 1, 1, 1, 1, 1, 1, 1]"
1866993,8462284S00,"[236, 10]","[454, 27]",04:23:12,20260417,0.0,10825,"[12.2, 127.6, 129.4, 128.9, 127.3, 128.4, 128.3, 12.4, 794.3]",None,0.0,OK,None,7,24513,"[1, 1, 1, 1, 1, 1, 1, 1, 1]"
1866992,8462284S00,"[235, 10]","[453, 27]",04:22:36,20260417,0.0,10825,"[12.4, 127.6, 129.0, 127.9, 129.0, 128.6, 128.6, 12.5, 795.6]",None,0.0,OK,None,7,24513,"[1, 1, 1, 1, 1, 1, 1, 1, 1]"
1866991,8462284S00,"[234, 10]","[452, 27]",04:22:00,20260417,0.0,10825,"[12.0, 127.9, 129.2, 128.4, 128.2, 128.2, 128.2, 12.6, 794.8]",None,0.0,OK,None,7,24513,"[1, 1, 1, 1, 1, 1, 1, 1, 1]"
1866990,8462284S00,"[233, 10]","[451, 27]",04:21:27,20260417,0.0,10825,"[12.1, 127.8, 128.7, 127.8, 129.2, 128.6, 128.3, 11.9, 794.2]",None,0.0,OK,None,7,24513,"[1, 1, 1, 1, 1, 1, 1, 1, 1]"
1866989,8462284S00,"[232, 10]","[450, 27]",04:19:47,20260417,0.0,10825,"[12.0, 127.5, 128.7, 127.6, 128.9, 128.4, 128.3, 12.0, 793.3]",None,0.0,OK,None,7,24513,"[1, 1, 1, 1, 1, 1, 1, 1, 1]"
1866988,8462284S00,"[231, 10]","[449, 27]",04:19:11,20260417,0.0,10825,"[12.1, 127.9, 128.7, 127.6, 129.2, 128.2, 128.4, 12.5, 794.7]",None,0.0,OK,None,7,24513,"[1, 1, 1, 1, 1, 1, 1, 1, 1]"
1866987,8462284S00,"[230, 10]","[448, 27]",04:18:33,20260417,0.0,10825,"[12.2, 127.8, 128.7, 127.4, 128.9, 129.1, 127.9, 12.1, 794.1]",None,0.0,OK,None,7,24513,"[1, 1, 1, 1, 1, 1, 1, 1, 1]"
1866986,8462284S00,"[229, 10]","[447, 27]",04:17:54,20260417,0.0,10825,"[12.5, 127.8, 129.7, 127.4, 128.7, 128.6, 128.3, 12.4, 795.3]",None,0.0,OK,None,7,24513,"[1, 1, 1, 1, 1, 1, 1, 1, 1]"
1866985,8462284S00,"[228, 10]","[446, 27]",04:17:20,20260417,0.0,10825,"[12.2, 127.6, 129.0, 127.6, 129.2, 128.6, 128.4, 11.8, 794.4]",None,0.0,OK,None,7,24513,"[1, 1, 1, 1, 1, 1, 1, 1, 1]"
1866984,8462284S00,"[227, 10]","[445, 27]",04:16:49,20260417,0.0,10825,"[12.2, 127.9, 128.9, 127.9, 128.6, 128.6, 128.7, 12.6, 795.3]",None,0.0,OK,None,7,24513,"[1, 1, 1, 1, 1, 1, 1, 1, 1]"
1866983,8462284S00,"[226, 10]","[444, 27]",04:16:11,20260417,0.0,10825,"[12.0, 127.9, 128.7, 127.4, 128.9, 128.2, 128.5, 12.2, 793.8]",None,0.0,OK,None,7,24513,"[1, 1, 1, 1, 1, 1, 1, 1, 1]"
1866982,8462284S00,"[225, 10]","[443, 27]",04:15:22,20260417,0.0,10825,"[12.2, 127.8, 129.0, 127.5, 129.0, 128.2, 128.2, 12.0, 794.1]",None,0.0,OK,None,7,24513,"[1, 1, 1, 1, 1, 1, 1, 1, 1]"
1866981,8462284S00,"[224, 10]","[442, 27]",04:14:21,20260417,0.0,10825,"[12.7, 127.8, 128.9, 127.8, 128.9, 128.6, 128.3, 12.3, 795.1]",None,0.0,OK,None,7,24513,"[1, 1, 1, 1, 1, 1, 1, 1, 1]"
1866980,8462284S00,"[223, 10]","[441, 27]",04:13:42,20260417,0.0,10825,"[12.5, 127.6, 128.7, 127.5, 128.9, 128.4, 128.3, 12.3, 794.0]",None,0.0,OK,None,7,24513,"[1, 1, 1, 1, 1, 1, 1, 1, 1]"
1866979,8462284S00,"[222, 10]","[440, 27]",04:11:37,20260417,0.0,10825,"[12.3, 128.2, 128.7, 127.5, 129.2, 128.6, 127.8, 12.7, 795.0]",None,0.0,OK,None,7,24513,"[1, 1, 1, 1, 1, 1, 1, 1, 1]"
1866978,8462284S00,"[221, 10]","[439, 27]",04:11:01,20260417,0.0,10825,"[12.2, 128.2, 128.9, 127.5, 129.2, 128.7, 127.8, 12.8, 795.2]",None,0.0,OK,None,7,24513,"[1, 1, 1, 1, 1, 1, 1, 1, 1]"
1866977,8462284S00,"[220, 10]","[438, 27]",04:10:28,20260417,0.0,10825,"[12.4, 127.9, 128.9, 128.3, 128.3, 128.6, 128.1, 12.2, 794.6]",None,0.0,OK,None,7,24513,"[1, 1, 1, 1, 1, 1, 1, 1, 1]"
1866976,8462284S00,"[219, 10]","[437, 27]",04:09:54,20260417,0.0,10825,"[12.4, 127.8, 128.7, 127.9, 129.0, 128.2, 128.1, 12.3, 794.5]",None,0.0,OK,None,7,24513,"[1, 1, 1, 1, 1, 1, 1, 1, 1]"
1866975,8462284S00,"[218, 10]","[436, 27]",04:09:17,20260417,0.0,10825,"[12.7, 128.1, 128.9, 127.8, 129.2, 128.4, 127.9, 12.4, 795.3]",None,0.0,OK,None,7,24513,"[1, 1, 1, 1, 1, 1, 1, 1, 1]"
1866974,8462284S00,"[217, 10]","[435, 27]",04:08:39,20260417,0.0,10825,"[13.0, 127.6, 128.9, 127.4, 128.9, 128.7, 128.2, 12.1, 794.9]",None,0.0,OK,None,7,24513,"[1, 1, 1, 1, 1, 1, 1, 1, 1]"
1866973,8462284S00,"[216, 10]","[434, 27]",04:08:06,20260417,0.0,10825,"[12.3, 127.8, 128.7, 127.4, 128.7, 128.4, 128.7, 12.0, 794.1]",None,0.0,OK,None,7,24513,"[1, 1, 1, 1, 1, 1, 1, 1, 1]"
1866972,8462284S00,"[215, 10]","[433, 27]",04:07:37,20260417,0.0,10825,"[12.4, 127.9, 128.4, 127.8, 129.0, 128.4, 128.4, 12.5, 794.8]",None,0.0,OK,None,7,24513,"[1, 1, 1, 1, 1, 1, 1, 1, 1]"
1866971,8462284S00,"[214, 10]","[432, 27]",04:07:05,20260417,0.0,10825,"[12.1, 128.1, 128.7, 127.6, 129.0, 128.7, 127.9, 12.5, 794.7]",None,0.0,OK,None,7,24513,"[1, 1, 1, 1, 1, 1, 1, 1, 1]"
1866970,8462284S00,"[213, 10]","[431, 27]",04:06:31,20260417,0.0,10825,"[11.9, 127.5, 129.0, 127.9, 128.4, 128.4, 128.3, 12.3, 793.6]",None,0.0,OK,None,7,24513,"[1, 1, 1, 1, 1, 1, 1, 1, 1]"
1866969,8462284S00,"[212, 10]","[430, 27]",04:05:22,20260417,0.0,10825,"[12.0, 127.9, 129.0, 127.8, 128.7, 128.1, 128.4, 12.1, 794.1]",None,0.0,OK,None,7,24513,"[1, 1, 1, 1, 1, 1, 1, 1, 1]"
1866968,8462284S00,"[211, 10]","[429, 27]",04:04:46,20260417,0.0,10825,"[12.5, 127.9, 128.7, 127.4, 129.0, 128.6, 128.3, 12.5, 794.9]",None,0.0,OK,None,7,24513,"[1, 1, 1, 1, 1, 1, 1, 1, 1]"
1866967,8462284S00,"[210, 10]","[428, 27]",04:04:12,20260417,0.0,10825,"[12.3, 127.6, 129.0, 127.6, 128.9, 128.3, 128.3, 12.6, 794.6]",None,0.0,OK,None,7,24513,"[1, 1, 1, 1, 1, 1, 1, 1, 1]"
1866966,8462284S00,"[209, 10]","[427, 27]",04:03:37,20260417,0.0,10825,"[12.0, 127.8, 128.6, 128.4, 128.6, 128.4, 128.1, 12.7, 794.4]",None,0.0,OK,None,7,24513,"[1, 1, 1, 1, 1, 1, 1, 1, 1]"
1866965,8462284S00,"[208, 10]","[426, 27]",04:02:38,20260417,0.0,10825,"[12.2, 128.1, 128.6, 128.2, 128.7, 128.4, 128.1, 12.4, 794.7]",None,0.0,OK,None,7,24513,"[1, 1, 1, 1, 1, 1, 1, 1, 1]"
1866964,8462284S00,"[207, 10]","[425, 27]",04:02:04,20260417,0.0,10825,"[12.7, 127.8, 128.7, 128.1, 127.9, 128.4, 128.5, 12.4, 794.4]",None,0.0,OK,None,7,24513,"[1, 1, 1, 1, 1, 1, 1, 1, 1]"
1866963,8462284S00,"[206, 10]","[424, 27]",04:01:31,20260417,0.0,10825,"[12.1, 127.6, 129.1, 127.3, 129.5, 128.7, 128.1, 12.1, 794.4]",None,0.0,OK,None,7,24513,"[1, 1, 1, 1, 1, 1, 1, 1, 1]"
1866962,8462284S00,"[205, 10]","[423, 27]",03:59:41,20260417,0.0,10825,"[12.7, 128.2, 128.7, 127.1, 129.0, 128.1, 128.1, 12.3, 794.2]",None,0.0,OK,None,7,24513,"[1, 1, 1, 1, 1, 1, 1, 1, 1]"
1866961,8462284S00,"[204, 10]","[422, 27]",03:52:28,20260417,0.0,10825,"[12.6, 127.8, 128.9, 128.7, 127.8, 128.9, 128.3, 12.4, 795.2]",None,0.0,OK,None,7,24513,"[1, 1, 1, 1, 1, 1, 1, 1, 1]"
1866960,8462284S00,"[203, 10]","[421, 27]",03:51:56,20260417,0.0,10825,"[12.3, 128.1, 128.6, 127.6, 129.0, 128.7, 127.9, 12.5, 794.7]",None,0.0,OK,None,7,24513,"[1, 1, 1, 1, 1, 1, 1, 1, 1]"
1866959,8462284S00,"[202, 10]","[420, 27]",02:49:26,20260417,0.0,10825,"[12.4, 128.4, 128.4, 127.4, 129.0, 128.6, 128.1, 12.2, 794.5]",None,0.0,OK,None,7,24513,"[1, 1, 1, 1, 1, 1, 1, 1, 1]"
1866958,8462284S00,"[201, 10]","[419, 27]",02:48:45,20260417,0.0,10825,"[12.3, 128.1, 129.0, 127.2, 128.8, 128.6, 127.9, 12.3, 794.1]",None,0.0,OK,None,7,24513,"[1, 1, 1, 1, 1, 1, 1, 1, 1]"
1866957,8462284S00,"[200, 10]","[418, 27]",02:48:09,20260417,0.0,10825,"[12.5, 127.9, 128.9, 127.0, 129.4, 128.7, 127.9, 12.3, 794.6]",None,0.0,OK,None,7,24513,"[1, 1, 1, 1, 1, 1, 1, 1, 1]"
1866956,8462284S00,"[199, 10]","[417, 27]",02:47:34,20260417,0.0,10825,"[12.2, 127.8, 128.9, 127.4, 129.2, 128.7, 128.4, 12.5, 795.0]",None,0.0,OK,None,7,24513,"[1, 1, 1, 1, 1, 1, 1, 1, 1]"
1866955,8462284S00,"[198, 10]","[416, 27]",02:46:51,20260417,0.0,10825,"[12.1, 128.1, 128.9, 127.4, 129.0, 128.7, 128.3, 12.5, 795.1]",None,0.0,OK,None,7,24513,"[1, 1, 1, 1, 1, 1, 1, 1, 1]"
1866954,8462284S00,"[197, 10]","[415, 27]",02:46:14,20260417,0.0,10825,"[12.1, 128.1, 129.1, 127.4, 129.2, 128.1, 128.4, 12.5, 794.8]",None,0.0,OK,None,7,24513,"[1, 1, 1, 1, 1, 1, 1, 1, 1]"
1866953,8462284S00,"[196, 10]","[414, 27]",02:45:37,20260417,0.0,10825,"[12.2, 128.1, 128.1, 128.2, 128.4, 128.6, 127.6, 12.6, 793.7]",None,0.0,OK,None,7,24513,"[1, 1, 1, 1, 1, 1, 1, 1, 1]"
1866952,8462284S00,"[195, 10]","[413, 27]",02:45:28,20260417,0.0,10825,"[0, 0, 0, 0, 0, 0, 0, 0, 0]",None,0.0,NG,PART IS NOT FOUND,7,24513,"[0, 0, 0, 0, 0, 0, 0, 0, 0]"
1866951,8462284S00,"[195, 9]","[413, 26]",02:44:56,20260417,0.0,10825,"[12.5, 127.8, 128.9, 127.6, 129.2, 128.6, 127.8, 12.7, 794.9]",None,0.0,OK,None,7,24513,"[1, 1, 1, 1, 1, 1, 1, 1, 1]"
1866950,8462284S00,"[194, 9]","[412, 26]",02:44:13,20260417,0.0,10825,"[12.4, 127.8, 129.0, 127.8, 128.7, 128.6, 128.3, 12.4, 795.0]",None,0.0,OK,None,7,24513,"[1, 1, 1, 1, 1, 1, 1, 1, 1]"
1866949,8462284S00,"[193, 9]","[411, 26]",02:43:38,20260417,0.0,10825,"[12.4, 127.9, 128.7, 128.1, 128.2, 128.6, 128.4, 12.3, 794.6]",None,0.0,OK,None,7,24513,"[1, 1, 1, 1, 1, 1, 1, 1, 1]"
1866948,8462284S00,"[192, 9]","[410, 26]",02:41:34,20260417,0.0,10825,"[12.8, 128.1, 128.7, 127.6, 129.5, 128.9, 127.9, 12.2, 795.6]",None,0.0,OK,None,7,24513,"[1, 1, 1, 1, 1, 1, 1, 1, 1]"
1866947,8462284S00,"[191, 9]","[409, 26]",02:40:55,20260417,0.0,10825,"[12.3, 127.8, 128.9, 127.4, 129.2, 128.4, 128.1, 12.3, 794.4]",None,0.0,OK,None,7,24513,"[1, 1, 1, 1, 1, 1, 1, 1, 1]"
1866946,8462284S00,"[190, 9]","[408, 26]",02:40:19,20260417,0.0,10825,"[12.2, 127.8, 128.7, 127.1, 129.7, 128.6, 128.4, 12.4, 794.9]",None,0.0,OK,None,7,24513,"[1, 1, 1, 1, 1, 1, 1, 1, 1]"
1866945,8462284S00,"[189, 9]","[407, 26]",02:39:41,20260417,0.0,10825,"[12.6, 127.9, 128.7, 128.6, 127.9, 128.6, 128.0, 12.7, 794.9]",None,0.0,OK,None,7,24513,"[1, 1, 1, 1, 1, 1, 1, 1, 1]"
1866944,8462284S00,"[188, 9]","[406, 26]",02:39:05,20260417,0.0,10825,"[12.3, 127.9, 129.0, 127.8, 128.9, 128.6, 128.0, 12.5, 794.9]",None,0.0,OK,None,7,24513,"[1, 1, 1, 1, 1, 1, 1, 1, 1]"
1866943,8462284S00,"[187, 9]","[405, 26]",02:38:28,20260417,0.0,10825,"[12.6, 127.9, 128.7, 127.8, 128.7, 128.3, 128.2, 12.3, 794.5]",None,0.0,OK,None,7,24513,"[1, 1, 1, 1, 1, 1, 1, 1, 1]"
1866942,8462284S00,"[186, 9]","[404, 26]",02:37:02,20260417,0.0,10825,"[12.5, 127.8, 128.7, 127.8, 128.9, 128.6, 127.9, 12.2, 794.3]",None,0.0,OK,None,7,24513,"[1, 1, 1, 1, 1, 1, 1, 1, 1]"
1866941,8462284S00,"[185, 9]","[403, 26]",02:36:23,20260417,0.0,10825,"[12.9, 127.8, 128.7, 128.7, 128.2, 128.6, 128.1, 12.4, 795.4]",None,0.0,OK,None,7,24513,"[1, 1, 1, 1, 1, 1, 1, 1, 1]"
1866940,8462284S00,"[184, 9]","[402, 26]",02:35:44,20260417,0.0,10825,"[12.5, 127.8, 129.0, 127.3, 129.0, 128.7, 128.6, 12.1, 795.0]",None,0.0,OK,None,7,24513,"[1, 1, 1, 1, 1, 1, 1, 1, 1]"
1866939,8462284S00,"[183, 9]","[401, 26]",02:34:29,20260417,0.0,10825,"[12.5, 127.9, 128.7, 128.9, 127.9, 128.4, 128.0, 12.5, 794.7]",None,0.0,OK,None,7,24513,"[1, 1, 1, 1, 1, 1, 1, 1, 1]"
1866938,8462284S00,"[182, 9]","[400, 26]",02:32:51,20260417,0.0,10825,"[12.5, 128.2, 128.7, 127.9, 128.4, 128.6, 127.9, 12.6, 794.8]",None,0.0,OK,None,7,24513,"[1, 1, 1, 1, 1, 1, 1, 1, 1]"
1866937,8462284S00,"[181, 9]","[399, 26]",02:32:09,20260417,0.0,10825,"[12.8, 127.9, 129.0, 127.3, 128.9, 128.4, 127.9, 12.5, 794.7]",None,0.0,OK,None,7,24513,"[1, 1, 1, 1, 1, 1, 1, 1, 1]"
1866936,8462284S00,"[180, 9]","[398, 26]",02:31:32,20260417,0.0,10825,"[12.0, 127.9, 129.2, 127.6, 128.9, 128.7, 127.9, 12.4, 794.6]",None,0.0,OK,None,7,24513,"[1, 1, 1, 1, 1, 1, 1, 1, 1]"
1866935,8462284S00,"[179, 9]","[397, 26]",02:30:58,20260417,0.0,10825,"[11.9, 128.1, 128.7, 128.4, 128.6, 128.6, 128.2, 12.3, 794.7]",None,0.0,OK,None,7,24513,"[1, 1, 1, 1, 1, 1, 1, 1, 1]"
1866934,8462284S00,"[178, 9]","[396, 26]",02:30:18,20260417,0.0,10825,"[12.2, 128.1, 128.7, 129.2, 127.3, 128.4, 128.1, 12.2, 794.3]",None,0.0,OK,None,7,24513,"[1, 1, 1, 1, 1, 1, 1, 1, 1]"
1866933,8462284S00,"[177, 9]","[395, 26]",02:29:37,20260417,0.0,10825,"[12.5, 128.2, 129.0, 128.2, 127.8, 128.6, 128.4, 12.1, 794.8]",None,0.0,OK,None,7,24513,"[1, 1, 1, 1, 1, 1, 1, 1, 1]"
1866932,8462284S00,"[176, 9]","[394, 26]",02:29:08,20260417,0.0,10825,"[12.4, 127.9, 128.4, 128.7, 127.8, 128.6, 128.3, 12.2, 794.3]",None,0.0,OK,None,7,24513,"[1, 1, 1, 1, 1, 1, 1, 1, 1]"
1866931,8462284S00,"[175, 9]","[393, 26]",02:28:38,20260417,0.0,10825,"[12.2, 127.9, 128.7, 127.8, 128.9, 128.4, 128.4, 12.4, 794.7]",None,0.0,OK,None,7,24513,"[1, 1, 1, 1, 1, 1, 1, 1, 1]"
1866930,8462284S00,"[174, 9]","[392, 26]",02:28:05,20260417,0.0,10825,"[12.5, 128.1, 129.0, 127.6, 129.0, 128.6, 128.1, 12.5, 795.4]",None,0.0,OK,None,7,24513,"[1, 1, 1, 1, 1, 1, 1, 1, 1]"
1866929,8462284S00,"[173, 9]","[391, 26]",02:27:34,20260417,0.0,10825,"[12.5, 127.8, 129.0, 128.6, 127.6, 128.1, 128.7, 12.3, 794.6]",None,0.0,OK,None,7,24513,"[1, 1, 1, 1, 1, 1, 1, 1, 1]"
1866928,8462284S00,"[172, 9]","[390, 26]",02:25:32,20260417,0.0,10825,"[12.7, 127.9, 128.9, 127.2, 129.2, 128.9, 128.4, 12.6, 795.7]",None,0.0,OK,None,7,24513,"[1, 1, 1, 1, 1, 1, 1, 1, 1]"
1866927,8462284S00,"[171, 9]","[389, 26]",02:24:53,20260417,0.0,10825,"[12.4, 127.4, 129.0, 128.7, 127.8, 128.7, 128.8, 12.0, 794.9]",None,0.0,OK,None,7,24513,"[1, 1, 1, 1, 1, 1, 1, 1, 1]"
1866926,8462284S00,"[170, 9]","[388, 26]",02:24:14,20260417,0.0,10825,"[12.0, 128.0, 128.7, 128.9, 128.2, 128.2, 127.9, 12.4, 794.4]",None,0.0,OK,None,7,24513,"[1, 1, 1, 1, 1, 1, 1, 1, 1]"
1866925,8462284S00,"[169, 9]","[387, 26]",02:23:39,20260417,0.0,10825,"[12.1, 127.9, 129.0, 128.6, 127.9, 128.7, 128.1, 12.1, 794.4]",None,0.0,OK,None,7,24513,"[1, 1, 1, 1, 1, 1, 1, 1, 1]"
1866924,8462284S00,"[168, 9]","[386, 26]",02:23:02,20260417,0.0,10825,"[12.8, 127.9, 128.9, 128.7, 127.4, 128.6, 128.3, 12.2, 794.8]",None,0.0,OK,None,7,24513,"[1, 1, 1, 1, 1, 1, 1, 1, 1]"
1866923,8462284S00,"[167, 9]","[385, 26]",02:22:27,20260417,0.0,10825,"[12.0, 127.6, 128.9, 128.9, 127.8, 128.2, 128.6, 11.9, 793.9]",None,0.0,OK,None,7,24513,"[1, 1, 1, 1, 1, 1, 1, 1, 1]"
1866922,8462284S00,"[166, 9]","[384, 26]",02:21:52,20260417,0.0,10825,"[12.8, 127.8, 128.9, 127.5, 129.0, 128.7, 128.4, 11.9, 794.9]",None,0.0,OK,None,7,24513,"[1, 1, 1, 1, 1, 1, 1, 1, 1]"
1866921,8462284S00,"[165, 9]","[383, 26]",02:21:14,20260417,0.0,10825,"[12.3, 127.9, 129.4, 129.4, 127.4, 128.4, 128.1, 12.5, 795.3]",None,0.0,OK,None,7,24513,"[1, 1, 1, 1, 1, 1, 1, 1, 1]"
1866920,8462284S00,"[164, 9]","[382, 26]",02:20:32,20260417,0.0,10825,"[12.6, 127.9, 128.9, 128.7, 127.4, 128.4, 127.9, 12.6, 794.5]",None,0.0,OK,None,7,24513,"[1, 1, 1, 1, 1, 1, 1, 1, 1]"
1866919,8462284S00,"[163, 9]","[381, 26]",02:19:01,20260417,0.0,10825,"[11.7, 127.8, 128.9, 127.3, 128.9, 128.7, 128.6, 12.1, 793.9]",None,0.0,OK,None,7,24513,"[1, 1, 1, 1, 1, 1, 1, 1, 1]"
1866918,8462284S00,"[162, 9]","[380, 26]",02:17:51,20260417,0.0,10825,"[12.6, 128.4, 128.7, 127.4, 129.2, 128.7, 127.8, 12.5, 795.4]",None,0.0,OK,None,7,24513,"[1, 1, 1, 1, 1, 1, 1, 1, 1]"
1866917,8462284S00,"[161, 9]","[379, 26]",02:17:19,20260417,0.0,10825,"[12.8, 128.1, 128.9, 127.4, 128.9, 128.9, 127.8, 12.2, 794.9]",None,0.0,OK,None,7,24513,"[1, 1, 1, 1, 1, 1, 1, 1, 1]"
1866916,8462284S00,"[160, 9]","[378, 26]",02:15:32,20260417,0.0,10825,"[12.6, 128.4, 128.9, 127.6, 128.9, 128.6, 127.8, 12.4, 795.0]",None,0.0,OK,None,7,24513,"[1, 1, 1, 1, 1, 1, 1, 1, 1]"
1866915,8462284S00,"[159, 9]","[377, 26]",02:14:58,20260417,0.0,10825,"[12.6, 128.1, 128.9, 127.3, 129.2, 128.6, 128.2, 12.4, 795.3]",None,0.0,OK,None,7,24513,"[1, 1, 1, 1, 1, 1, 1, 1, 1]"
1866914,8462284S00,"[158, 9]","[376, 26]",02:14:19,20260417,0.0,10825,"[12.1, 128.1, 128.6, 127.6, 129.0, 128.4, 128.3, 12.0, 794.0]",None,0.0,OK,None,7,24513,"[1, 1, 1, 1, 1, 1, 1, 1, 1]"
1866913,8462284S00,"[157, 9]","[375, 26]",02:13:25,20260417,0.0,10825,"[12.8, 127.8, 128.9, 127.8, 128.9, 128.6, 127.8, 12.3, 794.8]",None,0.0,OK,None,7,24513,"[1, 1, 1, 1, 1, 1, 1, 1, 1]"
1866912,8462284S00,"[156, 9]","[374, 26]",02:12:52,20260417,0.0,10825,"[11.9, 127.6, 128.9, 128.6, 128.4, 128.6, 128.3, 12.3, 794.5]",None,0.0,OK,None,7,24513,"[1, 1, 1, 1, 1, 1, 1, 1, 1]"
1866911,8462284S00,"[155, 9]","[373, 26]",02:12:14,20260417,0.0,10825,"[12.6, 127.9, 128.6, 128.4, 128.9, 128.7, 127.9, 12.2, 795.1]",None,0.0,OK,None,7,24513,"[1, 1, 1, 1, 1, 1, 1, 1, 1]"
1866910,8462284S00,"[154, 9]","[372, 26]",02:11:39,20260417,0.0,10825,"[13.0, 128.1, 129.0, 127.4, 128.6, 128.7, 128.1, 12.2, 795.1]",None,0.0,OK,None,7,24513,"[1, 1, 1, 1, 1, 1, 1, 1, 1]"
1866909,8462284S00,"[153, 9]","[371, 26]",02:11:05,20260417,0.0,10825,"[12.2, 127.8, 128.7, 128.4, 127.8, 128.4, 128.4, 12.2, 793.8]",None,0.0,OK,None,7,24513,"[1, 1, 1, 1, 1, 1, 1, 1, 1]"
1866908,8462284S00,"[152, 9]","[370, 26]",02:09:49,20260417,0.0,10825,"[12.1, 128.1, 129.0, 127.8, 129.0, 128.9, 127.9, 12.7, 795.5]",None,0.0,OK,None,7,24513,"[1, 1, 1, 1, 1, 1, 1, 1, 1]"
1866907,8462284S00,"[151, 9]","[369, 26]",02:09:13,20260417,0.0,10825,"[12.8, 127.8, 128.7, 127.6, 129.2, 128.7, 128.1, 12.6, 795.5]",None,0.0,OK,None,7,24513,"[1, 1, 1, 1, 1, 1, 1, 1, 1]"
1866906,8462284S00,"[150, 9]","[368, 26]",02:08:39,20260417,0.0,10825,"[12.1, 128.1, 129.0, 127.8, 128.9, 128.7, 128.2, 12.6, 795.3]",None,0.0,OK,None,7,24513,"[1, 1, 1, 1, 1, 1, 1, 1, 1]"
1866905,8462284S00,"[149, 9]","[367, 26]",02:08:07,20260417,0.0,10825,"[12.6, 127.9, 129.2, 127.6, 129.0, 128.4, 128.2, 12.4, 795.4]",None,0.0,OK,None,7,24513,"[1, 1, 1, 1, 1, 1, 1, 1, 1]"
1866904,8462284S00,"[148, 9]","[366, 26]",02:07:31,20260417,0.0,10825,"[12.9, 127.9, 129.2, 128.2, 128.6, 128.1, 128.2, 12.5, 795.6]",None,0.0,OK,None,7,24513,"[1, 1, 1, 1, 1, 1, 1, 1, 1]"
1866903,8462284S00,"[147, 9]","[365, 26]",02:06:57,20260417,0.0,10825,"[12.3, 128.1, 129.0, 128.9, 127.6, 128.9, 128.2, 12.6, 795.6]",None,0.0,OK,None,7,24513,"[1, 1, 1, 1, 1, 1, 1, 1, 1]"
1866902,8462284S00,"[146, 9]","[364, 26]",02:06:22,20260417,0.0,10825,"[12.6, 127.9, 129.0, 129.0, 127.7, 128.6, 128.2, 12.3, 795.4]",None,0.0,OK,None,7,24513,"[1, 1, 1, 1, 1, 1, 1, 1, 1]"
1866901,8462284S00,"[145, 9]","[363, 26]",02:05:33,20260417,0.0,10825,"[12.4, 127.8, 128.9, 127.9, 129.0, 128.4, 128.2, 12.6, 795.3]",None,0.0,OK,None,7,24513,"[1, 1, 1, 1, 1, 1, 1, 1, 1]"
1866900,8462284S00,"[144, 9]","[362, 26]",02:05:04,20260417,0.0,10825,"[12.9, 127.9, 128.9, 128.7, 128.1, 128.4, 128.1, 12.2, 795.2]",None,0.0,OK,None,7,24513,"[1, 1, 1, 1, 1, 1, 1, 1, 1]"
1866899,8462284S00,"[143, 9]","[361, 26]",02:04:28,20260417,0.0,10825,"[12.5, 128.1, 129.0, 128.7, 127.9, 128.7, 128.3, 12.7, 795.9]",None,0.0,OK,None,7,24513,"[1, 1, 1, 1, 1, 1, 1, 1, 1]"
1866898,8462284S00,"[142, 9]","[360, 26]",02:03:07,20260417,0.0,10825,"[12.6, 127.9, 129.0, 128.6, 127.9, 128.7, 128.3, 12.0, 795.0]",None,0.0,OK,None,7,24513,"[1, 1, 1, 1, 1, 1, 1, 1, 1]"
1866897,8462284S00,"[141, 9]","[359, 26]",02:02:30,20260417,0.0,10825,"[12.7, 127.8, 128.7, 128.2, 128.7, 128.2, 128.4, 12.3, 795.1]",None,0.0,OK,None,7,24513,"[1, 1, 1, 1, 1, 1, 1, 1, 1]"
1866896,8462284S00,"[140, 9]","[358, 26]",02:01:54,20260417,0.0,10825,"[12.4, 127.9, 128.7, 127.8, 129.0, 128.7, 128.2, 12.1, 794.8]",None,0.0,OK,None,7,24513,"[1, 1, 1, 1, 1, 1, 1, 1, 1]"
1866895,8462284S00,"[139, 9]","[357, 26]",02:01:14,20260417,0.0,10825,"[12.3, 127.9, 128.9, 128.2, 128.6, 128.6, 128.1, 12.1, 794.7]",None,0.0,OK,None,7,24513,"[1, 1, 1, 1, 1, 1, 1, 1, 1]"
1866894,8462284S00,"[138, 9]","[356, 26]",02:00:39,20260417,0.0,10825,"[12.6, 128.1, 129.0, 127.6, 129.0, 128.4, 128.3, 12.6, 795.6]",None,0.0,OK,None,7,24513,"[1, 1, 1, 1, 1, 1, 1, 1, 1]"
1866893,8462284S00,"[137, 9]","[355, 26]",02:00:05,20260417,0.0,10825,"[12.3, 128.2, 129.0, 127.8, 128.9, 128.2, 128.3, 12.3, 795.0]",None,0.0,OK,None,7,24513,"[1, 1, 1, 1, 1, 1, 1, 1, 1]"
1866892,8462284S00,"[136, 9]","[354, 26]",01:59:28,20260417,0.0,10825,"[12.5, 127.9, 129.2, 128.7, 127.8, 128.7, 128.4, 12.2, 795.4]",None,0.0,OK,None,7,24513,"[1, 1, 1, 1, 1, 1, 1, 1, 1]"
1866891,8462284S00,"[135, 9]","[353, 26]",01:58:52,20260417,0.0,10825,"[12.7, 127.8, 129.0, 127.4, 129.0, 128.6, 127.9, 12.7, 795.1]",None,0.0,OK,None,7,24513,"[1, 1, 1, 1, 1, 1, 1, 1, 1]"
1866890,8462284S00,"[134, 9]","[352, 26]",01:58:11,20260417,0.0,10825,"[10.7, 127.8, 128.9, 128.1, 128.6, 128.9, 128.4, 12.2, 793.5]",None,0.0,OK,None,7,24513,"[1, 1, 1, 1, 1, 1, 1, 1, 1]"
1866889,8462284S00,"[133, 9]","[351, 26]",01:56:10,20260417,0.0,10825,"[12.9, 128.1, 128.7, 127.3, 129.0, 128.6, 128.4, 12.7, 795.6]",None,0.0,OK,None,7,24513,"[1, 1, 1, 1, 1, 1, 1, 1, 1]"
1866888,8462284S00,"[132, 9]","[350, 26]",01:54:55,20260417,0.0,10825,"[12.7, 128.1, 128.7, 129.2, 127.8, 128.7, 128.3, 12.6, 796.0]",None,0.0,OK,None,7,24513,"[1, 1, 1, 1, 1, 1, 1, 1, 1]"
1866887,8462284S00,"[131, 9]","[349, 26]",01:54:20,20260417,0.0,10825,"[12.1, 127.9, 128.7, 128.6, 127.9, 128.7, 128.2, 12.1, 794.2]",None,0.0,OK,None,7,24513,"[1, 1, 1, 1, 1, 1, 1, 1, 1]"
1866886,8462284S00,"[130, 9]","[348, 26]",01:53:47,20260417,0.0,10825,"[12.6, 127.8, 128.9, 128.6, 127.9, 128.4, 128.4, 12.3, 794.8]",None,0.0,OK,None,7,24513,"[1, 1, 1, 1, 1, 1, 1, 1, 1]"
1866885,8462284S00,"[129, 9]","[347, 26]",01:50:59,20260417,0.0,10825,"[12.4, 127.6, 129.2, 127.6, 129.0, 128.6, 128.1, 12.4, 794.8]",None,0.0,OK,None,7,24513,"[1, 1, 1, 1, 1, 1, 1, 1, 1]"
1866884,8462284S00,"[128, 9]","[346, 26]",01:50:19,20260417,0.0,10825,"[11.8, 127.9, 128.9, 127.4, 128.6, 128.9, 127.9, 12.5, 793.9]",None,0.0,OK,None,7,24513,"[1, 1, 1, 1, 1, 1, 1, 1, 1]"
1866883,8462284S00,"[127, 9]","[345, 26]",01:49:28,20260417,0.0,10825,"[12.5, 127.6, 128.2, 128.4, 128.6, 128.7, 127.8, 12.7, 794.5]",None,0.0,OK,None,7,24513,"[1, 1, 1, 1, 1, 1, 1, 1, 1]"
1866882,8462284S00,"[126, 9]","[344, 26]",01:49:20,20260417,0.0,10825,"[12.5, 128.1, 129.0, 127.3, 129.8, 128.6, 128.1, 12.5, 795.9]",None,0.0,NG,CLIP PITCH NG,7,24513,"[1, 1, 1, 1, 0, 1, 1, 1, 1]"
1866881,8462284S00,"[126, 8]","[344, 25]",01:48:45,20260417,0.0,10825,"[12.1, 127.4, 128.7, 128.9, 127.5, 128.7, 128.2, 12.1, 793.7]",None,0.0,OK,None,7,24513,"[1, 1, 1, 1, 1, 1, 1, 1, 1]"
1866880,8462284S00,"[125, 8]","[343, 25]",01:48:08,20260417,0.0,10825,"[12.4, 127.8, 128.9, 127.9, 128.7, 128.7, 128.1, 12.2, 794.6]",None,0.0,OK,None,7,24513,"[1, 1, 1, 1, 1, 1, 1, 1, 1]"
1866879,8462284S00,"[124, 8]","[342, 25]",01:47:36,20260417,0.0,10825,"[12.5, 127.9, 129.2, 128.9, 127.4, 128.6, 128.3, 12.3, 795.1]",None,0.0,OK,None,7,24513,"[1, 1, 1, 1, 1, 1, 1, 1, 1]"
1866878,8462284S00,"[123, 8]","[341, 25]",01:46:59,20260417,0.0,10825,"[12.6, 127.8, 128.9, 127.8, 129.2, 128.7, 128.7, 11.9, 795.5]",None,0.0,OK,None,7,24513,"[1, 1, 1, 1, 1, 1, 1, 1, 1]"
1866877,8462284S00,"[122, 8]","[340, 25]",01:38:18,20260417,0.0,10825,"[12.1, 127.8, 129.5, 127.5, 128.6, 128.4, 128.2, 12.6, 794.6]",None,0.0,OK,None,7,24513,"[1, 1, 1, 1, 1, 1, 1, 1, 1]"
1866876,8462284S00,"[121, 8]","[339, 25]",01:37:43,20260417,0.0,10825,"[12.4, 128.1, 128.7, 127.6, 129.0, 129.0, 128.1, 12.2, 795.2]",None,0.0,OK,None,7,24513,"[1, 1, 1, 1, 1, 1, 1, 1, 1]"
1866875,8462284S00,"[120, 8]","[338, 25]",01:37:10,20260417,0.0,10825,"[12.3, 127.8, 128.7, 127.6, 129.0, 128.4, 128.4, 12.4, 794.6]",None,0.0,OK,None,7,24513,"[1, 1, 1, 1, 1, 1, 1, 1, 1]"
1866874,8462284S00,"[119, 8]","[337, 25]",01:34:58,20260417,0.0,10825,"[12.3, 128.2, 128.9, 127.4, 128.7, 128.2, 127.8, 12.4, 794.0]",None,0.0,OK,None,7,24513,"[1, 1, 1, 1, 1, 1, 1, 1, 1]"
1866873,8462284S00,"[118, 8]","[336, 25]",01:34:03,20260417,0.0,10825,"[12.9, 128.3, 128.9, 127.8, 128.7, 128.6, 128.1, 12.4, 795.6]",None,0.0,OK,None,7,24513,"[1, 1, 1, 1, 1, 1, 1, 1, 1]"
1866872,8462284S00,"[117, 8]","[335, 25]",01:33:25,20260417,0.0,10825,"[12.5, 127.8, 129.2, 128.7, 127.8, 128.7, 128.1, 12.3, 795.0]",None,0.0,OK,None,7,24513,"[1, 1, 1, 1, 1, 1, 1, 1, 1]"
1866871,8462284S00,"[116, 8]","[334, 25]",01:32:48,20260417,0.0,10825,"[12.2, 127.8, 128.2, 128.2, 129.0, 128.4, 127.4, 13.1, 794.5]",None,0.0,OK,None,7,24513,"[1, 1, 1, 1, 1, 1, 1, 1, 1]"
1866870,8462284S00,"[115, 8]","[333, 25]",01:32:40,20260417,0.0,10825,"[0, 0, 0, 0, 0, 0, 0, 0, 0]",None,0.0,NG,PART IS NOT FOUND,7,24513,"[0, 0, 0, 0, 0, 0, 0, 0, 0]"
1866869,8462284S00,"[115, 7]","[333, 24]",01:32:05,20260417,0.0,10825,"[12.6, 127.6, 128.7, 127.6, 129.4, 128.7, 128.1, 12.6, 795.3]",None,0.0,OK,None,7,24513,"[1, 1, 1, 1, 1, 1, 1, 1, 1]"
1866868,8462284S00,"[114, 7]","[332, 24]",01:31:30,20260417,0.0,10825,"[12.7, 127.8, 129.2, 127.6, 128.9, 128.1, 127.9, 12.5, 794.6]",None,0.0,OK,None,7,24513,"[1, 1, 1, 1, 1, 1, 1, 1, 1]"
1866867,8462284S00,"[113, 7]","[331, 24]",01:31:01,20260417,0.0,10825,"[12.6, 128.1, 129.0, 127.6, 128.7, 128.4, 129.0, 12.3, 795.8]",None,0.0,OK,None,7,24513,"[1, 1, 1, 1, 1, 1, 1, 1, 1]"
1866866,8462284S00,"[112, 7]","[330, 24]",01:29:25,20260417,0.0,10825,"[12.4, 127.8, 128.9, 127.3, 129.0, 128.7, 128.1, 12.1, 794.2]",None,0.0,OK,None,7,24513,"[1, 1, 1, 1, 1, 1, 1, 1, 1]"
1866865,8462284S00,"[111, 7]","[329, 24]",01:28:48,20260417,0.0,10825,"[12.8, 127.9, 128.4, 127.6, 129.4, 128.4, 128.1, 12.2, 794.7]",None,0.0,OK,None,7,24513,"[1, 1, 1, 1, 1, 1, 1, 1, 1]"
1866864,8462284S00,"[110, 7]","[328, 24]",01:28:11,20260417,0.0,10825,"[12.5, 127.8, 128.9, 127.3, 129.2, 128.6, 128.2, 12.3, 794.7]",None,0.0,OK,None,7,24513,"[1, 1, 1, 1, 1, 1, 1, 1, 1]"
1866863,8462284S00,"[109, 7]","[327, 24]",01:27:34,20260417,0.0,10825,"[12.6, 127.9, 129.2, 127.2, 129.3, 128.4, 127.9, 12.4, 795.0]",None,0.0,OK,None,7,24513,"[1, 1, 1, 1, 1, 1, 1, 1, 1]"
1866862,8462284S00,"[108, 7]","[326, 24]",01:26:57,20260417,0.0,10825,"[12.4, 127.5, 128.6, 127.5, 129.0, 128.4, 128.9, 11.8, 794.0]",None,0.0,OK,None,7,24513,"[1, 1, 1, 1, 1, 1, 1, 1, 1]"
1866861,8462284S00,"[107, 7]","[325, 24]",01:26:20,20260417,0.0,10825,"[12.0, 127.8, 128.9, 127.6, 129.2, 128.7, 128.4, 12.4, 795.0]",None,0.0,OK,None,7,24513,"[1, 1, 1, 1, 1, 1, 1, 1, 1]"
1866860,8462284S00,"[106, 7]","[324, 24]",01:25:42,20260417,0.0,10825,"[12.4, 127.8, 128.9, 127.6, 129.2, 128.4, 128.1, 12.2, 794.5]",None,0.0,OK,None,7,24513,"[1, 1, 1, 1, 1, 1, 1, 1, 1]"
1866859,8462284S00,"[105, 7]","[323, 24]",01:25:04,20260417,0.0,10825,"[12.7, 127.8, 128.9, 127.3, 128.9, 129.2, 128.2, 12.2, 795.2]",None,0.0,OK,None,7,24513,"[1, 1, 1, 1, 1, 1, 1, 1, 1]"
1866858,8462284S00,"[104, 7]","[322, 24]",01:22:57,20260417,0.0,10825,"[12.8, 127.9, 129.0, 127.3, 129.4, 128.7, 126.8, 12.9, 794.7]",None,0.0,OK,None,7,24513,"[1, 1, 1, 1, 1, 1, 1, 1, 1]"
1866857,8462284S00,"[103, 7]","[321, 24]",01:22:21,20260417,0.0,10825,"[12.1, 127.8, 128.9, 127.9, 128.9, 128.4, 128.8, 12.4, 795.1]",None,0.0,OK,None,7,24513,"[1, 1, 1, 1, 1, 1, 1, 1, 1]"
1866856,8462284S00,"[102, 7]","[320, 24]",01:21:14,20260417,0.0,10825,"[13.1, 128.1, 128.6, 127.8, 129.0, 128.1, 128.3, 12.5, 795.5]",None,0.0,OK,None,7,24513,"[1, 1, 1, 1, 1, 1, 1, 1, 1]"
1866855,8462284S00,"[101, 7]","[319, 24]",01:20:35,20260417,0.0,10825,"[12.5, 127.6, 127.9, 127.9, 129.0, 128.6, 127.9, 12.4, 793.9]",None,0.0,OK,None,7,24513,"[1, 1, 1, 1, 1, 1, 1, 1, 1]"
1866854,8462284S00,"[100, 7]","[318, 24]",01:20:28,20260417,0.0,10825,"[0, 0, 0, 0, 0, 0, 0, 0, 0]",None,0.0,NG,NUMBER OF CLIP MISMATCH,7,24513,"[0, 0, 0, 0, 0, 0, 0, 0, 0]"
1866853,8462284S00,"[100, 6]","[318, 23]",01:19:57,20260417,0.0,10825,"[12.6, 127.8, 128.2, 127.4, 128.7, 128.6, 127.9, 12.9, 794.1]",None,0.0,OK,None,7,24513,"[1, 1, 1, 1, 1, 1, 1, 1, 1]"
1866852,8462284S00,"[99, 6]","[317, 23]",01:19:14,20260417,0.0,10825,"[12.3, 128.3, 129.0, 127.4, 129.7, 128.6, 127.9, 12.6, 795.7]",None,0.0,OK,None,7,24513,"[1, 1, 1, 1, 1, 1, 1, 1, 1]"
1866851,8462284S00,"[98, 6]","[316, 23]",01:18:38,20260417,0.0,10825,"[12.4, 128.1, 129.2, 127.6, 129.2, 128.4, 127.9, 12.6, 795.3]",None,0.0,OK,None,7,24513,"[1, 1, 1, 1, 1, 1, 1, 1, 1]"
1866850,8462284S00,"[97, 6]","[315, 23]",01:16:38,20260417,0.0,10825,"[12.9, 128.1, 128.6, 127.6, 128.9, 128.7, 127.9, 12.4, 795.0]",None,0.0,OK,None,7,24513,"[1, 1, 1, 1, 1, 1, 1, 1, 1]"
1866849,8462284S00,"[96, 6]","[314, 23]",01:16:06,20260417,0.0,10825,"[12.3, 127.6, 128.9, 127.5, 129.0, 128.4, 128.4, 12.6, 794.8]",None,0.0,OK,None,7,24513,"[1, 1, 1, 1, 1, 1, 1, 1, 1]"
1866848,8462284S00,"[95, 6]","[313, 23]",01:15:36,20260417,0.0,10825,"[10.3, 128.6, 128.6, 127.9, 128.7, 128.9, 127.8, 12.7, 793.5]",None,0.0,OK,None,7,24513,"[1, 1, 1, 1, 1, 1, 1, 1, 1]"
1866847,8462284S00,"[94, 6]","[312, 23]",01:14:26,20260417,0.0,10825,"[12.2, 127.9, 128.7, 127.6, 129.3, 128.6, 128.1, 12.5, 794.9]",None,0.0,OK,None,7,24513,"[1, 1, 1, 1, 1, 1, 1, 1, 1]"
1866846,8462284S00,"[93, 6]","[311, 23]",01:13:55,20260417,0.0,10825,"[12.9, 127.6, 128.7, 127.6, 128.6, 128.4, 128.1, 12.2, 794.0]",None,0.0,OK,None,7,24513,"[1, 1, 1, 1, 1, 1, 1, 1, 1]"
1866845,8462284S00,"[92, 6]","[310, 23]",01:12:21,20260417,0.0,10825,"[12.4, 128.2, 129.0, 127.9, 129.3, 128.1, 127.6, 12.5, 795.1]",None,0.0,OK,None,7,24513,"[1, 1, 1, 1, 1, 1, 1, 1, 1]"
1866844,8462284S00,"[91, 6]","[309, 23]",01:11:43,20260417,0.0,10825,"[12.3, 127.8, 128.9, 127.4, 128.9, 128.3, 128.4, 12.5, 794.4]",None,0.0,OK,None,7,24513,"[1, 1, 1, 1, 1, 1, 1, 1, 1]"
1866843,8462284S00,"[90, 6]","[308, 23]",01:11:01,20260417,0.0,10825,"[12.5, 127.8, 128.9, 127.6, 128.9, 128.7, 128.1, 13.1, 795.5]",None,0.0,OK,None,7,24513,"[1, 1, 1, 1, 1, 1, 1, 1, 1]"
1866842,8462284S00,"[89, 6]","[307, 23]",01:10:27,20260417,0.0,10825,"[12.2, 128.1, 129.0, 128.2, 128.2, 128.9, 128.1, 12.5, 795.3]",None,0.0,OK,None,7,24513,"[1, 1, 1, 1, 1, 1, 1, 1, 1]"
1866841,8462284S00,"[88, 6]","[306, 23]",01:09:47,20260417,0.0,10825,"[11.8, 127.8, 128.9, 127.5, 128.7, 128.8, 128.1, 12.1, 793.7]",None,0.0,OK,None,7,24513,"[1, 1, 1, 1, 1, 1, 1, 1, 1]"
1866840,8462284S00,"[87, 6]","[305, 23]",01:09:18,20260417,0.0,10825,"[12.6, 127.9, 128.9, 127.4, 129.2, 128.6, 128.8, 11.9, 795.3]",None,0.0,OK,None,7,24513,"[1, 1, 1, 1, 1, 1, 1, 1, 1]"
1866839,8462284S00,"[86, 6]","[304, 23]",01:08:45,20260417,0.0,10825,"[12.0, 127.6, 128.9, 128.6, 127.8, 128.7, 128.9, 11.9, 794.3]",None,0.0,OK,None,7,24513,"[1, 1, 1, 1, 1, 1, 1, 1, 1]"
1866838,8462284S00,"[85, 6]","[303, 23]",01:08:13,20260417,0.0,10825,"[12.9, 128.1, 128.9, 127.8, 128.9, 128.7, 128.6, 12.1, 795.8]",None,0.0,OK,None,7,24513,"[1, 1, 1, 1, 1, 1, 1, 1, 1]"
1866837,8462284S00,"[84, 6]","[302, 23]",01:07:35,20260417,0.0,10825,"[12.8, 127.6, 129.2, 127.9, 128.7, 128.7, 128.2, 12.3, 795.4]",None,0.0,OK,None,7,24513,"[1, 1, 1, 1, 1, 1, 1, 1, 1]"
1866836,8462284S00,"[83, 6]","[301, 23]",01:07:06,20260417,0.0,10825,"[12.7, 127.8, 129.0, 128.4, 127.8, 128.4, 128.6, 12.5, 795.1]",None,0.0,OK,None,7,24513,"[1, 1, 1, 1, 1, 1, 1, 1, 1]"
1866835,8462284S00,"[82, 6]","[300, 23]",01:02:44,20260417,0.0,10825,"[12.3, 127.8, 128.6, 127.9, 128.4, 128.7, 128.1, 12.2, 793.9]",None,0.0,OK,None,7,24513,"[1, 1, 1, 1, 1, 1, 1, 1, 1]"
1866834,8462284S00,"[81, 6]","[299, 23]",01:02:09,20260417,0.0,10825,"[12.0, 128.1, 128.2, 128.0, 128.7, 129.0, 127.1, 12.5, 793.6]",None,0.0,OK,None,7,24513,"[1, 1, 1, 1, 1, 1, 1, 1, 1]"
1866833,8462284S00,"[80, 6]","[298, 23]",01:02:01,20260417,0.0,10825,"[0, 0, 0, 0, 0, 0, 0, 0, 0]",None,0.0,NG,PART IS NOT FOUND,7,24513,"[0, 0, 0, 0, 0, 0, 0, 0, 0]"
1866832,8462284S00,"[80, 5]","[298, 22]",01:01:32,20260417,0.0,10825,"[12.5, 127.5, 129.0, 127.8, 128.9, 128.7, 128.3, 13.0, 795.6]",None,0.0,OK,None,7,24513,"[1, 1, 1, 1, 1, 1, 1, 1, 1]"
1866831,8462284S00,"[79, 5]","[297, 22]",01:00:52,20260417,0.0,10825,"[12.4, 128.1, 128.1, 128.1, 128.7, 128.4, 127.4, 12.7, 793.9]",None,0.0,OK,None,7,24513,"[1, 1, 1, 1, 1, 1, 1, 1, 1]"
1866830,8462284S00,"[78, 5]","[296, 22]",01:00:46,20260417,0.0,10825,"[0, 0, 0, 0, 0, 0, 0, 0, 0]",None,0.0,NG,PART NOT FOUND,7,24513,"[0, 0, 0, 0, 0, 0, 0, 0, 0]"
1866829,8462284S00,"[78, 4]","[296, 21]",01:00:18,20260417,0.0,10825,"[12.3, 128.1, 128.1, 128.2, 128.6, 128.6, 127.6, 12.4, 793.8]",None,0.0,OK,None,7,24513,"[1, 1, 1, 1, 1, 1, 1, 1, 1]"
1866828,8462284S00,"[77, 4]","[295, 21]",01:00:06,20260417,0.0,10825,"[0, 0, 0, 0, 0, 0, 0, 0, 0]",None,0.0,NG,NUMBER OF CLIP MISMATCH,7,24513,"[0, 0, 0, 0, 0, 0, 0, 0, 0]"
1866827,8462284S00,"[77, 3]","[295, 20]",00:55:24,20260417,0.0,10825,"[12.2, 128.1, 128.9, 127.5, 128.9, 128.9, 128.6, 12.6, 795.5]",None,0.0,OK,None,7,24513,"[1, 1, 1, 1, 1, 1, 1, 1, 1]"
1866826,8462284S00,"[76, 3]","[294, 20]",00:54:51,20260417,0.0,10825,"[12.6, 127.8, 128.9, 127.6, 128.7, 128.9, 128.6, 12.3, 795.3]",None,0.0,OK,None,7,24513,"[1, 1, 1, 1, 1, 1, 1, 1, 1]"
1866825,8462284S00,"[75, 3]","[293, 20]",00:54:23,20260417,0.0,10825,"[12.4, 127.9, 129.3, 127.5, 129.0, 128.4, 128.3, 12.4, 795.2]",None,0.0,OK,None,7,24513,"[1, 1, 1, 1, 1, 1, 1, 1, 1]"
1866824,8462284S00,"[74, 3]","[292, 20]",00:53:52,20260417,0.0,10825,"[12.3, 127.9, 128.9, 127.4, 128.7, 128.4, 128.1, 12.2, 794.0]",None,0.0,OK,None,7,24513,"[1, 1, 1, 1, 1, 1, 1, 1, 1]"
1866823,8462284S00,"[73, 3]","[291, 20]",00:53:21,20260417,0.0,10825,"[12.4, 127.9, 129.0, 127.4, 129.0, 128.9, 128.3, 12.2, 795.2]",None,0.0,OK,None,7,24513,"[1, 1, 1, 1, 1, 1, 1, 1, 1]"
1866822,8462284S00,"[72, 3]","[290, 20]",00:52:16,20260417,0.0,10825,"[12.3, 127.8, 128.7, 127.9, 128.2, 128.4, 128.6, 12.3, 794.2]",None,0.0,OK,None,7,24513,"[1, 1, 1, 1, 1, 1, 1, 1, 1]"
1866821,8462284S00,"[71, 3]","[289, 20]",00:51:47,20260417,0.0,10825,"[12.3, 127.8, 129.0, 128.6, 128.7, 128.4, 128.2, 12.5, 795.5]",None,0.0,OK,None,7,24513,"[1, 1, 1, 1, 1, 1, 1, 1, 1]"
1866820,8462284S00,"[70, 3]","[288, 20]",00:51:08,20260417,0.0,10825,"[12.6, 127.9, 128.7, 128.7, 127.9, 128.6, 128.1, 12.5, 795.0]",None,0.0,OK,None,7,24513,"[1, 1, 1, 1, 1, 1, 1, 1, 1]"
1866819,8462284S00,"[69, 3]","[287, 20]",00:50:39,20260417,0.0,10825,"[12.2, 127.9, 128.7, 128.1, 128.4, 128.4, 128.6, 12.1, 794.3]",None,0.0,OK,None,7,24513,"[1, 1, 1, 1, 1, 1, 1, 1, 1]"
1866818,8462284S00,"[68, 3]","[286, 20]",00:50:12,20260417,0.0,10825,"[12.3, 127.9, 128.7, 127.9, 128.4, 128.9, 127.9, 12.4, 794.4]",None,0.0,OK,None,7,24513,"[1, 1, 1, 1, 1, 1, 1, 1, 1]"
1866817,8462284S00,"[67, 3]","[285, 20]",00:48:35,20260417,0.0,10825,"[12.5, 127.6, 129.0, 128.4, 128.6, 129.0, 128.6, 12.2, 795.9]",None,0.0,OK,None,7,24513,"[1, 1, 1, 1, 1, 1, 1, 1, 1]"
1866816,8462284S00,"[66, 3]","[284, 20]",00:48:09,20260417,0.0,10825,"[12.4, 127.9, 128.7, 127.6, 128.9, 128.4, 128.1, 12.3, 794.3]",None,0.0,OK,None,7,24513,"[1, 1, 1, 1, 1, 1, 1, 1, 1]"
1866815,8462284S00,"[65, 3]","[283, 20]",00:47:34,20260417,0.0,10825,"[12.7, 127.8, 128.9, 127.6, 128.9, 128.4, 127.9, 12.2, 794.3]",None,0.0,OK,None,7,24513,"[1, 1, 1, 1, 1, 1, 1, 1, 1]"
1866814,8462284S00,"[64, 3]","[282, 20]",00:47:08,20260417,0.0,10825,"[12.5, 127.8, 128.9, 128.1, 128.6, 128.6, 128.3, 12.0, 794.7]",None,0.0,OK,None,7,24513,"[1, 1, 1, 1, 1, 1, 1, 1, 1]"
1866813,8462284S00,"[63, 3]","[281, 20]",00:46:37,20260417,0.0,10825,"[12.2, 127.9, 128.9, 128.0, 128.4, 128.4, 127.9, 12.2, 794.0]",None,0.0,OK,None,7,24513,"[1, 1, 1, 1, 1, 1, 1, 1, 1]"
1866812,8462284S00,"[62, 3]","[280, 20]",00:44:57,20260417,0.0,10825,"[12.2, 128.2, 129.0, 128.2, 128.6, 128.6, 128.2, 12.1, 795.2]",None,0.0,OK,None,7,24513,"[1, 1, 1, 1, 1, 1, 1, 1, 1]"
1866811,8462284S00,"[61, 3]","[279, 20]",00:44:23,20260417,0.0,10825,"[12.5, 127.6, 129.2, 128.2, 128.9, 128.4, 128.6, 12.5, 795.9]",None,0.0,OK,None,7,24513,"[1, 1, 1, 1, 1, 1, 1, 1, 1]"
1866810,8462284S00,"[60, 3]","[278, 20]",00:43:52,20260417,0.0,10825,"[12.6, 127.8, 128.4, 127.8, 129.0, 128.4, 128.6, 12.3, 794.8]",None,0.0,OK,None,7,24513,"[1, 1, 1, 1, 1, 1, 1, 1, 1]"
1866809,8462284S00,"[59, 3]","[277, 20]",00:43:20,20260417,0.0,10825,"[12.3, 127.9, 129.2, 128.2, 128.6, 128.4, 128.2, 12.3, 795.1]",None,0.0,OK,None,7,24513,"[1, 1, 1, 1, 1, 1, 1, 1, 1]"
1866808,8462284S00,"[58, 3]","[276, 20]",00:41:12,20260417,0.0,10825,"[12.4, 127.4, 128.7, 127.4, 129.2, 128.4, 128.4, 12.4, 794.4]",None,0.0,OK,None,7,24513,"[1, 1, 1, 1, 1, 1, 1, 1, 1]"
1866807,8462284S00,"[57, 3]","[275, 20]",00:40:36,20260417,0.0,10825,"[12.4, 127.9, 128.9, 127.4, 128.9, 128.6, 128.2, 11.9, 794.2]",None,0.0,OK,None,7,24513,"[1, 1, 1, 1, 1, 1, 1, 1, 1]"
1866806,8462284S00,"[56, 3]","[274, 20]",00:40:07,20260417,0.0,10825,"[12.4, 128.1, 128.9, 127.6, 128.6, 128.9, 128.1, 12.3, 794.7]",None,0.0,OK,None,7,24513,"[1, 1, 1, 1, 1, 1, 1, 1, 1]"
1866805,8462284S00,"[55, 3]","[273, 20]",00:39:28,20260417,0.0,10825,"[12.5, 128.0, 128.6, 127.4, 128.9, 128.6, 128.2, 12.1, 794.2]",None,0.0,OK,None,7,24513,"[1, 1, 1, 1, 1, 1, 1, 1, 1]"
1866804,8462284S00,"[54, 3]","[272, 20]",00:38:51,20260417,0.0,10825,"[12.7, 127.8, 129.2, 128.4, 128.4, 128.6, 127.9, 12.5, 795.4]",None,0.0,OK,None,7,24513,"[1, 1, 1, 1, 1, 1, 1, 1, 1]"
1866803,8462284S00,"[53, 3]","[271, 20]",00:36:57,20260417,0.0,10825,"[12.6, 127.9, 129.0, 127.4, 128.6, 128.4, 128.2, 12.5, 794.6]",None,0.0,OK,None,7,24513,"[1, 1, 1, 1, 1, 1, 1, 1, 1]"
1866802,8462284S00,"[52, 3]","[270, 20]",00:33:57,20260417,0.0,10825,"[12.8, 127.6, 129.0, 127.3, 129.2, 128.4, 128.4, 12.2, 795.0]",None,0.0,OK,None,7,24513,"[1, 1, 1, 1, 1, 1, 1, 1, 1]"
1866801,8462284S00,"[51, 3]","[269, 20]",00:33:26,20260417,0.0,10825,"[12.5, 127.8, 128.7, 127.6, 129.4, 128.4, 128.1, 12.0, 794.4]",None,0.0,OK,None,7,24513,"[1, 1, 1, 1, 1, 1, 1, 1, 1]"
1866800,8462284S00,"[50, 3]","[268, 20]",00:32:57,20260417,0.0,10825,"[12.1, 127.9, 128.7, 127.6, 129.0, 128.2, 128.2, 12.3, 794.1]",None,0.0,OK,None,7,24513,"[1, 1, 1, 1, 1, 1, 1, 1, 1]"
1866799,8462284S00,"[49, 3]","[267, 20]",00:32:22,20260417,0.0,10825,"[12.5, 127.9, 128.4, 127.9, 128.4, 128.6, 127.8, 12.8, 794.2]",None,0.0,OK,None,7,24513,"[1, 1, 1, 1, 1, 1, 1, 1, 1]"
1866798,8462284S00,"[48, 3]","[266, 20]",00:32:17,20260417,0.0,10825,"[0, 0, 0, 0, 0, 0, 0, 0, 0]",None,0.0,NG,PART NOT FOUND,7,24513,"[0, 0, 0, 0, 0, 0, 0, 0, 0]"
1866797,8462284S00,"[48, 2]","[266, 19]",00:31:45,20260417,0.0,10825,"[12.6, 127.5, 128.9, 127.6, 128.7, 128.6, 128.2, 12.3, 794.4]",None,0.0,OK,None,7,24513,"[1, 1, 1, 1, 1, 1, 1, 1, 1]"
1866796,8462284S00,"[47, 2]","[265, 19]",00:31:13,20260417,0.0,10825,"[12.3, 128.3, 129.0, 126.8, 128.9, 128.7, 127.9, 12.6, 794.5]",None,0.0,OK,None,7,24513,"[1, 1, 1, 1, 1, 1, 1, 1, 1]"
1866795,8462284S00,"[46, 2]","[264, 19]",00:30:38,20260417,0.0,10825,"[12.4, 127.8, 128.7, 127.3, 128.6, 128.6, 128.1, 12.1, 793.5]",None,0.0,OK,None,7,24513,"[1, 1, 1, 1, 1, 1, 1, 1, 1]"
1866794,8462284S00,"[45, 2]","[263, 19]",00:30:03,20260417,0.0,10825,"[12.1, 127.9, 128.4, 127.5, 128.6, 128.2, 128.1, 12.6, 793.4]",None,0.0,OK,None,7,24513,"[1, 1, 1, 1, 1, 1, 1, 1, 1]"
1866793,8462284S00,"[44, 2]","[262, 19]",00:29:11,20260417,0.0,10825,"[12.5, 127.8, 128.6, 128.7, 127.4, 128.4, 127.9, 12.4, 793.7]",None,0.0,OK,None,7,24513,"[1, 1, 1, 1, 1, 1, 1, 1, 1]"
1866792,8462284S00,"[43, 2]","[261, 19]",00:28:43,20260417,0.0,10825,"[12.7, 127.9, 128.6, 128.9, 127.1, 128.4, 127.9, 12.0, 793.6]",None,0.0,OK,None,7,24513,"[1, 1, 1, 1, 1, 1, 1, 1, 1]"
1866791,8462284S00,"[42, 2]","[260, 19]",00:27:21,20260417,0.0,10825,"[12.7, 128.1, 129.0, 127.3, 129.2, 128.7, 127.8, 12.3, 795.2]",None,0.0,OK,None,7,24513,"[1, 1, 1, 1, 1, 1, 1, 1, 1]"
1866790,8462284S00,"[41, 2]","[259, 19]",00:26:53,20260417,0.0,10825,"[12.8, 127.8, 128.6, 129.0, 127.3, 128.9, 127.9, 12.5, 794.7]",None,0.0,OK,None,7,24513,"[1, 1, 1, 1, 1, 1, 1, 1, 1]"
1866789,8462284S00,"[40, 2]","[258, 19]",00:26:22,20260417,0.0,10825,"[12.9, 127.8, 128.9, 127.6, 128.2, 128.6, 128.1, 12.4, 794.4]",None,0.0,OK,None,7,24513,"[1, 1, 1, 1, 1, 1, 1, 1, 1]"
1866788,8462284S00,"[39, 2]","[257, 19]",00:25:54,20260417,0.0,10825,"[12.1, 127.8, 128.6, 127.6, 128.4, 128.7, 127.9, 12.8, 793.9]",None,0.0,OK,None,7,24513,"[1, 1, 1, 1, 1, 1, 1, 1, 1]"
1866787,8462284S00,"[38, 2]","[256, 19]",00:25:27,20260417,0.0,10825,"[12.4, 127.9, 128.7, 128.2, 128.4, 128.2, 127.8, 12.7, 794.4]",None,0.0,OK,None,7,24513,"[1, 1, 1, 1, 1, 1, 1, 1, 1]"
1866786,8462284S00,"[37, 2]","[255, 19]",00:24:54,20260417,0.0,10825,"[12.2, 127.9, 128.8, 128.1, 128.7, 128.7, 128.1, 12.4, 794.9]",None,0.0,OK,None,7,24513,"[1, 1, 1, 1, 1, 1, 1, 1, 1]"
1866785,8462284S00,"[36, 2]","[254, 19]",00:24:45,20260417,0.0,10825,"[0, 0, 0, 0, 0, 0, 0, 0, 0]",None,0.0,NG,PART IS NOT FOUND,7,24513,"[0, 0, 0, 0, 0, 0, 0, 0, 0]"
1866784,8462284S00,"[36, 1]","[254, 18]",00:24:20,20260417,0.0,10825,"[12.3, 127.6, 128.9, 129.1, 127.3, 128.6, 128.1, 12.5, 794.3]",None,0.0,OK,None,7,24513,"[1, 1, 1, 1, 1, 1, 1, 1, 1]"
1866783,8462284S00,"[35, 1]","[253, 18]",00:23:55,20260417,0.0,10825,"[12.5, 127.4, 128.4, 128.2, 127.6, 128.2, 128.4, 12.1, 793.0]",None,0.0,OK,None,7,24513,"[1, 1, 1, 1, 1, 1, 1, 1, 1]"
1866782,8462284S00,"[34, 1]","[252, 18]",00:23:28,20260417,0.0,10825,"[12.5, 128.0, 128.9, 127.8, 128.6, 128.7, 127.8, 12.1, 794.4]",None,0.0,OK,None,7,24513,"[1, 1, 1, 1, 1, 1, 1, 1, 1]"
1866781,8462284S00,"[33, 1]","[251, 18]",00:23:00,20260417,0.0,10825,"[12.5, 127.8, 129.2, 127.2, 128.7, 128.9, 128.1, 12.1, 794.4]",None,0.0,OK,None,7,24513,"[1, 1, 1, 1, 1, 1, 1, 1, 1]"
1866780,8462284S00,"[32, 1]","[250, 18]",00:21:54,20260417,0.0,10825,"[12.1, 128.0, 129.2, 128.6, 127.0, 128.4, 128.1, 12.1, 793.4]",None,0.0,OK,None,7,24513,"[1, 1, 1, 1, 1, 1, 1, 1, 1]"
1866779,8462284S00,"[31, 1]","[249, 18]",00:21:21,20260417,0.0,10825,"[12.7, 128.1, 128.4, 127.0, 128.7, 128.6, 128.1, 12.3, 793.8]",None,0.0,OK,None,7,24513,"[1, 1, 1, 1, 1, 1, 1, 1, 1]"
1866778,8462284S00,"[30, 1]","[248, 18]",00:20:47,20260417,0.0,10825,"[12.4, 127.6, 129.0, 127.4, 129.4, 128.7, 127.9, 12.2, 794.7]",None,0.0,OK,None,7,24513,"[1, 1, 1, 1, 1, 1, 1, 1, 1]"
1866777,8462284S00,"[29, 1]","[247, 18]",00:20:17,20260417,0.0,10825,"[12.6, 127.4, 128.7, 127.3, 128.7, 128.2, 128.1, 12.6, 793.7]",None,0.0,OK,None,7,24513,"[1, 1, 1, 1, 1, 1, 1, 1, 1]"
1866776,8462284S00,"[28, 1]","[246, 18]",00:20:10,20260417,0.0,10825,"[0, 0, 0, 0, 0, 0, 0, 0, 0]",None,0.0,NG,NUMBER OF CLIP MISMATCH,7,24513,"[0, 0, 0, 0, 0, 0, 0, 0, 0]"
1866775,8462284S00,"[28, 0]","[246, 17]",00:19:36,20260417,0.0,10825,"[12.4, 127.8, 128.6, 127.6, 128.9, 128.4, 127.8, 12.6, 793.9]",None,0.0,OK,None,7,24513,"[1, 1, 1, 1, 1, 1, 1, 1, 1]"
1866774,8462284S00,"[27, 0]","[245, 17]",00:19:03,20260417,0.0,10825,"[12.1, 128.1, 128.9, 128.1, 128.6, 128.4, 127.8, 12.2, 794.0]",None,0.0,OK,None,7,24513,"[1, 1, 1, 1, 1, 1, 1, 1, 1]"
1866773,8462284S00,"[26, 0]","[244, 17]",00:18:26,20260417,0.0,10825,"[12.5, 128.1, 128.6, 127.6, 129.2, 128.1, 127.9, 12.6, 794.6]",None,0.0,OK,None,7,24513,"[1, 1, 1, 1, 1, 1, 1, 1, 1]"
1866772,8462284S00,"[25, 0]","[243, 17]",00:17:56,20260417,0.0,10825,"[12.4, 127.7, 129.1, 128.3, 128.6, 128.7, 128.1, 11.7, 794.5]",None,0.0,OK,None,7,24513,"[1, 1, 1, 1, 1, 1, 1, 1, 1]"
1866771,8462284S00,"[24, 0]","[242, 17]",00:17:27,20260417,0.0,10825,"[12.3, 127.9, 128.9, 127.8, 129.0, 128.7, 128.1, 12.2, 794.9]",None,0.0,OK,None,7,24513,"[1, 1, 1, 1, 1, 1, 1, 1, 1]"
1866770,8462284S00,"[23, 0]","[241, 17]",00:16:52,20260417,0.0,10825,"[12.5, 127.6, 129.2, 127.5, 127.9, 128.4, 127.8, 12.4, 793.3]",None,0.0,OK,None,7,24513,"[1, 1, 1, 1, 1, 1, 1, 1, 1]"
1866769,8462284S00,"[22, 0]","[240, 17]",00:15:39,20260417,0.0,10825,"[12.3, 127.9, 128.7, 127.6, 128.9, 128.4, 127.9, 12.4, 794.1]",None,0.0,OK,None,7,24513,"[1, 1, 1, 1, 1, 1, 1, 1, 1]"
1866768,8462284S00,"[21, 0]","[239, 17]",00:15:02,20260417,0.0,10825,"[12.6, 127.6, 128.7, 127.8, 128.7, 128.2, 127.9, 12.5, 794.0]",None,0.0,OK,None,7,24513,"[1, 1, 1, 1, 1, 1, 1, 1, 1]"
1866767,8462284S00,"[20, 0]","[238, 17]",00:12:18,20260417,0.0,10825,"[13.0, 128.2, 128.6, 127.4, 129.0, 128.1, 128.2, 13.0, 795.6]",None,0.0,OK,None,7,24513,"[1, 1, 1, 1, 1, 1, 1, 1, 1]"
1866766,8462284S00,"[19, 0]","[237, 17]",00:11:43,20260417,0.0,10825,"[12.5, 127.9, 129.0, 127.3, 129.2, 128.7, 128.4, 12.3, 795.4]",None,0.0,OK,None,7,24513,"[1, 1, 1, 1, 1, 1, 1, 1, 1]"
1866765,8462284S00,"[18, 0]","[236, 17]",00:11:14,20260417,0.0,10825,"[12.4, 127.9, 128.4, 127.4, 128.9, 127.6, 128.7, 11.9, 793.2]",None,0.0,OK,None,7,24513,"[1, 1, 1, 1, 1, 1, 1, 1, 1]"
1866764,8462284S00,"[17, 0]","[235, 17]",00:10:32,20260417,0.0,10825,"[12.8, 128.1, 129.0, 127.6, 128.2, 128.3, 128.4, 12.3, 794.7]",None,0.0,OK,None,7,24513,"[1, 1, 1, 1, 1, 1, 1, 1, 1]"
1866763,8462284S00,"[16, 0]","[234, 17]",00:10:03,20260417,0.0,10825,"[12.1, 127.8, 129.0, 127.8, 128.7, 128.6, 127.9, 12.8, 794.7]",None,0.0,OK,None,7,24513,"[1, 1, 1, 1, 1, 1, 1, 1, 1]"
1866762,8462284S00,"[15, 0]","[233, 17]",00:09:30,20260417,0.0,10825,"[12.5, 127.6, 128.7, 128.9, 127.3, 128.6, 128.2, 12.5, 794.2]",None,0.0,OK,None,7,24513,"[1, 1, 1, 1, 1, 1, 1, 1, 1]"
1866761,8462284S00,"[14, 0]","[232, 17]",00:09:01,20260417,0.0,10825,"[12.5, 127.9, 128.7, 128.1, 128.6, 128.2, 128.4, 12.3, 794.7]",None,0.0,OK,None,7,24513,"[1, 1, 1, 1, 1, 1, 1, 1, 1]"
1866760,8462284S00,"[13, 0]","[231, 17]",00:07:56,20260417,0.0,10825,"[12.2, 127.8, 129.0, 127.6, 128.7, 128.4, 128.1, 12.4, 794.3]",None,0.0,OK,None,7,24513,"[1, 1, 1, 1, 1, 1, 1, 1, 1]"
1866759,8462284S00,"[12, 0]","[230, 17]",00:07:26,20260417,0.0,10825,"[12.6, 127.8, 129.1, 127.7, 128.6, 128.6, 128.1, 12.2, 794.6]",None,0.0,OK,None,7,24513,"[1, 1, 1, 1, 1, 1, 1, 1, 1]"
1866758,8462284S00,"[11, 0]","[229, 17]",00:06:55,20260417,0.0,10825,"[12.6, 127.6, 128.4, 128.9, 127.8, 128.6, 128.1, 12.3, 794.2]",None,0.0,OK,None,7,24513,"[1, 1, 1, 1, 1, 1, 1, 1, 1]"
1866757,8462284S00,"[10, 0]","[228, 17]",00:06:27,20260417,0.0,10825,"[12.6, 127.3, 128.6, 128.7, 127.8, 128.6, 128.1, 12.6, 794.2]",None,0.0,OK,None,7,24513,"[1, 1, 1, 1, 1, 1, 1, 1, 1]"
1866756,8462284S00,"[9, 0]","[227, 17]",00:05:58,20260417,0.0,10825,"[12.4, 127.9, 128.9, 128.2, 129.0, 128.2, 128.1, 12.3, 795.1]",None,0.0,OK,None,7,24513,"[1, 1, 1, 1, 1, 1, 1, 1, 1]"
1866755,8462284S00,"[8, 0]","[226, 17]",00:05:15,20260417,0.0,10825,"[12.1, 128.1, 128.7, 127.1, 128.9, 128.4, 127.9, 12.5, 793.7]",None,0.0,OK,None,7,24513,"[1, 1, 1, 1, 1, 1, 1, 1, 1]"
1866754,8462284S00,"[7, 0]","[225, 17]",00:04:13,20260417,0.0,10825,"[12.3, 127.4, 128.7, 127.1, 129.5, 128.7, 128.6, 12.5, 794.9]",None,0.0,OK,None,7,24513,"[1, 1, 1, 1, 1, 1, 1, 1, 1]"
1866753,8462284S00,"[6, 0]","[224, 17]",00:03:37,20260417,0.0,10825,"[12.4, 127.5, 128.9, 127.1, 128.9, 128.6, 128.1, 12.2, 793.7]",None,0.0,OK,None,7,24513,"[1, 1, 1, 1, 1, 1, 1, 1, 1]"
1866752,8462284S00,"[5, 0]","[223, 17]",00:03:02,20260417,0.0,10825,"[12.9, 128.1, 129.0, 127.9, 128.4, 128.2, 128.1, 12.4, 795.0]",None,0.0,OK,None,7,24513,"[1, 1, 1, 1, 1, 1, 1, 1, 1]"
1866751,8462284S00,"[4, 0]","[222, 17]",00:02:34,20260417,0.0,10825,"[12.6, 127.6, 128.7, 128.2, 128.6, 128.2, 128.1, 12.3, 794.3]",None,0.0,OK,None,7,24513,"[1, 1, 1, 1, 1, 1, 1, 1, 1]"
1866750,8462284S00,"[3, 0]","[221, 17]",00:02:05,20260417,0.0,10825,"[12.5, 127.7, 129.1, 127.5, 128.4, 128.5, 128.4, 12.4, 794.3]",None,0.0,OK,None,7,24513,"[1, 1, 1, 1, 1, 1, 1, 1, 1]"
1866749,8462284S00,"[2, 0]","[220, 17]",00:00:35,20260417,0.0,10825,"[12.3, 127.6, 128.9, 127.8, 128.2, 128.7, 128.6, 12.3, 794.4]",None,0.0,OK,None,7,24513,"[1, 1, 1, 1, 1, 1, 1, 1, 1]"
1866748,8462284S00,"[1, 0]","[219, 17]",00:00:06,20260417,0.0,10825,"[12.3, 127.8, 128.7, 127.4, 128.7, 128.4, 127.9, 12.6, 793.8]",None,0.0,OK,None,7,24513,"[1, 1, 1, 1, 1, 1, 1, 1, 1]"
